--
-- PostgreSQL database dump
--

\restrict cmPfic9Gc2pVrzhORQdrHxKZ4f72WlUVR6CoLcxUIsBeijhT9u9z8mc1RigiTeJ

-- Dumped from database version 16.14 (Ubuntu 16.14-0ubuntu0.24.04.1)
-- Dumped by pg_dump version 16.14 (Ubuntu 16.14-0ubuntu0.24.04.1)

SET statement_timeout = 0;
SET lock_timeout = 0;
SET idle_in_transaction_session_timeout = 0;
SET client_encoding = 'UTF8';
SET standard_conforming_strings = on;
SELECT pg_catalog.set_config('search_path', '', false);
SET check_function_bodies = false;
SET xmloption = content;
SET client_min_messages = warning;
SET row_security = off;

SET default_tablespace = '';

SET default_table_access_method = heap;

--
-- Name: Brand; Type: TABLE; Schema: public; Owner: price_user
--

CREATE TABLE public."Brand" (
    id text NOT NULL,
    name text NOT NULL
);


ALTER TABLE public."Brand" OWNER TO price_user;

--
-- Name: DeviceType; Type: TABLE; Schema: public; Owner: price_user
--

CREATE TABLE public."DeviceType" (
    id text NOT NULL,
    name text NOT NULL
);


ALTER TABLE public."DeviceType" OWNER TO price_user;

--
-- Name: Model; Type: TABLE; Schema: public; Owner: price_user
--

CREATE TABLE public."Model" (
    id text NOT NULL,
    name text NOT NULL,
    "brandId" text NOT NULL,
    "deviceTypeId" text NOT NULL
);


ALTER TABLE public."Model" OWNER TO price_user;

--
-- Name: PartCategory; Type: TABLE; Schema: public; Owner: price_user
--

CREATE TABLE public."PartCategory" (
    id text NOT NULL,
    name text NOT NULL
);


ALTER TABLE public."PartCategory" OWNER TO price_user;

--
-- Name: Price; Type: TABLE; Schema: public; Owner: price_user
--

CREATE TABLE public."Price" (
    id text NOT NULL,
    "modelId" text NOT NULL,
    "partCategoryId" text NOT NULL,
    "copy2Price" integer,
    "copy1Price" integer,
    "originalPrice" integer,
    notes text,
    "updatedAt" timestamp(3) without time zone NOT NULL,
    "createdAt" timestamp(3) without time zone DEFAULT CURRENT_TIMESTAMP NOT NULL
);


ALTER TABLE public."Price" OWNER TO price_user;

--
-- Name: User; Type: TABLE; Schema: public; Owner: price_user
--

CREATE TABLE public."User" (
    id text NOT NULL,
    email text NOT NULL,
    password text NOT NULL,
    name text,
    "isAdmin" boolean DEFAULT false NOT NULL,
    "createdAt" timestamp(3) without time zone DEFAULT CURRENT_TIMESTAMP NOT NULL
);


ALTER TABLE public."User" OWNER TO price_user;

--
-- Data for Name: Brand; Type: TABLE DATA; Schema: public; Owner: price_user
--

COPY public."Brand" (id, name) FROM stdin;
6ebdaf7d-fe6e-4f62-b798-da9088773b46	سرفیس
35b5be13-59a3-4b30-9c12-198df7f21a14	ایسوس
b9760f19-539e-4986-8290-355d5ead3494	ای یی تل
f52a6336-bce6-4556-b2bf-c1a16803257c	بلک بری
f6985faf-c878-4ca4-8283-f93f44fc3343	سونی
0a2fef89-7576-44b6-b77b-a0f5cb9e14da	آنر
0c61da91-cfda-405a-8f81-a6e144138db1	فوجیتسو
abc8b458-5a36-4a94-aa3d-859ae13c7e5a	وکال
0fab1028-3ea2-4805-9159-4bbca8800346	SOUNDPEATS
72ce1404-0d9a-4d06-8aee-01b2450a1a0f	کت
f2337673-7381-4cb3-87a3-eda8d08fb6fb	موتورولا
2e8da2f9-2e3b-4c2a-95c3-72fcdd5cc9b0	ام اس آی
2cb75c5e-1b46-4220-a5bf-c523c81d9baa	دل
906a65af-a1e3-47e4-a7a2-6f12cea5f4a7	هواوی
cf328c7c-2627-4763-a525-6a133402d8ce	ویوو
e078e15a-1f34-4c78-95f7-bc6d2365c53f	اپل
e704770f-cdbd-4b9b-80a1-06c251f71cdd	Helios 300
5880d28f-9587-4266-881e-821aa78603e7	شیائومی
3f7e036e-e307-4967-97ea-9b6b3f1f4a7f	اچ تی سی
f5e98d9d-4c07-47ec-960c-e31590ae563e	گلوریمی
0c4c7b1c-203c-4804-b272-66bd039c6288	ایسر
b9e9cb47-a100-4349-b300-7feba2f54638	مک بوک
424089c4-3e11-4cf8-ad82-37f1aae8f431	سامسونگ
a468b661-cf1d-445b-bf3a-26888d4fe587	ناتینگ فون
33bc9fd8-3883-437d-8983-845bf49288d2	توشیبا
7bd5ce99-657f-4aad-aef0-65fdf9b62b9a	victus
74f5db46-b909-4575-b00a-e75e6a770c44	ال جی
bde97030-8cd9-4765-9678-c947b6b1fd4e	باسئوس
a95f75d8-c7bc-4765-a93d-58ed809abf6b	گوگل
0a87f047-a86f-4ab1-81bc-c867789a7bfd	هایلو
7ff9f933-1bcf-4d72-bbb6-d34e64329548	ZTE
3bd08f5c-49b4-4f7a-8914-92d93a22f333	اچ پی
08f0f10d-8d93-443e-b78b-a87a2ac03bbe	وان پلاس
a63cda90-6f45-4976-b0ad-e1da2533ea27	اوپو
10ffa809-4b2a-4963-9b23-e394a916bbf7	ورتو
6c7d85d5-a979-4c4e-8351-0abc728e0a5b	امازفیت
5ca53ac8-6429-4064-b4cf-276e74e722c7	ای مک
b7429b3e-e021-45ea-93f7-bb4f0461cf79	نوکیا
712b52d4-ff71-4e28-8eec-5b9a6aebba0d	سنی پی اس 4
f2b5140c-5d3d-4df7-b687-8f5d4ccdeca5	آل این ویر
5ba7cc53-aff9-48f6-8b45-f8bed4deac4f	ریلمی
40c633db-a833-4baf-bfda-f7ac7cdfbb4a	لنوو
bcc20fc0-f3dd-487a-8949-18662a8e294c	گارمین
a08d580f-d3b7-40ae-953f-23d5dfa3b527	فیت ویت
558818af-b108-47bc-ba3a-93d3735f50a8	انر
67ec8f98-28b7-43b1-b3f0-2279bcadcf12	تکنو
76834d59-5f19-4bc9-ab5f-0ad336d39f7a	XIAOMI
\.


--
-- Data for Name: DeviceType; Type: TABLE DATA; Schema: public; Owner: price_user
--

COPY public."DeviceType" (id, name) FROM stdin;
84d7ecec-46f4-422e-9519-6a0160159464	هندزفری بی سیم
117f4ed0-32c7-4d4d-918e-f42b876f8f0b	کنسول بازی
15e8174e-9065-4a63-ac59-d44d49136a86	هندزفری بلوتوثی
c0371f6a-48c9-4b37-9f4e-28f759a789ea	پمپ باد
5b1ed3c3-b2ac-4d42-8c59-3e0d5c2b1828	ساعت
dc768865-4091-447a-b080-914782467863	انروید باکس
8b436b8d-088a-430c-a72e-bd216804f246	تبلت
8226724d-9267-462d-9f1d-081c83e4f939	آل این وان
77093a0b-a850-4359-a4fd-b20619b9be56	جارو رباتیک
45aab642-8569-4523-ae42-345b062be7aa	کیس
16471db2-4f70-48ba-9fb2-d552f92d5130	دسته بازی
5e6a9b2d-d0fc-49bc-82ee-cf90764c0f80	لپ تاپ
f6d2d95e-06af-4e7d-8b30-e12b8af28542	موبایل
35282352-c830-402d-b440-d9961a67535c	مودم
6dc6cbd4-6094-47d5-bfaa-2d7fedb3a715	مانیتور
211d8f23-774e-4d3b-928f-46d3e723d0c1	ایرپاد
920a20a7-1803-4eb1-9f79-e8e53903da40	تلویزیون
\.


--
-- Data for Name: Model; Type: TABLE DATA; Schema: public; Owner: price_user
--

COPY public."Model" (id, name, "brandId", "deviceTypeId") FROM stdin;
fc6f66fb-a544-4405-acbf-cb8968181c50	xiaomi 11t	5880d28f-9587-4266-881e-821aa78603e7	f6d2d95e-06af-4e7d-8b30-e12b8af28542
477241a6-0cf8-4258-8353-eb4324588731	Moto G52	f2337673-7381-4cb3-87a3-eda8d08fb6fb	f6d2d95e-06af-4e7d-8b30-e12b8af28542
9fb8789b-4d0c-4895-bc6f-bbac67632571	HONOR View 20	906a65af-a1e3-47e4-a7a2-6f12cea5f4a7	f6d2d95e-06af-4e7d-8b30-e12b8af28542
afef25dc-bb55-447d-b716-ef78f6402e05	G814J	35b5be13-59a3-4b30-9c12-198df7f21a14	5e6a9b2d-d0fc-49bc-82ee-cf90764c0f80
c5b4f615-30ec-4ba1-b541-b9e1128e379e	Galaxy S21 5G	424089c4-3e11-4cf8-ad82-37f1aae8f431	f6d2d95e-06af-4e7d-8b30-e12b8af28542
02b383d7-dd2f-4345-a6eb-1688307ad01a	G73G	35b5be13-59a3-4b30-9c12-198df7f21a14	5e6a9b2d-d0fc-49bc-82ee-cf90764c0f80
8aa379dc-acab-4c08-8c53-55a102978e14	Poco X3 Pro	5880d28f-9587-4266-881e-821aa78603e7	f6d2d95e-06af-4e7d-8b30-e12b8af28542
383a0f2d-b21a-4d2e-8d7a-96fcce70fd4d	Huawei Y6 3g	906a65af-a1e3-47e4-a7a2-6f12cea5f4a7	f6d2d95e-06af-4e7d-8b30-e12b8af28542
5efb4d5b-91d0-480f-a82d-aeb7db6f8daa	Galaxy Tab A7	424089c4-3e11-4cf8-ad82-37f1aae8f431	8b436b8d-088a-430c-a72e-bd216804f246
9596acea-546c-44ea-8817-24b44137f7c6	8 PLUSE	e078e15a-1f34-4c78-95f7-bc6d2365c53f	f6d2d95e-06af-4e7d-8b30-e12b8af28542
032021c8-0c59-40e7-b04c-b71f019056d5	ROG Cetra True	35b5be13-59a3-4b30-9c12-198df7f21a14	84d7ecec-46f4-422e-9519-6a0160159464
7b1cf0d8-3d71-45e5-92a3-48e057566fc6	ROG Cetra True	35b5be13-59a3-4b30-9c12-198df7f21a14	211d8f23-774e-4d3b-928f-46d3e723d0c1
1b603a7b-be7a-4c61-af14-c20ec81f534d	rog	35b5be13-59a3-4b30-9c12-198df7f21a14	211d8f23-774e-4d3b-928f-46d3e723d0c1
f5db5fd4-f91b-473b-8549-2efbbd241ef1	7 PLUS	b7429b3e-e021-45ea-93f7-bb4f0461cf79	f6d2d95e-06af-4e7d-8b30-e12b8af28542
051dab3f-3055-4104-b79e-70a5ab70e770	POCO F3 5G	5880d28f-9587-4266-881e-821aa78603e7	f6d2d95e-06af-4e7d-8b30-e12b8af28542
74ea05fc-7500-4598-a946-6dd5e2d0678d	Galaxy A13	424089c4-3e11-4cf8-ad82-37f1aae8f431	f6d2d95e-06af-4e7d-8b30-e12b8af28542
daaf7ae5-35f2-4785-aa65-3942c00b2c79	A2681	e078e15a-1f34-4c78-95f7-bc6d2365c53f	5e6a9b2d-d0fc-49bc-82ee-cf90764c0f80
721d7f6b-3c32-4cc3-a164-d773fd31549e	Xiaomi 14TI	5880d28f-9587-4266-881e-821aa78603e7	f6d2d95e-06af-4e7d-8b30-e12b8af28542
667fc542-d73c-46d2-9219-f53ee9447f04	V241E	35b5be13-59a3-4b30-9c12-198df7f21a14	6dc6cbd4-6094-47d5-bfaa-2d7fedb3a715
f9a77162-7c92-44e4-9ab3-60c89c119a9c	Nexus	f2337673-7381-4cb3-87a3-eda8d08fb6fb	f6d2d95e-06af-4e7d-8b30-e12b8af28542
b61b2831-33e4-4d22-bfc6-ff9db975fced	NOVA 5T	906a65af-a1e3-47e4-a7a2-6f12cea5f4a7	f6d2d95e-06af-4e7d-8b30-e12b8af28542
c82a0c34-421c-4499-b8a7-bda8d3ce634b	FLMH-X	906a65af-a1e3-47e4-a7a2-6f12cea5f4a7	5e6a9b2d-d0fc-49bc-82ee-cf90764c0f80
dae70e5d-a34a-4788-814e-71328f2d8b4d	S1	5880d28f-9587-4266-881e-821aa78603e7	5b1ed3c3-b2ac-4d42-8c59-3e0d5c2b1828
1a68b9eb-4e9b-4bcb-b292-22fb551e4c23	VX5-591G	0c4c7b1c-203c-4804-b272-66bd039c6288	5e6a9b2d-d0fc-49bc-82ee-cf90764c0f80
74899354-163b-4669-992b-8c4a05494e7b	FL8000U	35b5be13-59a3-4b30-9c12-198df7f21a14	5e6a9b2d-d0fc-49bc-82ee-cf90764c0f80
d81f0a9c-ac3c-4cfc-9300-caa2ad948da8	IDEAPAD L3 15IML05	40c633db-a833-4baf-bfda-f7ac7cdfbb4a	8b436b8d-088a-430c-a72e-bd216804f246
dd2df0c7-60a7-4d81-a99e-c2a51b8d9e3f	SOUNDPEATS1	0fab1028-3ea2-4805-9159-4bbca8800346	211d8f23-774e-4d3b-928f-46d3e723d0c1
53001eb0-0a75-489d-9ddf-9dd562635029	Galaxy A7 2017	424089c4-3e11-4cf8-ad82-37f1aae8f431	f6d2d95e-06af-4e7d-8b30-e12b8af28542
65439850-6cb7-4aea-a7e6-7168deb0f1cd	edge 20poro	f2337673-7381-4cb3-87a3-eda8d08fb6fb	f6d2d95e-06af-4e7d-8b30-e12b8af28542
0e88319d-4ca0-4315-a67f-fe83dd92c4cf	N560ngw	35b5be13-59a3-4b30-9c12-198df7f21a14	5e6a9b2d-d0fc-49bc-82ee-cf90764c0f80
436f198e-2cb0-4993-a4a3-221ee6431096	jdn2l09	906a65af-a1e3-47e4-a7a2-6f12cea5f4a7	8b436b8d-088a-430c-a72e-bd216804f246
a64c1c3a-4ebc-4880-a58a-89ec40258508	GTS2E	6c7d85d5-a979-4c4e-8351-0abc728e0a5b	5b1ed3c3-b2ac-4d42-8c59-3e0d5c2b1828
ab08d71f-b886-4b55-a7bd-dbd0d4af4fa5	VOSTRO-1500	2cb75c5e-1b46-4220-a5bf-c523c81d9baa	5e6a9b2d-d0fc-49bc-82ee-cf90764c0f80
c031a0c7-147d-42ec-803c-55c74fb6b56c	Redmi A3x	5880d28f-9587-4266-881e-821aa78603e7	f6d2d95e-06af-4e7d-8b30-e12b8af28542
277ec806-23b3-4f33-9b89-b4db9da6c311	SM-G920FD	424089c4-3e11-4cf8-ad82-37f1aae8f431	f6d2d95e-06af-4e7d-8b30-e12b8af28542
0da6b4c0-3a43-4d63-8cdf-153767844cac	SM-G955FD	424089c4-3e11-4cf8-ad82-37f1aae8f431	f6d2d95e-06af-4e7d-8b30-e12b8af28542
4db1a37f-5605-42d7-bd53-7b4d138437f8	razar	f2337673-7381-4cb3-87a3-eda8d08fb6fb	f6d2d95e-06af-4e7d-8b30-e12b8af28542
dca39ada-f2fc-4b54-8ff5-058580783f19	G531H	424089c4-3e11-4cf8-ad82-37f1aae8f431	f6d2d95e-06af-4e7d-8b30-e12b8af28542
5cf8c209-4cf3-4460-936a-1cfd64474f27	A14	424089c4-3e11-4cf8-ad82-37f1aae8f431	f6d2d95e-06af-4e7d-8b30-e12b8af28542
d9af6faf-a7d7-46fd-ae4f-14e989281118	Galaxy Tab 2	424089c4-3e11-4cf8-ad82-37f1aae8f431	8b436b8d-088a-430c-a72e-bd216804f246
da38586d-2f75-4c50-8f45-4c2f0f172aa5	A2634	e078e15a-1f34-4c78-95f7-bc6d2365c53f	f6d2d95e-06af-4e7d-8b30-e12b8af28542
2f3b1ca6-bc6e-4fca-9d35-01d33c275d29	A2111	e078e15a-1f34-4c78-95f7-bc6d2365c53f	f6d2d95e-06af-4e7d-8b30-e12b8af28542
5918b83a-2926-45c0-9240-096de8ff7fd8	A1779	e078e15a-1f34-4c78-95f7-bc6d2365c53f	f6d2d95e-06af-4e7d-8b30-e12b8af28542
b1dd25eb-4083-43a6-b3e5-8facf5c2d03a	A2223	e078e15a-1f34-4c78-95f7-bc6d2365c53f	f6d2d95e-06af-4e7d-8b30-e12b8af28542
5ff38bca-fff5-4806-9808-9fad88078712	A2176	e078e15a-1f34-4c78-95f7-bc6d2365c53f	f6d2d95e-06af-4e7d-8b30-e12b8af28542
a55e3601-0c2d-4221-96f4-ca90e8647b82	Poco F4 5g	5880d28f-9587-4266-881e-821aa78603e7	f6d2d95e-06af-4e7d-8b30-e12b8af28542
358a2a75-a7f3-402a-ada9-35480f856be9	Xiaomi Redmi 15	5880d28f-9587-4266-881e-821aa78603e7	f6d2d95e-06af-4e7d-8b30-e12b8af28542
dca7d39b-fe21-4bcb-bf24-be7d3cd42e23	518129prc	906a65af-a1e3-47e4-a7a2-6f12cea5f4a7	f6d2d95e-06af-4e7d-8b30-e12b8af28542
851f5890-a69b-4198-85a0-3f44be8e6ad7	12 Pro	5880d28f-9587-4266-881e-821aa78603e7	f6d2d95e-06af-4e7d-8b30-e12b8af28542
01270d7b-6974-41b0-b4b5-6a173a1580a2	a2700	e078e15a-1f34-4c78-95f7-bc6d2365c53f	211d8f23-774e-4d3b-928f-46d3e723d0c1
1ec00891-7b6d-4ea4-ba24-395be69782af	sm r960	424089c4-3e11-4cf8-ad82-37f1aae8f431	5b1ed3c3-b2ac-4d42-8c59-3e0d5c2b1828
951e244b-b374-421e-892f-1701de71980d	sam j610fds	424089c4-3e11-4cf8-ad82-37f1aae8f431	f6d2d95e-06af-4e7d-8b30-e12b8af28542
9eb29659-2f4a-464b-92c8-e1fce123ef6f	Redmi Note 10 pro	5880d28f-9587-4266-881e-821aa78603e7	f6d2d95e-06af-4e7d-8b30-e12b8af28542
6780e858-2ef8-43d8-aefd-9b24b71dedf3	XT-2551-6	f2337673-7381-4cb3-87a3-eda8d08fb6fb	f6d2d95e-06af-4e7d-8b30-e12b8af28542
6e61498d-359d-4829-91ec-26753351268e	A3108	e078e15a-1f34-4c78-95f7-bc6d2365c53f	f6d2d95e-06af-4e7d-8b30-e12b8af28542
73621201-6888-4001-92ed-6eee1255544c	SM-A426	424089c4-3e11-4cf8-ad82-37f1aae8f431	f6d2d95e-06af-4e7d-8b30-e12b8af28542
028847a8-49f3-4f33-a154-0f973d9d699a	CAM-L21	906a65af-a1e3-47e4-a7a2-6f12cea5f4a7	f6d2d95e-06af-4e7d-8b30-e12b8af28542
3b78701b-9d2e-4c99-a497-1d888190cf39	moto g35 5g	f2337673-7381-4cb3-87a3-eda8d08fb6fb	f6d2d95e-06af-4e7d-8b30-e12b8af28542
32c40edc-6f8c-4928-ab47-32744f846ebc	Note 9S	5880d28f-9587-4266-881e-821aa78603e7	f6d2d95e-06af-4e7d-8b30-e12b8af28542
426dac5d-baee-4128-9162-e252ccc398f4	N24Q11	0c4c7b1c-203c-4804-b272-66bd039c6288	5e6a9b2d-d0fc-49bc-82ee-cf90764c0f80
3d89200f-2669-4c09-9dc2-cc6f434476e6	s23ultra	424089c4-3e11-4cf8-ad82-37f1aae8f431	f6d2d95e-06af-4e7d-8b30-e12b8af28542
0b8c0ba5-d9a6-4db8-8d18-9b5cd296dab9	PO Box 12987	424089c4-3e11-4cf8-ad82-37f1aae8f431	f6d2d95e-06af-4e7d-8b30-e12b8af28542
b3b6e132-92f0-448c-bb96-6e288b3b6624	NIC-LX2	906a65af-a1e3-47e4-a7a2-6f12cea5f4a7	f6d2d95e-06af-4e7d-8b30-e12b8af28542
58d6fb1e-dd48-4136-b087-a5815d6554f4	Mate 8	906a65af-a1e3-47e4-a7a2-6f12cea5f4a7	f6d2d95e-06af-4e7d-8b30-e12b8af28542
a735a14d-6e26-4b1e-88e7-2ec9ceb03611	Nova 2 Plus	906a65af-a1e3-47e4-a7a2-6f12cea5f4a7	f6d2d95e-06af-4e7d-8b30-e12b8af28542
e6d26c1a-f039-4ea4-911f-2a9ee5b959ff	S20 FE	424089c4-3e11-4cf8-ad82-37f1aae8f431	f6d2d95e-06af-4e7d-8b30-e12b8af28542
9caa3add-f655-44a9-acec-2536cc98e3b6	A2644	e078e15a-1f34-4c78-95f7-bc6d2365c53f	f6d2d95e-06af-4e7d-8b30-e12b8af28542
e3b20b99-dfd3-4307-bea4-b78d3d932416	2201116sg	5880d28f-9587-4266-881e-821aa78603e7	f6d2d95e-06af-4e7d-8b30-e12b8af28542
77cd7a69-65cd-49ed-8b8c-2da6db0c292c	M2012K11AG	5880d28f-9587-4266-881e-821aa78603e7	f6d2d95e-06af-4e7d-8b30-e12b8af28542
4ae723ba-10f1-488f-947d-a8b983a350a1	XT22031	f2337673-7381-4cb3-87a3-eda8d08fb6fb	f6d2d95e-06af-4e7d-8b30-e12b8af28542
d568ca02-ecb1-4653-9db5-e1641189e980	Xt2073-1	f2337673-7381-4cb3-87a3-eda8d08fb6fb	f6d2d95e-06af-4e7d-8b30-e12b8af28542
08901058-ff6d-4a63-b3d2-eee431b9ca3a	A2733 SEGEN2	e078e15a-1f34-4c78-95f7-bc6d2365c53f	5b1ed3c3-b2ac-4d42-8c59-3e0d5c2b1828
eba4bdb4-d079-4709-b614-e66708f314c3	RTL8822CE	3bd08f5c-49b4-4f7a-8914-92d93a22f333	8226724d-9267-462d-9f1d-081c83e4f939
96f3ee1a-6c80-41c2-bab5-de853ca4c7da	G533Z	35b5be13-59a3-4b30-9c12-198df7f21a14	5e6a9b2d-d0fc-49bc-82ee-cf90764c0f80
fcf60f27-46f9-4b67-9a6b-2efbd44c9561	Moto E5 Plus	f2337673-7381-4cb3-87a3-eda8d08fb6fb	f6d2d95e-06af-4e7d-8b30-e12b8af28542
8b2ec226-1311-4c05-9874-4c65e8982e39	oto E5 Plusm	f2337673-7381-4cb3-87a3-eda8d08fb6fb	f6d2d95e-06af-4e7d-8b30-e12b8af28542
77bd2a7e-30a2-496f-9a93-10467c203e64	KLV-32S310A	f6985faf-c878-4ca4-8283-f93f44fc3343	920a20a7-1803-4eb1-9f79-e8e53903da40
95bd1420-5ca8-4f7c-81e5-57612168f6c5	J6 Plus	424089c4-3e11-4cf8-ad82-37f1aae8f431	f6d2d95e-06af-4e7d-8b30-e12b8af28542
56f0d57e-1251-48b3-92aa-e16234ff7462	Edge40 NEO	f2337673-7381-4cb3-87a3-eda8d08fb6fb	f6d2d95e-06af-4e7d-8b30-e12b8af28542
bc226515-c01b-4e06-8d90-511f5129d645	P30 Lite	906a65af-a1e3-47e4-a7a2-6f12cea5f4a7	f6d2d95e-06af-4e7d-8b30-e12b8af28542
ab85ede9-7815-47cf-bf5b-b1f06604acd3	A1419	5ca53ac8-6429-4064-b4cf-276e74e722c7	8226724d-9267-462d-9f1d-081c83e4f939
15bf7104-a18e-4402-a0ed-aef1f7d2bc75	FNE-NX9	0a2fef89-7576-44b6-b77b-a0f5cb9e14da	f6d2d95e-06af-4e7d-8b30-e12b8af28542
d0e1c160-6361-4390-b55d-b9b7ba24ac9c	Xiaomi 12	5880d28f-9587-4266-881e-821aa78603e7	f6d2d95e-06af-4e7d-8b30-e12b8af28542
101a27dd-59e4-40cc-a783-7480a7b91e7b	watch fit2	906a65af-a1e3-47e4-a7a2-6f12cea5f4a7	5b1ed3c3-b2ac-4d42-8c59-3e0d5c2b1828
bf0a9dc9-94a2-457f-a5de-6a0b97ca2f5c	G14	f2337673-7381-4cb3-87a3-eda8d08fb6fb	f6d2d95e-06af-4e7d-8b30-e12b8af28542
9b31b194-5626-4528-85f9-84070c7698dc	A2639	e078e15a-1f34-4c78-95f7-bc6d2365c53f	f6d2d95e-06af-4e7d-8b30-e12b8af28542
897dca87-878e-43ea-ae94-56d44fb0f221	A6420	35b5be13-59a3-4b30-9c12-198df7f21a14	8226724d-9267-462d-9f1d-081c83e4f939
2aed8cd0-3baa-4863-b3f6-c684d385d0d9	pp42l	2cb75c5e-1b46-4220-a5bf-c523c81d9baa	5e6a9b2d-d0fc-49bc-82ee-cf90764c0f80
da2bfa9d-c62b-45b0-9524-e8d27909de58	A71	5880d28f-9587-4266-881e-821aa78603e7	f6d2d95e-06af-4e7d-8b30-e12b8af28542
d138a467-4356-465d-a9dd-60071e6fe551	MI 14T 5G	5880d28f-9587-4266-881e-821aa78603e7	f6d2d95e-06af-4e7d-8b30-e12b8af28542
6a0d3ed0-d7a0-4a3f-bfec-5548a8859afb	Galaxy S25 Ultra	424089c4-3e11-4cf8-ad82-37f1aae8f431	f6d2d95e-06af-4e7d-8b30-e12b8af28542
5e26c5f7-c466-4ba7-8748-60641692fcc3	Galaxy S25	424089c4-3e11-4cf8-ad82-37f1aae8f431	f6d2d95e-06af-4e7d-8b30-e12b8af28542
29af5f71-8aae-44e0-8641-e3631f067c33	SM-S711B/DS	424089c4-3e11-4cf8-ad82-37f1aae8f431	f6d2d95e-06af-4e7d-8b30-e12b8af28542
14c47e09-83fe-49bf-916d-79ce89ff8530	A31	424089c4-3e11-4cf8-ad82-37f1aae8f431	f6d2d95e-06af-4e7d-8b30-e12b8af28542
902d10f5-d81f-4dd8-977e-cd888f9aef77	XT2087-2	f2337673-7381-4cb3-87a3-eda8d08fb6fb	f6d2d95e-06af-4e7d-8b30-e12b8af28542
e3a3b44c-9561-4b86-aaad-55459917cc49	E5-521-26LT	0c4c7b1c-203c-4804-b272-66bd039c6288	5e6a9b2d-d0fc-49bc-82ee-cf90764c0f80
2becd6de-3d98-4050-8550-6427e4875f42	EDGE-30FUSION	f2337673-7381-4cb3-87a3-eda8d08fb6fb	f6d2d95e-06af-4e7d-8b30-e12b8af28542
d29420c5-4f36-4a21-8799-bb5bceca719f	aspire switch 10	0c4c7b1c-203c-4804-b272-66bd039c6288	5e6a9b2d-d0fc-49bc-82ee-cf90764c0f80
f1799161-5f19-4226-a460-ead006997c54	SM-928U	424089c4-3e11-4cf8-ad82-37f1aae8f431	f6d2d95e-06af-4e7d-8b30-e12b8af28542
6a5b4529-cca9-4448-adb3-ea0d7cf77668	P20 LITE	906a65af-a1e3-47e4-a7a2-6f12cea5f4a7	f6d2d95e-06af-4e7d-8b30-e12b8af28542
f757d22a-3f8c-472d-a330-af8be96ea7b0	POCO PAD	5880d28f-9587-4266-881e-821aa78603e7	8b436b8d-088a-430c-a72e-bd216804f246
e6209eb9-eb4c-419c-b2c0-433c28e69adf	SM-J701F	424089c4-3e11-4cf8-ad82-37f1aae8f431	f6d2d95e-06af-4e7d-8b30-e12b8af28542
0a72f375-c955-46ad-abd1-ba5bbecd2a21	N56U	35b5be13-59a3-4b30-9c12-198df7f21a14	5e6a9b2d-d0fc-49bc-82ee-cf90764c0f80
d38afd8c-2990-4e93-8510-8e426d7a320e	NOKIA 1 PLUS	b7429b3e-e021-45ea-93f7-bb4f0461cf79	f6d2d95e-06af-4e7d-8b30-e12b8af28542
4e8a17d3-3723-49e5-ab88-163dcffcddb7	S5420AP	b7429b3e-e021-45ea-93f7-bb4f0461cf79	f6d2d95e-06af-4e7d-8b30-e12b8af28542
280d6f09-f18d-4dc2-9238-4056cd53e513	A21-S	424089c4-3e11-4cf8-ad82-37f1aae8f431	f6d2d95e-06af-4e7d-8b30-e12b8af28542
0ee94579-1202-436e-93c3-f1fe14ba723c	A3523	e078e15a-1f34-4c78-95f7-bc6d2365c53f	f6d2d95e-06af-4e7d-8b30-e12b8af28542
9852999a-4b18-42b0-8ef5-a04043fa049b	NOTE 20	424089c4-3e11-4cf8-ad82-37f1aae8f431	f6d2d95e-06af-4e7d-8b30-e12b8af28542
525bfa1d-48c5-47c4-8123-744311ca2272	SM-A336E	424089c4-3e11-4cf8-ad82-37f1aae8f431	f6d2d95e-06af-4e7d-8b30-e12b8af28542
4ef4476b-bf73-4c23-acf4-ff6c6fdfd2ff	xt1941	f2337673-7381-4cb3-87a3-eda8d08fb6fb	f6d2d95e-06af-4e7d-8b30-e12b8af28542
de611d57-d969-4961-873b-4f8ef64266e5	A1898	e078e15a-1f34-4c78-95f7-bc6d2365c53f	f6d2d95e-06af-4e7d-8b30-e12b8af28542
7846f258-53e8-425f-89bd-5d37bfcaeba4	REDMI NOT9	5880d28f-9587-4266-881e-821aa78603e7	f6d2d95e-06af-4e7d-8b30-e12b8af28542
d47cd55e-03c8-4edc-ab49-af53c8b1a5c0	NP300E5X	424089c4-3e11-4cf8-ad82-37f1aae8f431	5e6a9b2d-d0fc-49bc-82ee-cf90764c0f80
f5bf4d4c-f70d-4bc7-a38c-ddc1b37a37a4	SAMSUNG G5	424089c4-3e11-4cf8-ad82-37f1aae8f431	f6d2d95e-06af-4e7d-8b30-e12b8af28542
39c8e47c-f88c-4731-8732-710dfd0197c2	A540U	35b5be13-59a3-4b30-9c12-198df7f21a14	5e6a9b2d-d0fc-49bc-82ee-cf90764c0f80
62c45dc2-8134-44cc-b5e5-f47d3beec191	MI 1	5880d28f-9587-4266-881e-821aa78603e7	f6d2d95e-06af-4e7d-8b30-e12b8af28542
5d44edbf-1028-4426-95de-e0f1afd35c00	K55U	35b5be13-59a3-4b30-9c12-198df7f21a14	5e6a9b2d-d0fc-49bc-82ee-cf90764c0f80
8b57ecce-f0fe-4c1c-abfb-9555b9013065	LEGION  9 161RX9	40c633db-a833-4baf-bfda-f7ac7cdfbb4a	5e6a9b2d-d0fc-49bc-82ee-cf90764c0f80
c5538837-6019-40dc-b441-dc602a5f3b0a	A2116	e078e15a-1f34-4c78-95f7-bc6d2365c53f	8226724d-9267-462d-9f1d-081c83e4f939
cfce0d80-543c-43e5-98bb-6953c533b2b8	REDMI NOTE 14 PRO + 5G	5880d28f-9587-4266-881e-821aa78603e7	f6d2d95e-06af-4e7d-8b30-e12b8af28542
72d9649b-3c44-4873-a36d-1d0bf6e02072	K6500Z	35b5be13-59a3-4b30-9c12-198df7f21a14	5e6a9b2d-d0fc-49bc-82ee-cf90764c0f80
535bb4ac-40e4-4151-835f-4697aa2c1d70	moto g 5g	f2337673-7381-4cb3-87a3-eda8d08fb6fb	f6d2d95e-06af-4e7d-8b30-e12b8af28542
6c9070ce-d6b6-434e-9962-1bd0e9cef64e	MOTO RAZR 40 ULTRA	f2337673-7381-4cb3-87a3-eda8d08fb6fb	f6d2d95e-06af-4e7d-8b30-e12b8af28542
fd7e6e23-2e6c-4f3e-9337-dd4f2c256f7b	M2323W1	5880d28f-9587-4266-881e-821aa78603e7	5b1ed3c3-b2ac-4d42-8c59-3e0d5c2b1828
aefa2745-45d3-4a01-aaa3-5f43a38a92eb	N20C1	0c4c7b1c-203c-4804-b272-66bd039c6288	5e6a9b2d-d0fc-49bc-82ee-cf90764c0f80
b7163de9-75a8-4c73-bfdd-42fcc48087e4	MOTO E7	f2337673-7381-4cb3-87a3-eda8d08fb6fb	f6d2d95e-06af-4e7d-8b30-e12b8af28542
e18798ff-dae9-4103-9ec6-f0c703664838	GT3 SE	906a65af-a1e3-47e4-a7a2-6f12cea5f4a7	5b1ed3c3-b2ac-4d42-8c59-3e0d5c2b1828
8649b9c6-fc1d-4e55-99bb-97595be8d712	K556U	35b5be13-59a3-4b30-9c12-198df7f21a14	5e6a9b2d-d0fc-49bc-82ee-cf90764c0f80
d69acdf4-5e85-45ac-8549-9d5541d80843	X513E	35b5be13-59a3-4b30-9c12-198df7f21a14	5e6a9b2d-d0fc-49bc-82ee-cf90764c0f80
ea2e07c8-7241-45c4-b32b-855a31989f19	XT2159-3	f2337673-7381-4cb3-87a3-eda8d08fb6fb	f6d2d95e-06af-4e7d-8b30-e12b8af28542
c3c47437-cd7b-4fb6-ae51-4ef252fd2bc5	SAMSUNG S24 U	424089c4-3e11-4cf8-ad82-37f1aae8f431	f6d2d95e-06af-4e7d-8b30-e12b8af28542
6736984b-2838-4d33-af05-e9396594d29a	A51	424089c4-3e11-4cf8-ad82-37f1aae8f431	f6d2d95e-06af-4e7d-8b30-e12b8af28542
2e191140-97ef-4e36-b633-e6516c65d794	V3-571G	0c4c7b1c-203c-4804-b272-66bd039c6288	5e6a9b2d-d0fc-49bc-82ee-cf90764c0f80
068f92bb-4694-4324-a777-aab04bed5f1d	SAMSUNG S 24 U	5880d28f-9587-4266-881e-821aa78603e7	f6d2d95e-06af-4e7d-8b30-e12b8af28542
0df2cae4-02b8-4af4-8f7e-9af8e14b9d73	B50-70	40c633db-a833-4baf-bfda-f7ac7cdfbb4a	5e6a9b2d-d0fc-49bc-82ee-cf90764c0f80
c95e0abe-89a4-481a-ab7d-22c79535c1e4	Z5WV2	0c4c7b1c-203c-4804-b272-66bd039c6288	5e6a9b2d-d0fc-49bc-82ee-cf90764c0f80
2cd2d5f7-b9dc-4f17-b36e-ffd31936ad4e	16 pro max	e078e15a-1f34-4c78-95f7-bc6d2365c53f	f6d2d95e-06af-4e7d-8b30-e12b8af28542
b151151f-8bf5-46cd-97b8-e03a7d38fd99	REALME GT 3	5880d28f-9587-4266-881e-821aa78603e7	f6d2d95e-06af-4e7d-8b30-e12b8af28542
d257b94e-3d5f-4286-a1cd-ed1e48429c0e	MOTO G60 S	5880d28f-9587-4266-881e-821aa78603e7	f6d2d95e-06af-4e7d-8b30-e12b8af28542
9fd3a334-99ef-4e4e-8593-a06cc09589fb	MACHC-WFE9Q	906a65af-a1e3-47e4-a7a2-6f12cea5f4a7	5e6a9b2d-d0fc-49bc-82ee-cf90764c0f80
3faf9af4-6dc4-46fa-b6af-2fbe5e8c2d81	HP ZBOOK STUDIO G3	3bd08f5c-49b4-4f7a-8914-92d93a22f333	5e6a9b2d-d0fc-49bc-82ee-cf90764c0f80
d020d7cb-c3e6-48b9-84ec-581c2053f04d	PCG-3D3L	f6985faf-c878-4ca4-8283-f93f44fc3343	5e6a9b2d-d0fc-49bc-82ee-cf90764c0f80
d5a9ff83-397a-47f9-8988-efbe3cd19bd3	MOTO G24	f2337673-7381-4cb3-87a3-eda8d08fb6fb	f6d2d95e-06af-4e7d-8b30-e12b8af28542
4674a52d-c8c4-438f-af1c-5b8c1c52c167	POCO C85	5880d28f-9587-4266-881e-821aa78603e7	f6d2d95e-06af-4e7d-8b30-e12b8af28542
511fbac9-e008-4409-8279-c05ca801233b	s22 ultra	424089c4-3e11-4cf8-ad82-37f1aae8f431	f6d2d95e-06af-4e7d-8b30-e12b8af28542
57a37c5a-017a-43a4-b16d-826e738e1735	m2004j19ag	5880d28f-9587-4266-881e-821aa78603e7	f6d2d95e-06af-4e7d-8b30-e12b8af28542
f51836bc-6dba-4585-8253-000a9c50bfc9	13 normal	e078e15a-1f34-4c78-95f7-bc6d2365c53f	f6d2d95e-06af-4e7d-8b30-e12b8af28542
88bd7ce5-cbcc-4662-8f3d-6553421182a7	TP3402Z	35b5be13-59a3-4b30-9c12-198df7f21a14	5e6a9b2d-d0fc-49bc-82ee-cf90764c0f80
9344afc1-fed2-41a5-a0fd-818c1b2ff828	TP3	35b5be13-59a3-4b30-9c12-198df7f21a14	5e6a9b2d-d0fc-49bc-82ee-cf90764c0f80
26a9964a-3525-4d74-bd6c-81f8339d6446	A2636	e078e15a-1f34-4c78-95f7-bc6d2365c53f	f6d2d95e-06af-4e7d-8b30-e12b8af28542
66a60718-c227-476b-a83a-77855cd60249	G551V	35b5be13-59a3-4b30-9c12-198df7f21a14	5e6a9b2d-d0fc-49bc-82ee-cf90764c0f80
c56dde3b-6bfb-4694-9f94-2447df2ef08f	note 20 u	424089c4-3e11-4cf8-ad82-37f1aae8f431	f6d2d95e-06af-4e7d-8b30-e12b8af28542
722210d8-267e-485b-9ce7-b4e07216769d	moto edge 50 pro	f2337673-7381-4cb3-87a3-eda8d08fb6fb	f6d2d95e-06af-4e7d-8b30-e12b8af28542
80285493-572d-40bb-a456-7f20b3c5b63f	BOPBM100	3f7e036e-e307-4967-97ea-9b6b3f1f4a7f	f6d2d95e-06af-4e7d-8b30-e12b8af28542
dafd1169-8247-4a23-94d9-806bbc2bfbc0	iphone 14 pro	e078e15a-1f34-4c78-95f7-bc6d2365c53f	f6d2d95e-06af-4e7d-8b30-e12b8af28542
7fbda458-48fc-4584-a1e6-f56e3c7f11f5	14 promax	e078e15a-1f34-4c78-95f7-bc6d2365c53f	f6d2d95e-06af-4e7d-8b30-e12b8af28542
f00a56c1-a111-41bb-9ec0-2df7c4273a95	MI NOTE BOOKE PRO	5880d28f-9587-4266-881e-821aa78603e7	5e6a9b2d-d0fc-49bc-82ee-cf90764c0f80
0798206e-eac1-4e61-806c-6e70d8445814	SM_A065F	424089c4-3e11-4cf8-ad82-37f1aae8f431	f6d2d95e-06af-4e7d-8b30-e12b8af28542
47b5c7f8-8376-4d02-a586-b0a571b3c921	XT1965	f2337673-7381-4cb3-87a3-eda8d08fb6fb	f6d2d95e-06af-4e7d-8b30-e12b8af28542
462886d3-5ef9-4476-b150-0378bdd855c8	ONE A2003	08f0f10d-8d93-443e-b78b-a87a2ac03bbe	f6d2d95e-06af-4e7d-8b30-e12b8af28542
e1bbed8f-11b3-4aeb-9645-57c2a3dd534e	ZBOOK FIREFLY 14 G8	3bd08f5c-49b4-4f7a-8914-92d93a22f333	5e6a9b2d-d0fc-49bc-82ee-cf90764c0f80
a584112a-b878-4b3b-9393-6d8ff47fd8db	ZBOOK FIRRLY 14 GB	3bd08f5c-49b4-4f7a-8914-92d93a22f333	5e6a9b2d-d0fc-49bc-82ee-cf90764c0f80
63d63e10-ba14-4189-9a73-c3abf7a5151d	SM-A165F	424089c4-3e11-4cf8-ad82-37f1aae8f431	f6d2d95e-06af-4e7d-8b30-e12b8af28542
37769fe9-b6c8-4ece-86b5-ca0a75c5f586	A	424089c4-3e11-4cf8-ad82-37f1aae8f431	f6d2d95e-06af-4e7d-8b30-e12b8af28542
0280d6ed-8f2e-420b-9925-1d715e6e3833	BUDS 3	5880d28f-9587-4266-881e-821aa78603e7	15e8174e-9065-4a63-ac59-d44d49136a86
1bf941f9-d722-4995-9669-5f1974f8b971	FA1093DX-15	7bd5ce99-657f-4aad-aef0-65fdf9b62b9a	5e6a9b2d-d0fc-49bc-82ee-cf90764c0f80
dd1af507-aa72-4a95-8cb3-ca49955e9905	SM-S937B	424089c4-3e11-4cf8-ad82-37f1aae8f431	f6d2d95e-06af-4e7d-8b30-e12b8af28542
9d23dac2-37fe-48af-a8fe-4f273c44894d	band 8	906a65af-a1e3-47e4-a7a2-6f12cea5f4a7	5b1ed3c3-b2ac-4d42-8c59-3e0d5c2b1828
a7f93ea7-c25d-4ac7-9bc1-e4e20bbe2048	UX3405C	35b5be13-59a3-4b30-9c12-198df7f21a14	5e6a9b2d-d0fc-49bc-82ee-cf90764c0f80
4cb3d488-c03a-4d22-af55-5d4ebf8c17cf	R510D	35b5be13-59a3-4b30-9c12-198df7f21a14	5e6a9b2d-d0fc-49bc-82ee-cf90764c0f80
b3bec583-73a2-4645-8e18-9f44f6ff0f5c	UA43K5002AK	424089c4-3e11-4cf8-ad82-37f1aae8f431	920a20a7-1803-4eb1-9f79-e8e53903da40
58a212c1-1099-4309-b5be-6d34c3b7e371	UX431F	35b5be13-59a3-4b30-9c12-198df7f21a14	5e6a9b2d-d0fc-49bc-82ee-cf90764c0f80
09832ddf-e79e-478f-805f-811452d3ae56	UX431F	35b5be13-59a3-4b30-9c12-198df7f21a14	f6d2d95e-06af-4e7d-8b30-e12b8af28542
404799e2-56c1-4394-bef7-ed9b60a12d82	SM-A566B	424089c4-3e11-4cf8-ad82-37f1aae8f431	f6d2d95e-06af-4e7d-8b30-e12b8af28542
3076e278-296f-4916-a99c-dfd7c049d46b	LYO-L21	906a65af-a1e3-47e4-a7a2-6f12cea5f4a7	f6d2d95e-06af-4e7d-8b30-e12b8af28542
f9164d89-7c52-4723-af86-8ee1c7fd66b2	TA-1497	b7429b3e-e021-45ea-93f7-bb4f0461cf79	f6d2d95e-06af-4e7d-8b30-e12b8af28542
2c01cbb7-0dd4-410f-9e2e-449e1f2f9bc7	MI BAND 9	5880d28f-9587-4266-881e-821aa78603e7	5b1ed3c3-b2ac-4d42-8c59-3e0d5c2b1828
7b9ea992-4b12-43d1-a8d7-5435910c2170	NOTE 14 PRO 4G	5880d28f-9587-4266-881e-821aa78603e7	f6d2d95e-06af-4e7d-8b30-e12b8af28542
2e87bc17-8728-4219-9ffb-d5ace8aa31b0	BH23QT29A	5880d28f-9587-4266-881e-821aa78603e7	15e8174e-9065-4a63-ac59-d44d49136a86
f89d6d35-0612-4e3a-a5d8-1b388614bb81	ZBOOK FURY16G9	3bd08f5c-49b4-4f7a-8914-92d93a22f333	5e6a9b2d-d0fc-49bc-82ee-cf90764c0f80
5b9e6dc3-2ce2-4403-bbef-5a9a78d52892	Mi Max 2	5880d28f-9587-4266-881e-821aa78603e7	8b436b8d-088a-430c-a72e-bd216804f246
faf17cc2-1c38-46a1-ae67-16b42db32e30	15-EC1095AX	3bd08f5c-49b4-4f7a-8914-92d93a22f333	5e6a9b2d-d0fc-49bc-82ee-cf90764c0f80
284a5312-5769-4a9e-8a47-8e9dea7c36f8	SM-F741B	424089c4-3e11-4cf8-ad82-37f1aae8f431	f6d2d95e-06af-4e7d-8b30-e12b8af28542
4db2b918-1810-4a56-91cf-64f06d47af28	sm-f7418	424089c4-3e11-4cf8-ad82-37f1aae8f431	f6d2d95e-06af-4e7d-8b30-e12b8af28542
fe37e3f2-ad49-4658-81c5-0ec78903e811	741	424089c4-3e11-4cf8-ad82-37f1aae8f431	f6d2d95e-06af-4e7d-8b30-e12b8af28542
1308318d-3d72-4a39-8200-4ccb742a6676	PIXLE 8 pro	a95f75d8-c7bc-4765-a93d-58ed809abf6b	f6d2d95e-06af-4e7d-8b30-e12b8af28542
98f38c2c-a8f2-4a32-8b21-98e521c554f2	SM-A525F	5880d28f-9587-4266-881e-821aa78603e7	f6d2d95e-06af-4e7d-8b30-e12b8af28542
51736060-f066-4cea-8a87-d89a17fd2728	fit2	906a65af-a1e3-47e4-a7a2-6f12cea5f4a7	f6d2d95e-06af-4e7d-8b30-e12b8af28542
dcb129eb-7314-496a-b9b4-8b42956c3145	REALME 11	5880d28f-9587-4266-881e-821aa78603e7	f6d2d95e-06af-4e7d-8b30-e12b8af28542
4d5b1eac-b86d-4913-9ec0-385dab85c8ab	Xiaomi Redmi 15C	5880d28f-9587-4266-881e-821aa78603e7	f6d2d95e-06af-4e7d-8b30-e12b8af28542
e1890eab-97f0-4138-bbeb-636410269fcd	REDMI K50 GAMING	5880d28f-9587-4266-881e-821aa78603e7	f6d2d95e-06af-4e7d-8b30-e12b8af28542
e40b1e95-f2c9-4dcd-ba91-fac0b915aa18	N20C3	e704770f-cdbd-4b9b-80a1-06c251f71cdd	5e6a9b2d-d0fc-49bc-82ee-cf90764c0f80
6b9e5916-0cce-4ab3-822c-d84aece724dc	A2894	5880d28f-9587-4266-881e-821aa78603e7	f6d2d95e-06af-4e7d-8b30-e12b8af28542
a1763fdd-212a-4458-8d0e-51392a5fe4e9	A2+	5880d28f-9587-4266-881e-821aa78603e7	f6d2d95e-06af-4e7d-8b30-e12b8af28542
369414c6-faa3-4e81-b4df-4b05fda0a158	REALME GT NEO 5 SE	5880d28f-9587-4266-881e-821aa78603e7	f6d2d95e-06af-4e7d-8b30-e12b8af28542
8da6d680-d1ab-42c5-8705-4e3077dd5749	K751L	35b5be13-59a3-4b30-9c12-198df7f21a14	5e6a9b2d-d0fc-49bc-82ee-cf90764c0f80
763863d7-b011-49ca-bcde-5ce92a60d0d9	SM-G930FD	424089c4-3e11-4cf8-ad82-37f1aae8f431	f6d2d95e-06af-4e7d-8b30-e12b8af28542
5f9495c7-919f-42e4-8247-3cab47222311	GT3	906a65af-a1e3-47e4-a7a2-6f12cea5f4a7	5b1ed3c3-b2ac-4d42-8c59-3e0d5c2b1828
4b539dea-43a8-46d7-8563-121fe59fd924	PIXLE 4A	a95f75d8-c7bc-4765-a93d-58ed809abf6b	f6d2d95e-06af-4e7d-8b30-e12b8af28542
85f18956-6b56-4a19-a8be-8bb7b4ed47d9	Xiaomi Redmi 15C 4G	5880d28f-9587-4266-881e-821aa78603e7	f6d2d95e-06af-4e7d-8b30-e12b8af28542
cfc7ece0-8c15-4478-aef7-6d9dab160971	FRA-B19	906a65af-a1e3-47e4-a7a2-6f12cea5f4a7	f6d2d95e-06af-4e7d-8b30-e12b8af28542
a33035f5-e450-4d4c-a090-ebbb8e6ebabf	XT2133-2	f2337673-7381-4cb3-87a3-eda8d08fb6fb	f6d2d95e-06af-4e7d-8b30-e12b8af28542
eee0b04a-789b-4415-a85b-9a8176fc1588	FIT 3	906a65af-a1e3-47e4-a7a2-6f12cea5f4a7	5b1ed3c3-b2ac-4d42-8c59-3e0d5c2b1828
3e55e333-7a95-447a-9e89-09ec008a9516	SM-A356E	424089c4-3e11-4cf8-ad82-37f1aae8f431	f6d2d95e-06af-4e7d-8b30-e12b8af28542
bf211592-3587-4bd8-8b98-b44b1c6ebf72	TWSEJ10WM	5880d28f-9587-4266-881e-821aa78603e7	15e8174e-9065-4a63-ac59-d44d49136a86
21451d5a-3224-4625-8503-c962a0816253	SM-R510	424089c4-3e11-4cf8-ad82-37f1aae8f431	15e8174e-9065-4a63-ac59-d44d49136a86
82ecea31-cffc-4ba2-9b7b-ad0c1aba76c0	ProBook 4530S	3f7e036e-e307-4967-97ea-9b6b3f1f4a7f	f6d2d95e-06af-4e7d-8b30-e12b8af28542
121bcd10-7f18-4af2-adce-5933c06142a9	QCY_T13ANC1	5880d28f-9587-4266-881e-821aa78603e7	211d8f23-774e-4d3b-928f-46d3e723d0c1
eb2fe972-df42-47da-9ff4-d114bb5a4720	UX301L	35b5be13-59a3-4b30-9c12-198df7f21a14	5e6a9b2d-d0fc-49bc-82ee-cf90764c0f80
2d5e11b3-9392-41bf-b95f-abe454678ba7	PROBOOK 600 G2 SFF	3bd08f5c-49b4-4f7a-8914-92d93a22f333	45aab642-8569-4523-ae42-345b062be7aa
5d7d8701-1df0-433b-9518-f600197b9e2f	A1396	e078e15a-1f34-4c78-95f7-bc6d2365c53f	8b436b8d-088a-430c-a72e-bd216804f246
d28872dc-7aac-4157-9aa5-de5d5c350ddc	W02	5880d28f-9587-4266-881e-821aa78603e7	5b1ed3c3-b2ac-4d42-8c59-3e0d5c2b1828
bf6da05c-7000-4488-ade5-5a617cdd2c8e	SM-F956B	424089c4-3e11-4cf8-ad82-37f1aae8f431	f6d2d95e-06af-4e7d-8b30-e12b8af28542
5a2214cf-98da-42f5-8e6e-38029a3f1f62	FA507R	35b5be13-59a3-4b30-9c12-198df7f21a14	5e6a9b2d-d0fc-49bc-82ee-cf90764c0f80
4d7fb8dd-4b6d-40c4-bc1e-ea2a4a369b51	23073RPBFG	5880d28f-9587-4266-881e-821aa78603e7	8b436b8d-088a-430c-a72e-bd216804f246
749aae68-a290-4d23-8c11-5b0b6963d087	BOB-WAI9	906a65af-a1e3-47e4-a7a2-6f12cea5f4a7	5e6a9b2d-d0fc-49bc-82ee-cf90764c0f80
32d919d5-3f8a-40b7-b441-3832b1507e54	V2 LITE	abc8b458-5a36-4a94-aa3d-859ae13c7e5a	f6d2d95e-06af-4e7d-8b30-e12b8af28542
2daef585-d855-4a68-a84b-3131f173659f	SM-A605G	424089c4-3e11-4cf8-ad82-37f1aae8f431	f6d2d95e-06af-4e7d-8b30-e12b8af28542
32e2a3dc-67c2-40ef-bd33-1c8553a059a7	SM-R760	424089c4-3e11-4cf8-ad82-37f1aae8f431	5b1ed3c3-b2ac-4d42-8c59-3e0d5c2b1828
a01f8545-db23-4313-9f16-0093c8b10754	REALME C61	5880d28f-9587-4266-881e-821aa78603e7	f6d2d95e-06af-4e7d-8b30-e12b8af28542
2a8f36e4-6ddd-4642-ba0c-0b161d422ade	MS-15-A12U	2e8da2f9-2e3b-4c2a-95c3-72fcdd5cc9b0	5e6a9b2d-d0fc-49bc-82ee-cf90764c0f80
fadc189b-b794-4254-a17c-c1cf2bb3a3cd	MACHC-WAE9LP	906a65af-a1e3-47e4-a7a2-6f12cea5f4a7	5e6a9b2d-d0fc-49bc-82ee-cf90764c0f80
18b9a384-da62-4e51-b2d3-91b72998536f	X9	cf328c7c-2627-4763-a525-6a133402d8ce	f6d2d95e-06af-4e7d-8b30-e12b8af28542
53b53071-0229-46c7-a809-b49fc4b7043c	META VIEW	906a65af-a1e3-47e4-a7a2-6f12cea5f4a7	6dc6cbd4-6094-47d5-bfaa-2d7fedb3a715
551586bf-d6c6-4729-a7e9-382c5a402073	SM-A307GN	424089c4-3e11-4cf8-ad82-37f1aae8f431	f6d2d95e-06af-4e7d-8b30-e12b8af28542
67297dc2-e310-4c6a-8a73-62e3ef9b44cb	LATITUDE5285	2cb75c5e-1b46-4220-a5bf-c523c81d9baa	5e6a9b2d-d0fc-49bc-82ee-cf90764c0f80
5a49cf5b-93f2-46d4-9ead-88de286bce8f	SM-R870	424089c4-3e11-4cf8-ad82-37f1aae8f431	5b1ed3c3-b2ac-4d42-8c59-3e0d5c2b1828
97ac3478-976a-4a8a-b7bf-d075ef2e6e1c	IDEAPAD 3 15IAU7	40c633db-a833-4baf-bfda-f7ac7cdfbb4a	5e6a9b2d-d0fc-49bc-82ee-cf90764c0f80
320a0bd6-b89c-44cd-ba4c-d478cc569913	INSPIRON 7791	2cb75c5e-1b46-4220-a5bf-c523c81d9baa	5e6a9b2d-d0fc-49bc-82ee-cf90764c0f80
87482343-83aa-4848-8344-89c9088fa5e0	XT2333-1	f2337673-7381-4cb3-87a3-eda8d08fb6fb	f6d2d95e-06af-4e7d-8b30-e12b8af28542
a39b23a2-edfb-4791-9c42-db9368793bba	TA-1206	b7429b3e-e021-45ea-93f7-bb4f0461cf79	f6d2d95e-06af-4e7d-8b30-e12b8af28542
b6fa8287-a920-4c16-9bac-0b486e32572e	CPH1725	a63cda90-6f45-4976-b0ad-e1da2533ea27	f6d2d95e-06af-4e7d-8b30-e12b8af28542
c19b73b4-9cb5-42c4-950d-b09b335aeaa2	RS4 PLUS	0a87f047-a86f-4ab1-81bc-c867789a7bfd	5b1ed3c3-b2ac-4d42-8c59-3e0d5c2b1828
e46629d5-6967-447e-bf90-dad8ccf5f3ff	L511	0a87f047-a86f-4ab1-81bc-c867789a7bfd	5b1ed3c3-b2ac-4d42-8c59-3e0d5c2b1828
98b26ca4-bbe0-4659-a85c-04c193875a06	TA-1188	b7429b3e-e021-45ea-93f7-bb4f0461cf79	f6d2d95e-06af-4e7d-8b30-e12b8af28542
35f31ee2-be1e-49c0-95f4-880d531c984e	SM-X216B	424089c4-3e11-4cf8-ad82-37f1aae8f431	f6d2d95e-06af-4e7d-8b30-e12b8af28542
fd575589-38c2-43b9-ae64-466bbc702426	REDMI 13X	5880d28f-9587-4266-881e-821aa78603e7	f6d2d95e-06af-4e7d-8b30-e12b8af28542
4ab2e317-e33a-4744-a347-20ac39b65ef3	REALME 11 PRO PLUS	5880d28f-9587-4266-881e-821aa78603e7	f6d2d95e-06af-4e7d-8b30-e12b8af28542
197bc118-1436-48ac-801b-39c948603d43	MS-1454	2e8da2f9-2e3b-4c2a-95c3-72fcdd5cc9b0	5e6a9b2d-d0fc-49bc-82ee-cf90764c0f80
e1d3152c-a065-46bb-b2ec-0ee34c2b00c1	MI PLAY	5880d28f-9587-4266-881e-821aa78603e7	f6d2d95e-06af-4e7d-8b30-e12b8af28542
59945170-a244-4724-9f40-ec06e8b1bbbc	15-P210NE	3bd08f5c-49b4-4f7a-8914-92d93a22f333	5e6a9b2d-d0fc-49bc-82ee-cf90764c0f80
a143c1a2-c7c8-4652-b060-2a0b014377ff	SERIES 9	e078e15a-1f34-4c78-95f7-bc6d2365c53f	5b1ed3c3-b2ac-4d42-8c59-3e0d5c2b1828
c0a9980c-a9eb-4eaf-a3ab-89b178a4902b	REDMI NOTE 11S 5G	5880d28f-9587-4266-881e-821aa78603e7	f6d2d95e-06af-4e7d-8b30-e12b8af28542
f821571c-55bd-46e7-ae2a-6ca6c33804bb	SM-R840	424089c4-3e11-4cf8-ad82-37f1aae8f431	5b1ed3c3-b2ac-4d42-8c59-3e0d5c2b1828
10d9ada5-af12-4cfc-b6a4-2b93d0bf5dc2	PIXLE 4XL	a95f75d8-c7bc-4765-a93d-58ed809abf6b	f6d2d95e-06af-4e7d-8b30-e12b8af28542
f95d19fe-8d5d-46ac-93ee-ceaeabe9adb5	XT2237-2	f2337673-7381-4cb3-87a3-eda8d08fb6fb	f6d2d95e-06af-4e7d-8b30-e12b8af28542
96f6e0e8-e1ed-4d85-9f45-93b8dd916b7d	XT2421-2	f2337673-7381-4cb3-87a3-eda8d08fb6fb	f6d2d95e-06af-4e7d-8b30-e12b8af28542
e44ce79b-b543-42d2-8662-13f0a2fadb5d	GTR 3 PRO	6c7d85d5-a979-4c4e-8351-0abc728e0a5b	5b1ed3c3-b2ac-4d42-8c59-3e0d5c2b1828
efe88af2-c34d-458e-9705-26080b1b98b9	SM-T211	424089c4-3e11-4cf8-ad82-37f1aae8f431	8b436b8d-088a-430c-a72e-bd216804f246
4bd9bf71-fca6-4330-9b74-026140dc3dee	A2035	6c7d85d5-a979-4c4e-8351-0abc728e0a5b	5b1ed3c3-b2ac-4d42-8c59-3e0d5c2b1828
e2805b2e-5b84-46a1-a775-b3ba6a622399	PCG-71713L	f6985faf-c878-4ca4-8283-f93f44fc3343	5e6a9b2d-d0fc-49bc-82ee-cf90764c0f80
0eb0942f-b0d8-42ef-b181-6074b652ead8	SAF15NB1GW	f6985faf-c878-4ca4-8283-f93f44fc3343	5e6a9b2d-d0fc-49bc-82ee-cf90764c0f80
6ddcd67d-3f3c-424a-87f3-95ea8da57fd2	TA-1075	b7429b3e-e021-45ea-93f7-bb4f0461cf79	f6d2d95e-06af-4e7d-8b30-e12b8af28542
7ebf447b-6382-434b-a587-933fbc022577	CVF143A1YL	f6985faf-c878-4ca4-8283-f93f44fc3343	5e6a9b2d-d0fc-49bc-82ee-cf90764c0f80
9a065a6d-44cb-4123-8f4f-5c75c65c31f4	13ad002ne	3bd08f5c-49b4-4f7a-8914-92d93a22f333	5e6a9b2d-d0fc-49bc-82ee-cf90764c0f80
4bb78dc3-9d67-475a-ba7b-c99ed56ff140	15bs027ne	3bd08f5c-49b4-4f7a-8914-92d93a22f333	5e6a9b2d-d0fc-49bc-82ee-cf90764c0f80
905ab5c1-8cf0-4676-ae77-ec33500f645c	MT7921	7bd5ce99-657f-4aad-aef0-65fdf9b62b9a	5e6a9b2d-d0fc-49bc-82ee-cf90764c0f80
e2220897-6f25-4573-8534-97c4c4e244db	SVF152A1WW	f6985faf-c878-4ca4-8283-f93f44fc3343	5e6a9b2d-d0fc-49bc-82ee-cf90764c0f80
15bfedab-6b3a-4617-948b-42fd493f1477	ZS676KS	35b5be13-59a3-4b30-9c12-198df7f21a14	f6d2d95e-06af-4e7d-8b30-e12b8af28542
19d5439c-2310-4cbb-8ebb-f2a06f5ab2b5	N53S	35b5be13-59a3-4b30-9c12-198df7f21a14	5e6a9b2d-d0fc-49bc-82ee-cf90764c0f80
c58a4da2-03ed-4255-b9f7-95b7c952bf96	R546J	35b5be13-59a3-4b30-9c12-198df7f21a14	5e6a9b2d-d0fc-49bc-82ee-cf90764c0f80
bb0fc51a-b260-4409-9ac8-cd9c846f6843	A1619	6c7d85d5-a979-4c4e-8351-0abc728e0a5b	5b1ed3c3-b2ac-4d42-8c59-3e0d5c2b1828
25d70de7-5260-457d-831e-e6fc25c46e0d	A2179	e078e15a-1f34-4c78-95f7-bc6d2365c53f	5e6a9b2d-d0fc-49bc-82ee-cf90764c0f80
656116ae-1ba9-430e-bb7a-4d3313b056d5	XT2331-3	f2337673-7381-4cb3-87a3-eda8d08fb6fb	f6d2d95e-06af-4e7d-8b30-e12b8af28542
fb3142ea-7d34-4d6b-bc28-5df3c25bc9f8	RS4 max	0a87f047-a86f-4ab1-81bc-c867789a7bfd	5b1ed3c3-b2ac-4d42-8c59-3e0d5c2b1828
be8a6db8-fc37-4dab-bc3b-fa6e1b7a3eb9	P125	2cb75c5e-1b46-4220-a5bf-c523c81d9baa	5e6a9b2d-d0fc-49bc-82ee-cf90764c0f80
cmr23c8kh00773opmr9w6ppkj	A07	424089c4-3e11-4cf8-ad82-37f1aae8f431	f6d2d95e-06af-4e7d-8b30-e12b8af28542
f3e3a42b-1d36-4697-9b48-25f912e58d86	MIBRO GS PRO	5880d28f-9587-4266-881e-821aa78603e7	5b1ed3c3-b2ac-4d42-8c59-3e0d5c2b1828
89eb47da-c1b7-4386-9a89-a50ddbc9eef8	SM-A415F	424089c4-3e11-4cf8-ad82-37f1aae8f431	f6d2d95e-06af-4e7d-8b30-e12b8af28542
a9342986-1d9c-4293-9ca0-7e1ad0293c06	K350K	74f5db46-b909-4575-b00a-e75e6a770c44	f6d2d95e-06af-4e7d-8b30-e12b8af28542
8d63c825-b377-4498-b355-f431a39392ab	LG-K350K	74f5db46-b909-4575-b00a-e75e6a770c44	f6d2d95e-06af-4e7d-8b30-e12b8af28542
6091ed98-c279-4027-a0b7-8c7a462d78ad	MS-AE31	2e8da2f9-2e3b-4c2a-95c3-72fcdd5cc9b0	8226724d-9267-462d-9f1d-081c83e4f939
0d1861ba-a137-48da-9663-3d05ac5b43e8	C650	33bc9fd8-3883-437d-8983-845bf49288d2	5e6a9b2d-d0fc-49bc-82ee-cf90764c0f80
a43ae850-1bdb-4ce2-b7a6-96cfa2723c2d	SVF152A29L	f6985faf-c878-4ca4-8283-f93f44fc3343	5e6a9b2d-d0fc-49bc-82ee-cf90764c0f80
538b8cd4-f4af-43ef-952c-6b291c50c9f3	MI 11 LITE 5G	5880d28f-9587-4266-881e-821aa78603e7	f6d2d95e-06af-4e7d-8b30-e12b8af28542
d9aa8fe8-6cad-4729-aff0-5c3e927c4141	tf303cl	35b5be13-59a3-4b30-9c12-198df7f21a14	8b436b8d-088a-430c-a72e-bd216804f246
1cc61607-09f1-4559-9a14-4bc0ea6f0031	SUH-ZCT2E	712b52d4-ff71-4e28-8eec-5b9a6aebba0d	16471db2-4f70-48ba-9fb2-d552f92d5130
bd93e80c-f6fd-4505-a135-20b02afd90a5	CUH-ZCT1E	712b52d4-ff71-4e28-8eec-5b9a6aebba0d	16471db2-4f70-48ba-9fb2-d552f92d5130
9b4b801a-b4ae-4076-9a79-26c39f28dc48	VIVOTAB SMART ME400CL	35b5be13-59a3-4b30-9c12-198df7f21a14	5e6a9b2d-d0fc-49bc-82ee-cf90764c0f80
293e7091-97b2-4f34-a3f5-f161f2df334b	Xiaomi Pocophone F1	5880d28f-9587-4266-881e-821aa78603e7	f6d2d95e-06af-4e7d-8b30-e12b8af28542
fdc34007-d7f7-4070-8ac8-49abb8ff2bbe	PAYF0010IN	f2337673-7381-4cb3-87a3-eda8d08fb6fb	f6d2d95e-06af-4e7d-8b30-e12b8af28542
f2bd1d48-f754-45fa-ac0f-0de084a72367	GT-193001	424089c4-3e11-4cf8-ad82-37f1aae8f431	f6d2d95e-06af-4e7d-8b30-e12b8af28542
1908910b-d4d6-4932-b03c-41d5fa444984	GTR 2E	6c7d85d5-a979-4c4e-8351-0abc728e0a5b	5b1ed3c3-b2ac-4d42-8c59-3e0d5c2b1828
6dbbb492-b3fb-4310-9ca9-b149ada0ecda	V502L	35b5be13-59a3-4b30-9c12-198df7f21a14	5e6a9b2d-d0fc-49bc-82ee-cf90764c0f80
1e3049f0-37c8-4da0-8152-503999c015c2	A2318	6c7d85d5-a979-4c4e-8351-0abc728e0a5b	5b1ed3c3-b2ac-4d42-8c59-3e0d5c2b1828
27a40daf-a224-4a8d-8ff1-9c8380485faa	V2405A	cf328c7c-2627-4763-a525-6a133402d8ce	f6d2d95e-06af-4e7d-8b30-e12b8af28542
45c189c3-062f-4792-a896-af86df363774	F5122	f6985faf-c878-4ca4-8283-f93f44fc3343	f6d2d95e-06af-4e7d-8b30-e12b8af28542
7348eb9c-5376-421a-8bfa-65301dba0045	3165NGW	2e8da2f9-2e3b-4c2a-95c3-72fcdd5cc9b0	8226724d-9267-462d-9f1d-081c83e4f939
cc3e28c5-a956-416b-87a9-b72f8c7607eb	SM-A510F	424089c4-3e11-4cf8-ad82-37f1aae8f431	f6d2d95e-06af-4e7d-8b30-e12b8af28542
5033fc40-b122-427e-b4f5-9440a61b8fe6	protectsmart	3bd08f5c-49b4-4f7a-8914-92d93a22f333	5e6a9b2d-d0fc-49bc-82ee-cf90764c0f80
ed5dea26-7a0b-45fc-a097-f700515657b5	LATITUDE 7390	2cb75c5e-1b46-4220-a5bf-c523c81d9baa	5e6a9b2d-d0fc-49bc-82ee-cf90764c0f80
3eff9231-5c2e-40e6-8f42-5d4a42c425ee	LLD-L31	0a2fef89-7576-44b6-b77b-a0f5cb9e14da	f6d2d95e-06af-4e7d-8b30-e12b8af28542
82e5d222-c69e-42cb-aec2-e3a72f141f4a	XT2087-1	f2337673-7381-4cb3-87a3-eda8d08fb6fb	f6d2d95e-06af-4e7d-8b30-e12b8af28542
09a3a63f-6fa8-4223-bf40-692dfec1da09	MOTO G9 PLUS	f2337673-7381-4cb3-87a3-eda8d08fb6fb	f6d2d95e-06af-4e7d-8b30-e12b8af28542
4a1e26b7-97a1-4c1c-b269-01a8674ede19	A1723	e078e15a-1f34-4c78-95f7-bc6d2365c53f	f6d2d95e-06af-4e7d-8b30-e12b8af28542
7838d47b-13b8-4aa6-8caa-7b29d1978a47	R465E	35b5be13-59a3-4b30-9c12-198df7f21a14	5e6a9b2d-d0fc-49bc-82ee-cf90764c0f80
3a6ad8a2-1bf6-479f-ae9d-011d69e0d46d	k011	35b5be13-59a3-4b30-9c12-198df7f21a14	8b436b8d-088a-430c-a72e-bd216804f246
1457ba28-9cb1-4804-9411-5a76940bca6b	650 G3	3bd08f5c-49b4-4f7a-8914-92d93a22f333	5e6a9b2d-d0fc-49bc-82ee-cf90764c0f80
bc0c267d-7636-4a0f-a561-6d45e38ef90d	Y530-U00	906a65af-a1e3-47e4-a7a2-6f12cea5f4a7	f6d2d95e-06af-4e7d-8b30-e12b8af28542
ab9293bc-4074-4b07-8fd4-ed508050a552	Galaxy Note20 Ultra	424089c4-3e11-4cf8-ad82-37f1aae8f431	f6d2d95e-06af-4e7d-8b30-e12b8af28542
b5f32016-e506-482d-9ce2-20fa4527348a	PIXLE 4	a95f75d8-c7bc-4765-a93d-58ed809abf6b	f6d2d95e-06af-4e7d-8b30-e12b8af28542
b40503ee-cdc6-4e34-9907-19b585bfae32	IDEAPAD Z500	40c633db-a833-4baf-bfda-f7ac7cdfbb4a	5e6a9b2d-d0fc-49bc-82ee-cf90764c0f80
e87f8ed0-22ee-4994-b5af-eb7a223da46a	LA40D585K7M	424089c4-3e11-4cf8-ad82-37f1aae8f431	920a20a7-1803-4eb1-9f79-e8e53903da40
0ac3191f-5144-4780-a667-87ed95e6a759	MIBRO A2	5880d28f-9587-4266-881e-821aa78603e7	5b1ed3c3-b2ac-4d42-8c59-3e0d5c2b1828
6eccfdbf-52b6-45a7-ba99-44db4799b2a5	HF006	0a87f047-a86f-4ab1-81bc-c867789a7bfd	5b1ed3c3-b2ac-4d42-8c59-3e0d5c2b1828
674018b0-2eea-489c-9c0f-7678df435c54	E540	40c633db-a833-4baf-bfda-f7ac7cdfbb4a	5e6a9b2d-d0fc-49bc-82ee-cf90764c0f80
0d43a623-41fd-4f03-bf75-0ad9a8f46d00	SM-X110	424089c4-3e11-4cf8-ad82-37f1aae8f431	8b436b8d-088a-430c-a72e-bd216804f246
8d310516-8ec8-429e-bba8-aa44c035ceb8	XPS	2cb75c5e-1b46-4220-a5bf-c523c81d9baa	5e6a9b2d-d0fc-49bc-82ee-cf90764c0f80
628e869f-c613-42d6-b046-8aa9b87ce013	V15	40c633db-a833-4baf-bfda-f7ac7cdfbb4a	5e6a9b2d-d0fc-49bc-82ee-cf90764c0f80
fb39e30a-1361-437e-8ed2-e166b05d1560	TA-1357	b7429b3e-e021-45ea-93f7-bb4f0461cf79	f6d2d95e-06af-4e7d-8b30-e12b8af28542
e968d367-1d93-4532-813a-6269540b9c6f	GS2 PRO	bcc20fc0-f3dd-487a-8949-18662a8e294c	5b1ed3c3-b2ac-4d42-8c59-3e0d5c2b1828
999e0b44-0d97-4643-abd6-5a3781c448c0	X541N	35b5be13-59a3-4b30-9c12-198df7f21a14	5e6a9b2d-d0fc-49bc-82ee-cf90764c0f80
6a9ef6b7-aff2-47c5-8d7f-f7563b86d21a	ET22301	35b5be13-59a3-4b30-9c12-198df7f21a14	8226724d-9267-462d-9f1d-081c83e4f939
915ac690-a66a-4f38-a53b-f2b3c8251e4c	POCO X7 PRO	5880d28f-9587-4266-881e-821aa78603e7	f6d2d95e-06af-4e7d-8b30-e12b8af28542
e32f1ae3-c5e3-4364-b738-449394df1b7e	M509D	35b5be13-59a3-4b30-9c12-198df7f21a14	5e6a9b2d-d0fc-49bc-82ee-cf90764c0f80
f7fb79c9-135b-473f-9270-ea8aaba08dd6	POCO C71	5880d28f-9587-4266-881e-821aa78603e7	f6d2d95e-06af-4e7d-8b30-e12b8af28542
48af7cdd-d71a-42e1-85a1-1265d3634999	REDMI WATCH T1	5880d28f-9587-4266-881e-821aa78603e7	5b1ed3c3-b2ac-4d42-8c59-3e0d5c2b1828
ca143904-78f2-4821-a614-4eca569cbfd9	SM-R770	424089c4-3e11-4cf8-ad82-37f1aae8f431	5b1ed3c3-b2ac-4d42-8c59-3e0d5c2b1828
040b0936-6fe2-4d16-bd98-ecabc77fac76	A2638	e078e15a-1f34-4c78-95f7-bc6d2365c53f	f6d2d95e-06af-4e7d-8b30-e12b8af28542
9d332602-e00a-49fe-825f-f88bec8397ce	WAX-LX1A	906a65af-a1e3-47e4-a7a2-6f12cea5f4a7	f6d2d95e-06af-4e7d-8b30-e12b8af28542
f6b58311-056b-49b3-8630-1362eac3a647	L55M5-5ARU	5880d28f-9587-4266-881e-821aa78603e7	920a20a7-1803-4eb1-9f79-e8e53903da40
f6ef6b00-1ab3-41f1-84e5-7abdf686073a	L55M5-5AR	5880d28f-9587-4266-881e-821aa78603e7	920a20a7-1803-4eb1-9f79-e8e53903da40
81629e7b-4abb-45e1-9ff4-b465baabebcd	NP530U3C-A01AE	424089c4-3e11-4cf8-ad82-37f1aae8f431	5e6a9b2d-d0fc-49bc-82ee-cf90764c0f80
e75bea13-118f-4755-841e-2896d7192589	SM-P610N	424089c4-3e11-4cf8-ad82-37f1aae8f431	8b436b8d-088a-430c-a72e-bd216804f246
34d893c3-965c-4af4-a5a2-54288773d4da	GTS 3	6c7d85d5-a979-4c4e-8351-0abc728e0a5b	5b1ed3c3-b2ac-4d42-8c59-3e0d5c2b1828
0d6c4763-beec-470f-a630-6d3d8019ca8c	IPI 145	40c633db-a833-4baf-bfda-f7ac7cdfbb4a	5e6a9b2d-d0fc-49bc-82ee-cf90764c0f80
31a52bf2-c9d2-4cb2-83cc-701c6e978536	LOQ 15IRX9	40c633db-a833-4baf-bfda-f7ac7cdfbb4a	5e6a9b2d-d0fc-49bc-82ee-cf90764c0f80
0096685b-ce0b-49f9-b461-1bc8c397ff2a	PIXEL 7A	a95f75d8-c7bc-4765-a93d-58ed809abf6b	f6d2d95e-06af-4e7d-8b30-e12b8af28542
fd1640e7-543b-4c68-82c0-14e5651e7e64	HAYLOU RS4	5880d28f-9587-4266-881e-821aa78603e7	5b1ed3c3-b2ac-4d42-8c59-3e0d5c2b1828
c0e7f387-84fd-4fbf-83d5-c314aa9a4e1c	L1504F	35b5be13-59a3-4b30-9c12-198df7f21a14	5e6a9b2d-d0fc-49bc-82ee-cf90764c0f80
33a5855b-9b36-416d-a86e-2f8578520efd	GTS 2	6c7d85d5-a979-4c4e-8351-0abc728e0a5b	5b1ed3c3-b2ac-4d42-8c59-3e0d5c2b1828
6637eb85-b293-4ade-9e6f-611c7c0c688d	N43S	35b5be13-59a3-4b30-9c12-198df7f21a14	5e6a9b2d-d0fc-49bc-82ee-cf90764c0f80
1da9d078-2950-4926-9d8e-f89334e6a55a	THINKPAD T480S	40c633db-a833-4baf-bfda-f7ac7cdfbb4a	5e6a9b2d-d0fc-49bc-82ee-cf90764c0f80
c966bb65-dbb4-4ebd-acf1-8e03faa82e48	SENSE	a08d580f-d3b7-40ae-953f-23d5dfa3b527	5b1ed3c3-b2ac-4d42-8c59-3e0d5c2b1828
922e62eb-ef37-41b6-9ced-07a8bc41a133	TA-1156	b7429b3e-e021-45ea-93f7-bb4f0461cf79	f6d2d95e-06af-4e7d-8b30-e12b8af28542
32c2d1b0-871d-4210-85b8-376894b00fea	S510U	35b5be13-59a3-4b30-9c12-198df7f21a14	5e6a9b2d-d0fc-49bc-82ee-cf90764c0f80
fcbf369d-974f-4cd4-95e9-d921983334bb	A2190	e078e15a-1f34-4c78-95f7-bc6d2365c53f	211d8f23-774e-4d3b-928f-46d3e723d0c1
85de4ef2-1676-401c-bdcc-639a52037c35	S3	5880d28f-9587-4266-881e-821aa78603e7	5b1ed3c3-b2ac-4d42-8c59-3e0d5c2b1828
71d4fc9b-5d14-4c33-8085-9781765a58a2	A72	a63cda90-6f45-4976-b0ad-e1da2533ea27	f6d2d95e-06af-4e7d-8b30-e12b8af28542
dc3c2e28-f2c5-4671-8e2a-040f65e6766d	A3185	e078e15a-1f34-4c78-95f7-bc6d2365c53f	5e6a9b2d-d0fc-49bc-82ee-cf90764c0f80
ce2ca1bb-213d-4a14-a65e-4153a1bf4de6	SM-X205	424089c4-3e11-4cf8-ad82-37f1aae8f431	8b436b8d-088a-430c-a72e-bd216804f246
87720abc-0b22-4adc-aff2-f52137dbd443	C102	5880d28f-9587-4266-881e-821aa78603e7	77093a0b-a850-4359-a4fd-b20619b9be56
ba1aa309-96f2-4950-9a1a-bd9fcbe68590	M2	f5e98d9d-4c07-47ec-960c-e31590ae563e	5b1ed3c3-b2ac-4d42-8c59-3e0d5c2b1828
71558c2b-6565-40a1-8dfe-4ef558359d80	A1608	6c7d85d5-a979-4c4e-8351-0abc728e0a5b	5b1ed3c3-b2ac-4d42-8c59-3e0d5c2b1828
fcb99ca6-aac1-4591-be44-01f2ad48ab40	WATCH KS PRO	5880d28f-9587-4266-881e-821aa78603e7	5b1ed3c3-b2ac-4d42-8c59-3e0d5c2b1828
f974756e-760f-4ccc-a3d0-e4f6626168d5	SM-J330F	424089c4-3e11-4cf8-ad82-37f1aae8f431	f6d2d95e-06af-4e7d-8b30-e12b8af28542
3bd426a5-4509-460a-aac2-435dfc9a2503	TB-X505X	40c633db-a833-4baf-bfda-f7ac7cdfbb4a	8b436b8d-088a-430c-a72e-bd216804f246
ef88318d-9133-40c5-a54b-380cb435dfa7	SM-J500F	424089c4-3e11-4cf8-ad82-37f1aae8f431	f6d2d95e-06af-4e7d-8b30-e12b8af28542
519eb470-be1b-4b7e-bf8e-9dbef7412e50	B101US	5880d28f-9587-4266-881e-821aa78603e7	77093a0b-a850-4359-a4fd-b20619b9be56
41bdd793-fcad-4b2e-8d15-a794821e1c15	A1703	6ebdaf7d-fe6e-4f62-b798-da9088773b46	5e6a9b2d-d0fc-49bc-82ee-cf90764c0f80
03f1cf82-a7dc-4944-9b4d-01db5e733ace	NP470R5E	424089c4-3e11-4cf8-ad82-37f1aae8f431	5e6a9b2d-d0fc-49bc-82ee-cf90764c0f80
c2759915-495a-4b30-b5fa-b60c8aa59ef8	SM-X700	424089c4-3e11-4cf8-ad82-37f1aae8f431	8b436b8d-088a-430c-a72e-bd216804f246
56875e75-4424-47b4-bec5-d5fe95e7d56b	v2	abc8b458-5a36-4a94-aa3d-859ae13c7e5a	f6d2d95e-06af-4e7d-8b30-e12b8af28542
f03f9ffb-e0c3-4b7f-926c-784139403a05	INSPIRON 7559	2cb75c5e-1b46-4220-a5bf-c523c81d9baa	5e6a9b2d-d0fc-49bc-82ee-cf90764c0f80
19bee10f-4cca-4610-b61a-61274ee01557	LATITUDE 3440	2cb75c5e-1b46-4220-a5bf-c523c81d9baa	5e6a9b2d-d0fc-49bc-82ee-cf90764c0f80
3b41bfc8-6f5f-48af-8e71-6ca0e11edc98	XT1685	f2337673-7381-4cb3-87a3-eda8d08fb6fb	f6d2d95e-06af-4e7d-8b30-e12b8af28542
41a30491-9528-4912-9319-3cbd7a7a6e1e	GTR 3	906a65af-a1e3-47e4-a7a2-6f12cea5f4a7	5b1ed3c3-b2ac-4d42-8c59-3e0d5c2b1828
7bd49e42-be3c-4a89-9e1d-87e91f8a2c1f	SM-G988	424089c4-3e11-4cf8-ad82-37f1aae8f431	f6d2d95e-06af-4e7d-8b30-e12b8af28542
c73b125f-95bc-4a1a-a478-504710730501	SM-G510	424089c4-3e11-4cf8-ad82-37f1aae8f431	f6d2d95e-06af-4e7d-8b30-e12b8af28542
0b0098ad-3b89-45d6-b983-06058341004b	LA46D585K7M	424089c4-3e11-4cf8-ad82-37f1aae8f431	920a20a7-1803-4eb1-9f79-e8e53903da40
cd170bd4-cf50-4806-a2dd-5967743da49b	TA-1183	b7429b3e-e021-45ea-93f7-bb4f0461cf79	f6d2d95e-06af-4e7d-8b30-e12b8af28542
2a866d40-3ea4-4cdf-a64f-bc1c41760e72	ELITEBOOK 8560P	3bd08f5c-49b4-4f7a-8914-92d93a22f333	5e6a9b2d-d0fc-49bc-82ee-cf90764c0f80
65f07ee7-6f71-494c-a8cc-a66d5e277b05	A2564	e078e15a-1f34-4c78-95f7-bc6d2365c53f	211d8f23-774e-4d3b-928f-46d3e723d0c1
90623ebf-fa30-4b3d-a7be-270816f40042	TravelMate P215-53	0c4c7b1c-203c-4804-b272-66bd039c6288	5e6a9b2d-d0fc-49bc-82ee-cf90764c0f80
f7dfa2f4-b403-4a10-b07a-9bdee7e93cb5	P215-53	0c4c7b1c-203c-4804-b272-66bd039c6288	5e6a9b2d-d0fc-49bc-82ee-cf90764c0f80
8aec8905-929c-49c2-bd6e-679f887aa647	AN515-43	0c4c7b1c-203c-4804-b272-66bd039c6288	5e6a9b2d-d0fc-49bc-82ee-cf90764c0f80
19863e17-07c8-4b2e-9372-808b44c09d4f	SM-X216B	424089c4-3e11-4cf8-ad82-37f1aae8f431	8b436b8d-088a-430c-a72e-bd216804f246
6a54bae6-0add-4a5d-ad4e-3be527198d37	MI 34	5880d28f-9587-4266-881e-821aa78603e7	6dc6cbd4-6094-47d5-bfaa-2d7fedb3a715
b304452e-75eb-4364-b662-054005c6eefd	REDMI NOTE 14 PRO 5G	5880d28f-9587-4266-881e-821aa78603e7	f6d2d95e-06af-4e7d-8b30-e12b8af28542
9f159d90-8b9c-4898-a37d-666cc54e1429	Redmi Buds	5880d28f-9587-4266-881e-821aa78603e7	211d8f23-774e-4d3b-928f-46d3e723d0c1
1e0d48e5-1b7b-4966-9578-046bca847427	MI WATCH	5880d28f-9587-4266-881e-821aa78603e7	5b1ed3c3-b2ac-4d42-8c59-3e0d5c2b1828
0570b9ee-ad71-42e1-aabf-7a6c71ad6b45	A1920	e078e15a-1f34-4c78-95f7-bc6d2365c53f	f6d2d95e-06af-4e7d-8b30-e12b8af28542
5d784c13-37f4-4661-b707-6caeba41f782	A1418	e078e15a-1f34-4c78-95f7-bc6d2365c53f	8226724d-9267-462d-9f1d-081c83e4f939
a163eb6b-98b7-40f5-9ff4-7cb8c278bb8e	BAND 6	906a65af-a1e3-47e4-a7a2-6f12cea5f4a7	5b1ed3c3-b2ac-4d42-8c59-3e0d5c2b1828
bb2c5ffe-c715-4575-a2bb-ea8c27cc68af	M4 PRO	f5e98d9d-4c07-47ec-960c-e31590ae563e	5b1ed3c3-b2ac-4d42-8c59-3e0d5c2b1828
327a8285-5e33-4d39-93e8-ab3b4cab2270	GTS 2E	6c7d85d5-a979-4c4e-8351-0abc728e0a5b	5b1ed3c3-b2ac-4d42-8c59-3e0d5c2b1828
03079a49-9354-4c13-9748-a80bf73bb064	ASUS-Z01MD	35b5be13-59a3-4b30-9c12-198df7f21a14	f6d2d95e-06af-4e7d-8b30-e12b8af28542
218af3c1-e647-4054-a352-d328f003a3eb	A1311	e078e15a-1f34-4c78-95f7-bc6d2365c53f	8226724d-9267-462d-9f1d-081c83e4f939
47bbd8e0-88d3-43a2-8f1d-05604d6d57b8	SM-T865	424089c4-3e11-4cf8-ad82-37f1aae8f431	8b436b8d-088a-430c-a72e-bd216804f246
1319b928-2efd-4197-a1a5-40c5b19dde0d	SM-G986B	424089c4-3e11-4cf8-ad82-37f1aae8f431	f6d2d95e-06af-4e7d-8b30-e12b8af28542
47d78b17-3177-494f-aafb-ab9523d53952	SMG986B	424089c4-3e11-4cf8-ad82-37f1aae8f431	f6d2d95e-06af-4e7d-8b30-e12b8af28542
40af068e-d011-4482-bce7-efa40ff5aa00	one action	f2337673-7381-4cb3-87a3-eda8d08fb6fb	f6d2d95e-06af-4e7d-8b30-e12b8af28542
ed2cdf9d-b3a6-4f41-b219-54cca2188a1f	TA-1087	b7429b3e-e021-45ea-93f7-bb4f0461cf79	f6d2d95e-06af-4e7d-8b30-e12b8af28542
5b09a557-538f-428c-af34-15f16352a9fc	ME302	35b5be13-59a3-4b30-9c12-198df7f21a14	8b436b8d-088a-430c-a72e-bd216804f246
7c9ad505-b45d-4977-a04e-03999523db0c	AC2003	08f0f10d-8d93-443e-b78b-a87a2ac03bbe	f6d2d95e-06af-4e7d-8b30-e12b8af28542
fff33274-5a98-4b78-9b08-3529bbcca2cd	IN2013	08f0f10d-8d93-443e-b78b-a87a2ac03bbe	f6d2d95e-06af-4e7d-8b30-e12b8af28542
bdbb879b-f055-443b-903b-7b89266bf09e	IMISW12	5880d28f-9587-4266-881e-821aa78603e7	5b1ed3c3-b2ac-4d42-8c59-3e0d5c2b1828
b9890711-e960-4525-b91e-d1dd12516fe5	GM1913	08f0f10d-8d93-443e-b78b-a87a2ac03bbe	f6d2d95e-06af-4e7d-8b30-e12b8af28542
e7133918-d501-4c16-bebc-5c23a7d6300b	SM-A366B	424089c4-3e11-4cf8-ad82-37f1aae8f431	f6d2d95e-06af-4e7d-8b30-e12b8af28542
6515e2c5-a65f-4934-815f-f7c95b74272c	VG27E	35b5be13-59a3-4b30-9c12-198df7f21a14	6dc6cbd4-6094-47d5-bfaa-2d7fedb3a715
943f766d-25ec-466a-a69f-e777ccbb0e46	GTR 2	6c7d85d5-a979-4c4e-8351-0abc728e0a5b	5b1ed3c3-b2ac-4d42-8c59-3e0d5c2b1828
230d42b0-1684-4c38-94ad-c9bdfbcb020d	SM-A805F	424089c4-3e11-4cf8-ad82-37f1aae8f431	f6d2d95e-06af-4e7d-8b30-e12b8af28542
5317c603-73cc-4884-9382-892404bad773	TREX 2	6c7d85d5-a979-4c4e-8351-0abc728e0a5b	5b1ed3c3-b2ac-4d42-8c59-3e0d5c2b1828
6b764b32-e400-4070-9243-05cbd6963bf9	NTN-L22	0a2fef89-7576-44b6-b77b-a0f5cb9e14da	f6d2d95e-06af-4e7d-8b30-e12b8af28542
2d7df1e1-b07d-4cfe-8e61-b104f1186e7a	A1538	e078e15a-1f34-4c78-95f7-bc6d2365c53f	8b436b8d-088a-430c-a72e-bd216804f246
c24041a5-773a-445b-8480-38def3f73b44	SM-T835	424089c4-3e11-4cf8-ad82-37f1aae8f431	8b436b8d-088a-430c-a72e-bd216804f246
29ccff45-aeaa-43fe-931a-674d393b6e56	PG248	35b5be13-59a3-4b30-9c12-198df7f21a14	6dc6cbd4-6094-47d5-bfaa-2d7fedb3a715
811511f2-735f-4bac-b2d2-071dd74fc4c5	1631	6ebdaf7d-fe6e-4f62-b798-da9088773b46	5e6a9b2d-d0fc-49bc-82ee-cf90764c0f80
675793c3-7ca6-4a83-97e0-41786e0e15c2	PIXLE 6	a95f75d8-c7bc-4765-a93d-58ed809abf6b	f6d2d95e-06af-4e7d-8b30-e12b8af28542
ad351243-743f-4c45-8b1d-e756f8b3d2d3	XT2417	f2337673-7381-4cb3-87a3-eda8d08fb6fb	f6d2d95e-06af-4e7d-8b30-e12b8af28542
92548758-92bc-4037-914d-9511dd859b07	SM-S908B	424089c4-3e11-4cf8-ad82-37f1aae8f431	f6d2d95e-06af-4e7d-8b30-e12b8af28542
2ea6891a-5aa7-4bc5-9713-e9b808fedbc0	c11	5ba7cc53-aff9-48f6-8b45-f8bed4deac4f	f6d2d95e-06af-4e7d-8b30-e12b8af28542
eb57fc70-2b59-4b71-8c85-ac6151e84eb3	VIVO ACTIVE 3	bcc20fc0-f3dd-487a-8949-18662a8e294c	5b1ed3c3-b2ac-4d42-8c59-3e0d5c2b1828
b5fbda91-4b20-447b-ae1d-e0ca12a5086a	cma-lx2	0a2fef89-7576-44b6-b77b-a0f5cb9e14da	f6d2d95e-06af-4e7d-8b30-e12b8af28542
e8f670da-d183-4c01-9041-b09c6ef243f9	A667L	b9760f19-539e-4986-8290-355d5ead3494	f6d2d95e-06af-4e7d-8b30-e12b8af28542
e3c3e390-0b1f-44fb-a6b2-0e8555f180c7	A2016	e078e15a-1f34-4c78-95f7-bc6d2365c53f	211d8f23-774e-4d3b-928f-46d3e723d0c1
632d4992-d9d0-46f3-b266-7fdbaf4e40a3	REALME C30S	5880d28f-9587-4266-881e-821aa78603e7	f6d2d95e-06af-4e7d-8b30-e12b8af28542
965efde1-185c-41b9-9572-51e2af617301	AN515-55-70UZ	0c4c7b1c-203c-4804-b272-66bd039c6288	5e6a9b2d-d0fc-49bc-82ee-cf90764c0f80
e875644f-72ec-40e2-a7e0-62c7026b1917	IDEAPAD5 15AL7	40c633db-a833-4baf-bfda-f7ac7cdfbb4a	5e6a9b2d-d0fc-49bc-82ee-cf90764c0f80
5aaba987-d21b-46df-8db0-298a6b3510b4	E1504F	35b5be13-59a3-4b30-9c12-198df7f21a14	5e6a9b2d-d0fc-49bc-82ee-cf90764c0f80
d2c68e5c-7a89-4af3-b09d-328f2b8e92e7	LOQ 15IRH8	40c633db-a833-4baf-bfda-f7ac7cdfbb4a	5e6a9b2d-d0fc-49bc-82ee-cf90764c0f80
aebfd051-9c73-4ed8-91a6-7b7e3baf01a7	TANK T3 ULTRA	5880d28f-9587-4266-881e-821aa78603e7	5b1ed3c3-b2ac-4d42-8c59-3e0d5c2b1828
afc447fc-84e6-4870-b670-06469bc3db31	VG27	35b5be13-59a3-4b30-9c12-198df7f21a14	6dc6cbd4-6094-47d5-bfaa-2d7fedb3a715
87d5cd92-cf3a-4b07-a527-3b80ce6de99a	WATCH 8	5880d28f-9587-4266-881e-821aa78603e7	5b1ed3c3-b2ac-4d42-8c59-3e0d5c2b1828
dfe0e8ea-6562-4e67-824f-6e708e596ff5	REDMI 14C	5880d28f-9587-4266-881e-821aa78603e7	f6d2d95e-06af-4e7d-8b30-e12b8af28542
562fd362-6abd-435f-ae23-137259d18aa3	GS2	5880d28f-9587-4266-881e-821aa78603e7	5b1ed3c3-b2ac-4d42-8c59-3e0d5c2b1828
a36c8c2e-c992-45af-9e8e-d632edf64340	SM-N770F	424089c4-3e11-4cf8-ad82-37f1aae8f431	f6d2d95e-06af-4e7d-8b30-e12b8af28542
59a3903b-1242-461d-9aa5-be436653d7a7	BIP 3	6c7d85d5-a979-4c4e-8351-0abc728e0a5b	5b1ed3c3-b2ac-4d42-8c59-3e0d5c2b1828
59de9033-b727-4577-9108-337b18988835	TREX	6c7d85d5-a979-4c4e-8351-0abc728e0a5b	5b1ed3c3-b2ac-4d42-8c59-3e0d5c2b1828
f63703df-49cc-4474-9f33-c9b8838ccbce	A3010	08f0f10d-8d93-443e-b78b-a87a2ac03bbe	f6d2d95e-06af-4e7d-8b30-e12b8af28542
31dea69a-c123-47ae-9e53-5abbbd45f158	KDL-42W670A	f6985faf-c878-4ca4-8283-f93f44fc3343	920a20a7-1803-4eb1-9f79-e8e53903da40
47393607-9b51-438d-9eb3-7a1bf82c62ce	TA-1094	b7429b3e-e021-45ea-93f7-bb4f0461cf79	f6d2d95e-06af-4e7d-8b30-e12b8af28542
e249ed00-f7ae-4067-a6ff-438521ade73b	UX392F	35b5be13-59a3-4b30-9c12-198df7f21a14	5e6a9b2d-d0fc-49bc-82ee-cf90764c0f80
946ba07a-da4f-448e-84b3-1a07469c95d1	SM-A045F	424089c4-3e11-4cf8-ad82-37f1aae8f431	f6d2d95e-06af-4e7d-8b30-e12b8af28542
a20d8643-4acf-4f13-ae5c-ce0c01f7da3c	SM-S906E	424089c4-3e11-4cf8-ad82-37f1aae8f431	f6d2d95e-06af-4e7d-8b30-e12b8af28542
a1c7067f-84c1-468e-8836-8ca018ab0a89	M2462W1	5880d28f-9587-4266-881e-821aa78603e7	5b1ed3c3-b2ac-4d42-8c59-3e0d5c2b1828
5bf1c892-8cc7-41b8-af33-c99e596fcc3a	MI 13	5880d28f-9587-4266-881e-821aa78603e7	f6d2d95e-06af-4e7d-8b30-e12b8af28542
b511173c-a91f-4b8d-9306-7b60912b6bb5	GT7	5880d28f-9587-4266-881e-821aa78603e7	5b1ed3c3-b2ac-4d42-8c59-3e0d5c2b1828
69984d5c-ae78-48ac-9d73-a8e58374d923	XPERIA XA1	f6985faf-c878-4ca4-8283-f93f44fc3343	f6d2d95e-06af-4e7d-8b30-e12b8af28542
77d81f00-6347-4adf-bc5f-970c2fdb83a4	GTS 4	6c7d85d5-a979-4c4e-8351-0abc728e0a5b	5b1ed3c3-b2ac-4d42-8c59-3e0d5c2b1828
03a1e148-72dd-4cda-b5fa-8d693a46aaf5	POCO M6 4G	5880d28f-9587-4266-881e-821aa78603e7	f6d2d95e-06af-4e7d-8b30-e12b8af28542
5a1e4d57-d24b-459c-a4f2-173dd8ea30fa	A000307	10ffa809-4b2a-4963-9b23-e394a916bbf7	f6d2d95e-06af-4e7d-8b30-e12b8af28542
a7d17003-de4c-4bae-a626-a91e0aec35b5	SM-R600	424089c4-3e11-4cf8-ad82-37f1aae8f431	5b1ed3c3-b2ac-4d42-8c59-3e0d5c2b1828
bf672d78-5958-4ab6-b41d-dd0dd28885ff	A3090	e078e15a-1f34-4c78-95f7-bc6d2365c53f	f6d2d95e-06af-4e7d-8b30-e12b8af28542
920d2bde-f487-4ce7-aefa-c7d835c4a1f1	NX679J	7ff9f933-1bcf-4d72-bbb6-d34e64329548	f6d2d95e-06af-4e7d-8b30-e12b8af28542
71124596-0630-4c97-bb7c-632b8d6ca02f	XT1687	f2337673-7381-4cb3-87a3-eda8d08fb6fb	f6d2d95e-06af-4e7d-8b30-e12b8af28542
fe921176-0e84-4ace-9fed-5c3a0b932314	SM-S938B	424089c4-3e11-4cf8-ad82-37f1aae8f431	f6d2d95e-06af-4e7d-8b30-e12b8af28542
5c91ff78-dde0-4eda-95c4-089622fe0368	NCO-LX1	906a65af-a1e3-47e4-a7a2-6f12cea5f4a7	f6d2d95e-06af-4e7d-8b30-e12b8af28542
fa84ac9b-c179-4446-9c99-aea78d7b5480	SM-A556E	424089c4-3e11-4cf8-ad82-37f1aae8f431	f6d2d95e-06af-4e7d-8b30-e12b8af28542
675f2dca-d3cd-4e25-af4b-73edc96078e6	SM-T330	424089c4-3e11-4cf8-ad82-37f1aae8f431	8b436b8d-088a-430c-a72e-bd216804f246
e2a1dd66-45ba-49f6-a100-637c3b7a098c	REDMI WATCH 5	5880d28f-9587-4266-881e-821aa78603e7	5b1ed3c3-b2ac-4d42-8c59-3e0d5c2b1828
0653ac36-b42c-4e00-ac61-37340a740c87	SLIM3	40c633db-a833-4baf-bfda-f7ac7cdfbb4a	5e6a9b2d-d0fc-49bc-82ee-cf90764c0f80
e566ee4b-dd9d-4089-b00a-aee046c32ad5	SM-R920	424089c4-3e11-4cf8-ad82-37f1aae8f431	5b1ed3c3-b2ac-4d42-8c59-3e0d5c2b1828
8a63a226-489d-4fcc-afff-c92aa12bba51	UM5302L	35b5be13-59a3-4b30-9c12-198df7f21a14	5e6a9b2d-d0fc-49bc-82ee-cf90764c0f80
e60d4ef4-8221-42ef-be48-9ecc049ceb7d	LITE 3 PRO	5880d28f-9587-4266-881e-821aa78603e7	5b1ed3c3-b2ac-4d42-8c59-3e0d5c2b1828
65682349-cae8-4421-aad5-539fb440130b	KW66	5880d28f-9587-4266-881e-821aa78603e7	5b1ed3c3-b2ac-4d42-8c59-3e0d5c2b1828
53113320-bae4-4234-bd1b-f91dc25729ce	REALME NOTE 50	5880d28f-9587-4266-881e-821aa78603e7	f6d2d95e-06af-4e7d-8b30-e12b8af28542
a844b277-f60b-4558-9b7d-973550c18f08	RESIST 50M	6c7d85d5-a979-4c4e-8351-0abc728e0a5b	5b1ed3c3-b2ac-4d42-8c59-3e0d5c2b1828
4a30187a-e7d6-4df7-93c4-c586ba090f4b	SVE151C11L	f6985faf-c878-4ca4-8283-f93f44fc3343	5e6a9b2d-d0fc-49bc-82ee-cf90764c0f80
eac40ed0-a5df-4d7e-bbc5-8d45b89035d1	XT2029-2	f2337673-7381-4cb3-87a3-eda8d08fb6fb	f6d2d95e-06af-4e7d-8b30-e12b8af28542
0f2e1341-7f63-4a7e-b8e3-582e370de9e3	SM-R960	424089c4-3e11-4cf8-ad82-37f1aae8f431	5b1ed3c3-b2ac-4d42-8c59-3e0d5c2b1828
fac7f16a-9702-451e-ab28-15581e021048	A2319	6c7d85d5-a979-4c4e-8351-0abc728e0a5b	5b1ed3c3-b2ac-4d42-8c59-3e0d5c2b1828
c6c66140-34c0-4ee1-860a-992a1dad2f47	A1549	e078e15a-1f34-4c78-95f7-bc6d2365c53f	f6d2d95e-06af-4e7d-8b30-e12b8af28542
b3955e6c-1975-48c5-8745-b0fe9449ce49	A2483	e078e15a-1f34-4c78-95f7-bc6d2365c53f	f6d2d95e-06af-4e7d-8b30-e12b8af28542
06224c01-c765-4492-ac4c-a506f1a93f4f	XT2307-1	f2337673-7381-4cb3-87a3-eda8d08fb6fb	f6d2d95e-06af-4e7d-8b30-e12b8af28542
9a4d3035-626c-454c-8de8-65ebcad4a7eb	XT2171-2	f2337673-7381-4cb3-87a3-eda8d08fb6fb	f6d2d95e-06af-4e7d-8b30-e12b8af28542
55a2dbda-561a-47ff-be47-5dcb39d43293	HAYLOU RS4 PLUS	5880d28f-9587-4266-881e-821aa78603e7	5b1ed3c3-b2ac-4d42-8c59-3e0d5c2b1828
614f9452-68fa-4fd1-a0a5-e1288e0f3ec5	T14 GEN 4	40c633db-a833-4baf-bfda-f7ac7cdfbb4a	5e6a9b2d-d0fc-49bc-82ee-cf90764c0f80
3fd31774-ddd1-4384-9c32-21505627cad6	PS5	f6985faf-c878-4ca4-8283-f93f44fc3343	117f4ed0-32c7-4d4d-918e-f42b876f8f0b
d9603cf6-9c70-4598-ad62-2fac8a197a43	SM-A736B	5880d28f-9587-4266-881e-821aa78603e7	f6d2d95e-06af-4e7d-8b30-e12b8af28542
6a34f0b9-bb71-44f1-b355-314ac9badf49	GT-P5200	424089c4-3e11-4cf8-ad82-37f1aae8f431	8b436b8d-088a-430c-a72e-bd216804f246
dd2e855f-f750-44dd-ac6f-79105b0959d1	A2200	e078e15a-1f34-4c78-95f7-bc6d2365c53f	8b436b8d-088a-430c-a72e-bd216804f246
2516c1b3-ee29-46e7-bce3-051446a8476d	N53	35b5be13-59a3-4b30-9c12-198df7f21a14	5e6a9b2d-d0fc-49bc-82ee-cf90764c0f80
9b45a5be-3e64-4da6-8d53-4f3dc69b3dbc	SM-A307FN	424089c4-3e11-4cf8-ad82-37f1aae8f431	f6d2d95e-06af-4e7d-8b30-e12b8af28542
090a5f75-293f-4ccb-a22d-539fc1051350	S1 ACTIVE	5880d28f-9587-4266-881e-821aa78603e7	5b1ed3c3-b2ac-4d42-8c59-3e0d5c2b1828
67802ba7-8a80-45df-997d-67e7a15fe6c8	ODN-B19	906a65af-a1e3-47e4-a7a2-6f12cea5f4a7	5b1ed3c3-b2ac-4d42-8c59-3e0d5c2b1828
c453cd8d-f92f-48d4-b5cc-bcbd3a7d9c4b	SM-R860	424089c4-3e11-4cf8-ad82-37f1aae8f431	5b1ed3c3-b2ac-4d42-8c59-3e0d5c2b1828
9a336486-7111-4974-b573-01b808a777b9	A3000	40c633db-a833-4baf-bfda-f7ac7cdfbb4a	8b436b8d-088a-430c-a72e-bd216804f246
9eaa4d54-c122-47ef-8785-ed51bc5705f8	Z4	f6985faf-c878-4ca4-8283-f93f44fc3343	f6d2d95e-06af-4e7d-8b30-e12b8af28542
a2c227dd-68ec-4d0f-856f-08c38da7dc87	E6553	f6985faf-c878-4ca4-8283-f93f44fc3343	f6d2d95e-06af-4e7d-8b30-e12b8af28542
3c414038-53a9-45ab-b2a7-5dfb7f9cff55	SHT-AL09	906a65af-a1e3-47e4-a7a2-6f12cea5f4a7	8b436b8d-088a-430c-a72e-bd216804f246
4d760a1a-f967-4953-8966-4b1769ace420	REALME C51	5880d28f-9587-4266-881e-821aa78603e7	f6d2d95e-06af-4e7d-8b30-e12b8af28542
cc4c01a7-6ec9-4744-8100-94faf5699cc6	1810TZ	0c4c7b1c-203c-4804-b272-66bd039c6288	5e6a9b2d-d0fc-49bc-82ee-cf90764c0f80
c868e8b1-ffaf-4a21-9886-a8d977d713d2	SM-J530F	424089c4-3e11-4cf8-ad82-37f1aae8f431	f6d2d95e-06af-4e7d-8b30-e12b8af28542
3371fc7f-675f-4ea6-9728-dcdba98f6435	XT2097-13	f2337673-7381-4cb3-87a3-eda8d08fb6fb	f6d2d95e-06af-4e7d-8b30-e12b8af28542
24432275-1836-4b9c-9dfe-6891a4c7b06f	MI BAND 2	5880d28f-9587-4266-881e-821aa78603e7	5b1ed3c3-b2ac-4d42-8c59-3e0d5c2b1828
7ba30681-d890-4a2a-a82b-4c87044e243d	NP300E5Z	424089c4-3e11-4cf8-ad82-37f1aae8f431	5e6a9b2d-d0fc-49bc-82ee-cf90764c0f80
78ff5e45-506c-416f-86a6-54089115fa77	ZC600KL	35b5be13-59a3-4b30-9c12-198df7f21a14	f6d2d95e-06af-4e7d-8b30-e12b8af28542
b7b8f5f5-fc1a-4aa0-9d9b-2f56d9fda02d	MS-16GD	2e8da2f9-2e3b-4c2a-95c3-72fcdd5cc9b0	5e6a9b2d-d0fc-49bc-82ee-cf90764c0f80
df7bebe2-408d-4c74-b188-59477a50f922	HCT-B19	906a65af-a1e3-47e4-a7a2-6f12cea5f4a7	5b1ed3c3-b2ac-4d42-8c59-3e0d5c2b1828
ff7b7b53-5c5b-4426-9fb3-7d6a749454a8	SM-G990B	424089c4-3e11-4cf8-ad82-37f1aae8f431	f6d2d95e-06af-4e7d-8b30-e12b8af28542
7605f678-144b-4dcb-b797-c6d88c945919	X2 PRO 612 G2	3bd08f5c-49b4-4f7a-8914-92d93a22f333	5e6a9b2d-d0fc-49bc-82ee-cf90764c0f80
835d2171-a79c-4230-bcb6-32be39334858	MIBRO LITE 2	6c7d85d5-a979-4c4e-8351-0abc728e0a5b	5b1ed3c3-b2ac-4d42-8c59-3e0d5c2b1828
29e1a2f9-8b23-44d9-9859-7d510e976cee	L50M6-6ARG	5880d28f-9587-4266-881e-821aa78603e7	920a20a7-1803-4eb1-9f79-e8e53903da40
ca7c2f7d-83d3-450a-827d-d8289cd102b3	SERIES 6	a08d580f-d3b7-40ae-953f-23d5dfa3b527	5b1ed3c3-b2ac-4d42-8c59-3e0d5c2b1828
a2d65bd2-b4ba-4fd6-97ad-f21e657de172	MS-AA593	2e8da2f9-2e3b-4c2a-95c3-72fcdd5cc9b0	8226724d-9267-462d-9f1d-081c83e4f939
c35ac10c-5c60-45a0-822e-65635b6b7ad5	MS-AA59	2e8da2f9-2e3b-4c2a-95c3-72fcdd5cc9b0	8226724d-9267-462d-9f1d-081c83e4f939
fd4b8359-b3e0-4778-a135-5a3229614d50	3165N	2e8da2f9-2e3b-4c2a-95c3-72fcdd5cc9b0	8226724d-9267-462d-9f1d-081c83e4f939
d983d9b7-dc90-41a7-8107-7599e2ed82a5	HSTNN-C87C	3bd08f5c-49b4-4f7a-8914-92d93a22f333	5e6a9b2d-d0fc-49bc-82ee-cf90764c0f80
c9d07e84-5831-4240-bc01-b2c90180dfc7	K56 PRO	5880d28f-9587-4266-881e-821aa78603e7	5b1ed3c3-b2ac-4d42-8c59-3e0d5c2b1828
f3cf66ee-60d2-4094-a3b8-d6cdd90f8d12	A2897	e078e15a-1f34-4c78-95f7-bc6d2365c53f	211d8f23-774e-4d3b-928f-46d3e723d0c1
36bf64a1-044f-40f8-b3c5-c03adb67df23	XT2153-1	f2337673-7381-4cb3-87a3-eda8d08fb6fb	f6d2d95e-06af-4e7d-8b30-e12b8af28542
42fb3dc5-fc77-46eb-ad17-b20db71ef585	REALME 11 PRO	5880d28f-9587-4266-881e-821aa78603e7	f6d2d95e-06af-4e7d-8b30-e12b8af28542
0b664ad4-1cb4-40bc-bdee-30b7c51345a4	3CC2	2e8da2f9-2e3b-4c2a-95c3-72fcdd5cc9b0	6dc6cbd4-6094-47d5-bfaa-2d7fedb3a715
1ee1dd60-99a2-4848-839d-2e3d681f1766	MAG273	2e8da2f9-2e3b-4c2a-95c3-72fcdd5cc9b0	6dc6cbd4-6094-47d5-bfaa-2d7fedb3a715
37cb767b-f28b-4509-aa2e-31871fb167dd	SM-T715	424089c4-3e11-4cf8-ad82-37f1aae8f431	8b436b8d-088a-430c-a72e-bd216804f246
8d6815f3-3a00-4710-ba52-28b7fc4cac6a	MX279	35b5be13-59a3-4b30-9c12-198df7f21a14	6dc6cbd4-6094-47d5-bfaa-2d7fedb3a715
68da54d9-0bd1-46ae-87cf-06f6a624d1f1	SVF14N15CD	f6985faf-c878-4ca4-8283-f93f44fc3343	5e6a9b2d-d0fc-49bc-82ee-cf90764c0f80
5fe64187-bb4e-49b7-9ef1-fa7269501eb2	SVF14N15CB	f6985faf-c878-4ca4-8283-f93f44fc3343	5e6a9b2d-d0fc-49bc-82ee-cf90764c0f80
8bc6e524-14a0-4eb5-a2f0-9f5294bb50a9	F0E8	40c633db-a833-4baf-bfda-f7ac7cdfbb4a	8226724d-9267-462d-9f1d-081c83e4f939
a13de23e-0f12-4f8a-a707-d1c71057a4ac	NE2210	08f0f10d-8d93-443e-b78b-a87a2ac03bbe	f6d2d95e-06af-4e7d-8b30-e12b8af28542
77952d45-4810-42a4-9659-587d62eac0a8	A2992	e078e15a-1f34-4c78-95f7-bc6d2365c53f	5e6a9b2d-d0fc-49bc-82ee-cf90764c0f80
ea0412df-f30a-42ae-a2ed-b70bea6a2b25	N55S	35b5be13-59a3-4b30-9c12-198df7f21a14	5e6a9b2d-d0fc-49bc-82ee-cf90764c0f80
e4b8af50-f41d-42d7-8d59-65e4906f62f5	REDMI WATCH 5 LITE	5880d28f-9587-4266-881e-821aa78603e7	5b1ed3c3-b2ac-4d42-8c59-3e0d5c2b1828
08eb3e13-7499-4346-8373-24b98eae8c4d	THINKPAD	40c633db-a833-4baf-bfda-f7ac7cdfbb4a	5e6a9b2d-d0fc-49bc-82ee-cf90764c0f80
f38a98d6-c775-4e6e-a39d-b2caa7a63e81	XPAW015	5880d28f-9587-4266-881e-821aa78603e7	5b1ed3c3-b2ac-4d42-8c59-3e0d5c2b1828
6b6cae49-9a08-42f9-a784-db4ad3431b5f	A3296	e078e15a-1f34-4c78-95f7-bc6d2365c53f	f6d2d95e-06af-4e7d-8b30-e12b8af28542
31df59b5-24a8-494d-b06d-55602c0b929a	TA-1234	b7429b3e-e021-45ea-93f7-bb4f0461cf79	f6d2d95e-06af-4e7d-8b30-e12b8af28542
4bcf5213-6ecb-4963-a103-8897f76f1f0e	UA46F5550	424089c4-3e11-4cf8-ad82-37f1aae8f431	920a20a7-1803-4eb1-9f79-e8e53903da40
f1a67b61-459d-46bb-9bb6-81c6d863453a	SM-M315F	424089c4-3e11-4cf8-ad82-37f1aae8f431	f6d2d95e-06af-4e7d-8b30-e12b8af28542
99b603d3-5db5-48c5-8463-7d206670e0ca	MATE VIEW GT	906a65af-a1e3-47e4-a7a2-6f12cea5f4a7	6dc6cbd4-6094-47d5-bfaa-2d7fedb3a715
99136446-ec23-4194-88a4-24a5d5b7a14c	SM-L310	424089c4-3e11-4cf8-ad82-37f1aae8f431	5b1ed3c3-b2ac-4d42-8c59-3e0d5c2b1828
05f4ac3c-d071-49af-9ba5-41fec7ebe87a	POCO X7 PRO 5G	5880d28f-9587-4266-881e-821aa78603e7	f6d2d95e-06af-4e7d-8b30-e12b8af28542
5d7cab7d-1b54-4e18-b9a8-a2592d6a5d16	SM-A605F	424089c4-3e11-4cf8-ad82-37f1aae8f431	f6d2d95e-06af-4e7d-8b30-e12b8af28542
af768bce-d51e-447e-8062-c5b8664fb4ef	GTS1	6c7d85d5-a979-4c4e-8351-0abc728e0a5b	5b1ed3c3-b2ac-4d42-8c59-3e0d5c2b1828
0692cfc6-b170-43ee-9a94-c48badf2ef55	BIP GLOBAL	6c7d85d5-a979-4c4e-8351-0abc728e0a5b	5b1ed3c3-b2ac-4d42-8c59-3e0d5c2b1828
b91682ea-273d-4ab4-bfa0-1ba25e7b50ed	REDMI WATCH 3	5880d28f-9587-4266-881e-821aa78603e7	5b1ed3c3-b2ac-4d42-8c59-3e0d5c2b1828
bf376314-e511-4888-b7ff-9231d14fe883	A142	a468b661-cf1d-445b-bf3a-26888d4fe587	f6d2d95e-06af-4e7d-8b30-e12b8af28542
173de7a7-c091-430d-9079-2c80e87a5322	REDMI 10 POWER	5880d28f-9587-4266-881e-821aa78603e7	f6d2d95e-06af-4e7d-8b30-e12b8af28542
2be3f43c-5615-4201-b281-c01775db7565	A1969	5880d28f-9587-4266-881e-821aa78603e7	5b1ed3c3-b2ac-4d42-8c59-3e0d5c2b1828
1810a5a7-a0d2-4e5d-a86a-14ded93a42e8	X1503Z	35b5be13-59a3-4b30-9c12-198df7f21a14	5e6a9b2d-d0fc-49bc-82ee-cf90764c0f80
65edb14f-7adb-4698-aa84-b4efcd49f960	JAT-L29	906a65af-a1e3-47e4-a7a2-6f12cea5f4a7	f6d2d95e-06af-4e7d-8b30-e12b8af28542
2f22abad-1ec7-48bb-9ff2-382afbd67e97	BOD-WDH9	906a65af-a1e3-47e4-a7a2-6f12cea5f4a7	5e6a9b2d-d0fc-49bc-82ee-cf90764c0f80
7f06ea06-1b14-4be4-9d8e-490f055885ae	REALME 7I	5880d28f-9587-4266-881e-821aa78603e7	f6d2d95e-06af-4e7d-8b30-e12b8af28542
536b0f77-d7ec-472d-8e02-b3e135600630	WATCH S1	5880d28f-9587-4266-881e-821aa78603e7	5b1ed3c3-b2ac-4d42-8c59-3e0d5c2b1828
4f7280dd-0636-4fef-90e0-e749e2d1143e	3160NGW	2e8da2f9-2e3b-4c2a-95c3-72fcdd5cc9b0	8226724d-9267-462d-9f1d-081c83e4f939
001cedd9-788c-4816-8116-1d35c271a6d5	A2018	6c7d85d5-a979-4c4e-8351-0abc728e0a5b	5b1ed3c3-b2ac-4d42-8c59-3e0d5c2b1828
270cba70-f41f-448e-8e44-ff88419bffe1	15-K007NE	3bd08f5c-49b4-4f7a-8914-92d93a22f333	5e6a9b2d-d0fc-49bc-82ee-cf90764c0f80
4a8a6a1c-49ea-4803-8cb4-003d2b4a9a16	XG49VQ	35b5be13-59a3-4b30-9c12-198df7f21a14	6dc6cbd4-6094-47d5-bfaa-2d7fedb3a715
1bde9526-5b5a-4b8a-bd12-1cbebe166930	PCG-7161L	f6985faf-c878-4ca4-8283-f93f44fc3343	5e6a9b2d-d0fc-49bc-82ee-cf90764c0f80
d9dd8a9f-3c75-4ab1-8b2d-ad88312e0972	A1419	e078e15a-1f34-4c78-95f7-bc6d2365c53f	8226724d-9267-462d-9f1d-081c83e4f939
5b90e1b3-62a5-4065-83bd-56fc04aae0f6	REDMI GT MASTER	5880d28f-9587-4266-881e-821aa78603e7	f6d2d95e-06af-4e7d-8b30-e12b8af28542
385f3239-09cc-45d0-a714-77e111ae89c8	SM-A256E	424089c4-3e11-4cf8-ad82-37f1aae8f431	f6d2d95e-06af-4e7d-8b30-e12b8af28542
fed88b86-3ac1-4930-a9d6-05ff2c7e6c7d	MI BAND 5	5880d28f-9587-4266-881e-821aa78603e7	5b1ed3c3-b2ac-4d42-8c59-3e0d5c2b1828
802c4cc1-37a9-4ba9-b3da-5b15a30f4648	SM-R930	424089c4-3e11-4cf8-ad82-37f1aae8f431	5b1ed3c3-b2ac-4d42-8c59-3e0d5c2b1828
b702d526-aefc-439e-8b42-c1f3da4f0bb7	CPH2529	a63cda90-6f45-4976-b0ad-e1da2533ea27	f6d2d95e-06af-4e7d-8b30-e12b8af28542
55854fcb-ac2a-4582-ba1f-9a78e7309bec	1872	6ebdaf7d-fe6e-4f62-b798-da9088773b46	5e6a9b2d-d0fc-49bc-82ee-cf90764c0f80
8a45e312-2206-4b4a-8cf9-9666eb28e39e	A3000-H	40c633db-a833-4baf-bfda-f7ac7cdfbb4a	8b436b8d-088a-430c-a72e-bd216804f246
60f13c50-69e6-438e-8e95-c87500490651	A3084	e078e15a-1f34-4c78-95f7-bc6d2365c53f	f6d2d95e-06af-4e7d-8b30-e12b8af28542
10fb913c-0a48-4d89-ab82-dd3867ef423b	SM-A055F	424089c4-3e11-4cf8-ad82-37f1aae8f431	f6d2d95e-06af-4e7d-8b30-e12b8af28542
f036b18d-9133-4bbb-8249-02fe7fd0a09a	L65M5-5SIN	5880d28f-9587-4266-881e-821aa78603e7	920a20a7-1803-4eb1-9f79-e8e53903da40
2d0112cb-61e4-47bb-8bd9-4ed3815f7b01	X552L	35b5be13-59a3-4b30-9c12-198df7f21a14	5e6a9b2d-d0fc-49bc-82ee-cf90764c0f80
3db606c4-c43b-4015-83c0-9ee3dc664d19	K59 PRO	5880d28f-9587-4266-881e-821aa78603e7	5b1ed3c3-b2ac-4d42-8c59-3e0d5c2b1828
7365dee7-0938-4e61-94b4-e3cac6a498c6	A2407	e078e15a-1f34-4c78-95f7-bc6d2365c53f	f6d2d95e-06af-4e7d-8b30-e12b8af28542
54812b57-d2f2-4b2a-813b-86c61fc1768f	MIBRO SMART WATCH INPUT	5880d28f-9587-4266-881e-821aa78603e7	5b1ed3c3-b2ac-4d42-8c59-3e0d5c2b1828
c7db4568-a815-45db-95ae-2bb2868b0ea1	A5500-H	40c633db-a833-4baf-bfda-f7ac7cdfbb4a	8b436b8d-088a-430c-a72e-bd216804f246
a812f7d7-a63e-4461-b06e-2f88595e6066	NOTE 20 ULTRA	424089c4-3e11-4cf8-ad82-37f1aae8f431	f6d2d95e-06af-4e7d-8b30-e12b8af28542
d56ef8b2-8492-4ed8-91e1-95cc4387f8a6	S22Ultra	424089c4-3e11-4cf8-ad82-37f1aae8f431	f6d2d95e-06af-4e7d-8b30-e12b8af28542
b12882c1-3f7e-4f61-b5c2-fbd39143c143	SM-G950F	424089c4-3e11-4cf8-ad82-37f1aae8f431	f6d2d95e-06af-4e7d-8b30-e12b8af28542
32c38ec5-1c6b-47c2-a35a-ce954edf3a6d	ASUS-Z00AD	35b5be13-59a3-4b30-9c12-198df7f21a14	f6d2d95e-06af-4e7d-8b30-e12b8af28542
a52b5cb8-a761-430c-90a8-bea9ec14ce82	B19-5ATM	906a65af-a1e3-47e4-a7a2-6f12cea5f4a7	5b1ed3c3-b2ac-4d42-8c59-3e0d5c2b1828
0f1b546a-e2e4-48ce-a78c-e2362500f234	SM-A730F	424089c4-3e11-4cf8-ad82-37f1aae8f431	f6d2d95e-06af-4e7d-8b30-e12b8af28542
315298ef-f0ba-422b-9f0d-07049dd8ab89	SM-S721B	424089c4-3e11-4cf8-ad82-37f1aae8f431	f6d2d95e-06af-4e7d-8b30-e12b8af28542
881d0e79-aaa4-456b-8b6e-3d64d994144f	SM-A105G	424089c4-3e11-4cf8-ad82-37f1aae8f431	f6d2d95e-06af-4e7d-8b30-e12b8af28542
32baa4d5-b229-4b71-877b-0fcc5f73bb9c	XT2343-6	f2337673-7381-4cb3-87a3-eda8d08fb6fb	f6d2d95e-06af-4e7d-8b30-e12b8af28542
d62a077a-50f8-46aa-b670-1f8b40818c01	H8314	f6985faf-c878-4ca4-8283-f93f44fc3343	f6d2d95e-06af-4e7d-8b30-e12b8af28542
0eb663f8-1b52-46e4-a3af-9c9bebce2f71	VERSACE	a08d580f-d3b7-40ae-953f-23d5dfa3b527	5b1ed3c3-b2ac-4d42-8c59-3e0d5c2b1828
21ce7e5e-b718-4e38-8225-7e1221c9a862	PIXLE  2	a95f75d8-c7bc-4765-a93d-58ed809abf6b	f6d2d95e-06af-4e7d-8b30-e12b8af28542
78bdd9a3-21c9-4144-b309-61bf8612b3bc	SM-W727	424089c4-3e11-4cf8-ad82-37f1aae8f431	5e6a9b2d-d0fc-49bc-82ee-cf90764c0f80
bb7b3939-0887-4b00-af56-a33f450cc311	T00G	35b5be13-59a3-4b30-9c12-198df7f21a14	f6d2d95e-06af-4e7d-8b30-e12b8af28542
a63fd8ab-9c08-48d8-9158-34de7cafe1de	SM-R900	424089c4-3e11-4cf8-ad82-37f1aae8f431	5b1ed3c3-b2ac-4d42-8c59-3e0d5c2b1828
d277f202-1cd5-4bce-9d8f-a546ce033093	HSN-CBA	906a65af-a1e3-47e4-a7a2-6f12cea5f4a7	6dc6cbd4-6094-47d5-bfaa-2d7fedb3a715
d2bbaedd-b046-4552-a503-36d222654d84	MIBRO WHATCH LITE 2	5880d28f-9587-4266-881e-821aa78603e7	5b1ed3c3-b2ac-4d42-8c59-3e0d5c2b1828
ee1d2ee2-9423-4606-8abe-ff9f94d17060	BLACK SHARK S1 PRO	5880d28f-9587-4266-881e-821aa78603e7	5b1ed3c3-b2ac-4d42-8c59-3e0d5c2b1828
dd46b2f3-2909-44a4-b31a-a8489f4e370b	PREDATOR HELIOS NEO 16	0c4c7b1c-203c-4804-b272-66bd039c6288	5e6a9b2d-d0fc-49bc-82ee-cf90764c0f80
fc02f7e0-c89d-48d2-aa74-a0b22ca9e556	XT2423-2	f2337673-7381-4cb3-87a3-eda8d08fb6fb	f6d2d95e-06af-4e7d-8b30-e12b8af28542
e602b321-defc-441d-ba60-fad7c0b2a914	MI 13 ULTRA	5880d28f-9587-4266-881e-821aa78603e7	f6d2d95e-06af-4e7d-8b30-e12b8af28542
ae6b9774-9bc1-4f42-a6ad-97ee8ce8b426	A1602	e078e15a-1f34-4c78-95f7-bc6d2365c53f	211d8f23-774e-4d3b-928f-46d3e723d0c1
c9660f31-f90c-4c52-9d61-a5178ffdc9bd	SM-T705	424089c4-3e11-4cf8-ad82-37f1aae8f431	8b436b8d-088a-430c-a72e-bd216804f246
887681eb-09e7-49e8-b55e-1ec4ce3254d7	XT2117-4	f2337673-7381-4cb3-87a3-eda8d08fb6fb	f6d2d95e-06af-4e7d-8b30-e12b8af28542
ed1d8c7e-e10f-43c9-a224-775b9d628be2	SM-R940	424089c4-3e11-4cf8-ad82-37f1aae8f431	5b1ed3c3-b2ac-4d42-8c59-3e0d5c2b1828
aae42e85-926d-458f-a32c-57fd19575bc6	A2442	e078e15a-1f34-4c78-95f7-bc6d2365c53f	5e6a9b2d-d0fc-49bc-82ee-cf90764c0f80
1932f65b-8202-45db-80cf-ec1c72045142	A2170	6c7d85d5-a979-4c4e-8351-0abc728e0a5b	5b1ed3c3-b2ac-4d42-8c59-3e0d5c2b1828
07c03fc9-c7fe-4ced-a6da-d4dcdfa07823	SM-T280	424089c4-3e11-4cf8-ad82-37f1aae8f431	8b436b8d-088a-430c-a72e-bd216804f246
4d015101-5fce-4260-a472-7e836ef9400c	REDMI NOTE 14S	5880d28f-9587-4266-881e-821aa78603e7	f6d2d95e-06af-4e7d-8b30-e12b8af28542
3608e8b0-5424-401c-a3c4-b25ab36d7db0	GT-P6800	424089c4-3e11-4cf8-ad82-37f1aae8f431	8b436b8d-088a-430c-a72e-bd216804f246
3a9bc7c2-7063-49fd-987f-275e92ff5826	XT2347-2	f2337673-7381-4cb3-87a3-eda8d08fb6fb	f6d2d95e-06af-4e7d-8b30-e12b8af28542
d61e4846-0218-42ab-9503-164e33a0f7d9	KIESLECT KS2	5880d28f-9587-4266-881e-821aa78603e7	5b1ed3c3-b2ac-4d42-8c59-3e0d5c2b1828
3ef9cd2d-1037-4335-a0fb-e80d1a89fdc6	6399	6ebdaf7d-fe6e-4f62-b798-da9088773b46	5e6a9b2d-d0fc-49bc-82ee-cf90764c0f80
6bf9b48b-3e32-4be5-8bdb-a548ad6e3fed	REDMI NOTE 14 4G	5880d28f-9587-4266-881e-821aa78603e7	f6d2d95e-06af-4e7d-8b30-e12b8af28542
2822f8f5-b97b-4b50-aabf-8b79c742eac6	V230IC	35b5be13-59a3-4b30-9c12-198df7f21a14	8226724d-9267-462d-9f1d-081c83e4f939
ea2d3f46-6475-4532-8db3-03a10e7f9774	SM-A217F	5880d28f-9587-4266-881e-821aa78603e7	f6d2d95e-06af-4e7d-8b30-e12b8af28542
efc05662-5c8f-44b9-bfbe-c5cfd7ae2d1b	َA1419	b9e9cb47-a100-4349-b300-7feba2f54638	8226724d-9267-462d-9f1d-081c83e4f939
c31c9ee1-bcf4-4bc9-9f43-df597cf50e1b	A2083	e078e15a-1f34-4c78-95f7-bc6d2365c53f	211d8f23-774e-4d3b-928f-46d3e723d0c1
a919458f-5c93-4e8d-b399-2cd7d2fa8cea	C40-30	40c633db-a833-4baf-bfda-f7ac7cdfbb4a	8226724d-9267-462d-9f1d-081c83e4f939
e6b24713-96fd-43ee-a820-1a1fe4901cd7	C40-30	40c633db-a833-4baf-bfda-f7ac7cdfbb4a	6dc6cbd4-6094-47d5-bfaa-2d7fedb3a715
8a4b421a-08d5-40e4-bf6e-3e2556719f3f	WATCH 2 PRO	5880d28f-9587-4266-881e-821aa78603e7	5b1ed3c3-b2ac-4d42-8c59-3e0d5c2b1828
1999a37f-8083-4e02-accb-654abf803cab	LENOVO LEGION 5	40c633db-a833-4baf-bfda-f7ac7cdfbb4a	5e6a9b2d-d0fc-49bc-82ee-cf90764c0f80
d672d7c2-6084-4575-9292-62b081bfc8ee	REDMI WATCH 2 LITE	5880d28f-9587-4266-881e-821aa78603e7	5b1ed3c3-b2ac-4d42-8c59-3e0d5c2b1828
52b40704-4ac1-40fd-9b06-7d86ce38512d	SM-J700F	424089c4-3e11-4cf8-ad82-37f1aae8f431	f6d2d95e-06af-4e7d-8b30-e12b8af28542
384f59e4-f3b6-4685-a36d-e84901d2aa60	SM-N910P	424089c4-3e11-4cf8-ad82-37f1aae8f431	f6d2d95e-06af-4e7d-8b30-e12b8af28542
ec197b74-c11f-40d2-8953-1f4e5a6156ef	A2186	e078e15a-1f34-4c78-95f7-bc6d2365c53f	5e6a9b2d-d0fc-49bc-82ee-cf90764c0f80
21afeb44-162b-4695-b970-e8cfe6058b4e	A2186	e078e15a-1f34-4c78-95f7-bc6d2365c53f	f6d2d95e-06af-4e7d-8b30-e12b8af28542
c7ae0683-0191-42e4-a92c-181a11f42a92	A1971	6c7d85d5-a979-4c4e-8351-0abc728e0a5b	5b1ed3c3-b2ac-4d42-8c59-3e0d5c2b1828
e8628701-52b6-414a-9d52-125165289ca5	XMMNTWQ34	5880d28f-9587-4266-881e-821aa78603e7	6dc6cbd4-6094-47d5-bfaa-2d7fedb3a715
b64360ad-ff5c-42e7-af2a-206f8ecd682f	LS20H315B PLUS	424089c4-3e11-4cf8-ad82-37f1aae8f431	6dc6cbd4-6094-47d5-bfaa-2d7fedb3a715
eb029f0d-616c-4e79-a354-cc91ff46c5a8	REDMI 13 4G	5880d28f-9587-4266-881e-821aa78603e7	f6d2d95e-06af-4e7d-8b30-e12b8af28542
d125830a-5228-4e29-9122-615c7437ca82	STYTJ05ZHMHW	5880d28f-9587-4266-881e-821aa78603e7	77093a0b-a850-4359-a4fd-b20619b9be56
b6e559e3-5cd1-46e1-b66e-4b556d3ce624	TREX 2	5880d28f-9587-4266-881e-821aa78603e7	5b1ed3c3-b2ac-4d42-8c59-3e0d5c2b1828
61fbba35-eab6-48a4-926e-aacfb637c359	A2176	6c7d85d5-a979-4c4e-8351-0abc728e0a5b	5b1ed3c3-b2ac-4d42-8c59-3e0d5c2b1828
20bf1161-8296-445e-8e4b-0b43349e9e76	MJSTG1	5880d28f-9587-4266-881e-821aa78603e7	77093a0b-a850-4359-a4fd-b20619b9be56
b0f312de-4cec-40e3-ad9c-a241ce0f2b13	REDMI NOTE 11E	5880d28f-9587-4266-881e-821aa78603e7	f6d2d95e-06af-4e7d-8b30-e12b8af28542
68d5e19c-2e00-4c69-ac69-91d7b32c7729	OPM1100	3f7e036e-e307-4967-97ea-9b6b3f1f4a7f	f6d2d95e-06af-4e7d-8b30-e12b8af28542
0b4380ca-1aeb-495c-b88b-64e59cd6971c	161201	5880d28f-9587-4266-881e-821aa78603e7	5e6a9b2d-d0fc-49bc-82ee-cf90764c0f80
ab5d643c-2645-449c-b373-0eadf54bbf5f	A2316	e078e15a-1f34-4c78-95f7-bc6d2365c53f	8b436b8d-088a-430c-a72e-bd216804f246
0b2ed290-391d-4b97-a345-f922b44477e5	SM-A600G	424089c4-3e11-4cf8-ad82-37f1aae8f431	f6d2d95e-06af-4e7d-8b30-e12b8af28542
1569e10d-217f-443c-8cb7-bb1fe4851e82	A2323	6c7d85d5-a979-4c4e-8351-0abc728e0a5b	5b1ed3c3-b2ac-4d42-8c59-3e0d5c2b1828
c0d716a2-6938-4bc1-a213-d752ce80fa61	ALI-NX1	0a2fef89-7576-44b6-b77b-a0f5cb9e14da	f6d2d95e-06af-4e7d-8b30-e12b8af28542
5e7be616-44ad-418e-9992-64ebd97ce7a4	GTR 3	6c7d85d5-a979-4c4e-8351-0abc728e0a5b	5b1ed3c3-b2ac-4d42-8c59-3e0d5c2b1828
b4420fa9-473e-441e-9f82-e557b7dbadc6	EliteBook 840 G3	3bd08f5c-49b4-4f7a-8914-92d93a22f333	5e6a9b2d-d0fc-49bc-82ee-cf90764c0f80
034462d7-af66-4d90-a34a-533fac801ad4	A3287	e078e15a-1f34-4c78-95f7-bc6d2365c53f	f6d2d95e-06af-4e7d-8b30-e12b8af28542
8647e529-8e70-48ab-a173-a77ca80232fa	LG-W280	74f5db46-b909-4575-b00a-e75e6a770c44	5b1ed3c3-b2ac-4d42-8c59-3e0d5c2b1828
f554ba11-8f50-40cd-abcf-7f60f910d442	B105	5880d28f-9587-4266-881e-821aa78603e7	77093a0b-a850-4359-a4fd-b20619b9be56
171ec0f5-4e4b-4284-98db-018627c78329	SM-N976B	424089c4-3e11-4cf8-ad82-37f1aae8f431	f6d2d95e-06af-4e7d-8b30-e12b8af28542
e933eaa6-f687-4142-8101-ee12a55b30ec	A2275	e078e15a-1f34-4c78-95f7-bc6d2365c53f	f6d2d95e-06af-4e7d-8b30-e12b8af28542
d9f57b62-4bef-4076-b4ed-f93d2525a32e	TIA-B09	906a65af-a1e3-47e4-a7a2-6f12cea5f4a7	5b1ed3c3-b2ac-4d42-8c59-3e0d5c2b1828
f35137fe-5850-40eb-92f5-1a4ce7e5a18a	PIXLE 6 PRO	a95f75d8-c7bc-4765-a93d-58ed809abf6b	f6d2d95e-06af-4e7d-8b30-e12b8af28542
78145b6a-16b4-45bf-8e1d-0f262568ab8a	SDJQR02RR	5880d28f-9587-4266-881e-821aa78603e7	77093a0b-a850-4359-a4fd-b20619b9be56
b9b083c4-5a16-4273-b5ac-4e0ce26a0bbf	A2013	6c7d85d5-a979-4c4e-8351-0abc728e0a5b	5b1ed3c3-b2ac-4d42-8c59-3e0d5c2b1828
bc934a52-8d40-4201-bfc7-18b1efbdbe4e	XT2027	f2337673-7381-4cb3-87a3-eda8d08fb6fb	f6d2d95e-06af-4e7d-8b30-e12b8af28542
05de76d0-c6cc-4391-a62d-c11b42234905	A2021	6c7d85d5-a979-4c4e-8351-0abc728e0a5b	5b1ed3c3-b2ac-4d42-8c59-3e0d5c2b1828
cc914f5d-2d03-4b3a-bfec-8cc2d031e11c	XT2231	f2337673-7381-4cb3-87a3-eda8d08fb6fb	f6d2d95e-06af-4e7d-8b30-e12b8af28542
3d5ce9f6-7cd1-45ff-9233-dcacd7dc0fcf	TA-1205	b7429b3e-e021-45ea-93f7-bb4f0461cf79	f6d2d95e-06af-4e7d-8b30-e12b8af28542
675ee1ba-3f60-44ba-8cea-7c3b18abc380	MI BAND 7 PRO	5880d28f-9587-4266-881e-821aa78603e7	5b1ed3c3-b2ac-4d42-8c59-3e0d5c2b1828
7f1fa269-974e-4b73-908c-7dffb971d138	S-052694	10ffa809-4b2a-4963-9b23-e394a916bbf7	f6d2d95e-06af-4e7d-8b30-e12b8af28542
ecfecaf7-16e8-4ba8-b73e-5d9985efe86d	XPAW011	5880d28f-9587-4266-881e-821aa78603e7	5b1ed3c3-b2ac-4d42-8c59-3e0d5c2b1828
b360b87c-7061-4487-8be0-ffd96c631e91	A2141	e078e15a-1f34-4c78-95f7-bc6d2365c53f	5e6a9b2d-d0fc-49bc-82ee-cf90764c0f80
47d223ad-bc88-4962-9bbb-4ac6aa03632c	EML-AL00	906a65af-a1e3-47e4-a7a2-6f12cea5f4a7	f6d2d95e-06af-4e7d-8b30-e12b8af28542
62de8a99-ef31-4394-aac5-b4139a40d722	MIBRO SMART WATCH FCC	5880d28f-9587-4266-881e-821aa78603e7	5b1ed3c3-b2ac-4d42-8c59-3e0d5c2b1828
fe1fdcce-ca7f-4b1e-ab49-ee2c2db6ac59	A2215	5880d28f-9587-4266-881e-821aa78603e7	5b1ed3c3-b2ac-4d42-8c59-3e0d5c2b1828
3500656c-a96a-411e-a3ed-9ac86e82bac6	PIXLE 7	a95f75d8-c7bc-4765-a93d-58ed809abf6b	f6d2d95e-06af-4e7d-8b30-e12b8af28542
c2e01899-5375-44f8-9699-a2f7158ae7cd	M2 PRO	f5e98d9d-4c07-47ec-960c-e31590ae563e	5b1ed3c3-b2ac-4d42-8c59-3e0d5c2b1828
6e34f0e0-8a49-4d58-a0cc-bef792fdb200	SM-T295	424089c4-3e11-4cf8-ad82-37f1aae8f431	f6d2d95e-06af-4e7d-8b30-e12b8af28542
542b1e3a-b0a0-4ddc-a715-013e7250aacb	A2220	e078e15a-1f34-4c78-95f7-bc6d2365c53f	f6d2d95e-06af-4e7d-8b30-e12b8af28542
5cd5fb73-c0be-4e06-ad0b-7416bde77b48	VID-B19	906a65af-a1e3-47e4-a7a2-6f12cea5f4a7	5b1ed3c3-b2ac-4d42-8c59-3e0d5c2b1828
3c7333c1-7a09-436f-922d-7c9f3be35413	A-022033	10ffa809-4b2a-4963-9b23-e394a916bbf7	f6d2d95e-06af-4e7d-8b30-e12b8af28542
b3d4a7c2-967a-4344-8b90-5b3ea542bb3c	ENVY 27	3bd08f5c-49b4-4f7a-8914-92d93a22f333	8226724d-9267-462d-9f1d-081c83e4f939
235d6e89-aead-45de-a866-80b233122663	SERIES 8	e078e15a-1f34-4c78-95f7-bc6d2365c53f	5b1ed3c3-b2ac-4d42-8c59-3e0d5c2b1828
dfad0c00-b4f6-499e-a9c8-d17a4f624e4a	XT2321-3	f2337673-7381-4cb3-87a3-eda8d08fb6fb	f6d2d95e-06af-4e7d-8b30-e12b8af28542
b62c3bad-3f10-446f-aa12-79e98b75817e	GT5 PRO	906a65af-a1e3-47e4-a7a2-6f12cea5f4a7	5b1ed3c3-b2ac-4d42-8c59-3e0d5c2b1828
9d96f1f8-48a0-4a45-9f86-81a804ef1544	PIXLE 7 PRO	a95f75d8-c7bc-4765-a93d-58ed809abf6b	f6d2d95e-06af-4e7d-8b30-e12b8af28542
4a8e1777-7ff3-40a6-8d17-418e3a7ddd9a	NOTE 9 S	5880d28f-9587-4266-881e-821aa78603e7	f6d2d95e-06af-4e7d-8b30-e12b8af28542
d990c386-d95c-441d-b0ac-c557f39ba80a	SM-M305F	424089c4-3e11-4cf8-ad82-37f1aae8f431	f6d2d95e-06af-4e7d-8b30-e12b8af28542
9c315305-6321-4e45-8330-f890b7190334	SM-M526B	424089c4-3e11-4cf8-ad82-37f1aae8f431	f6d2d95e-06af-4e7d-8b30-e12b8af28542
70debf3e-483c-4105-8f49-f5899e4ab212	SM-P605	424089c4-3e11-4cf8-ad82-37f1aae8f431	8b436b8d-088a-430c-a72e-bd216804f246
8cc4e7bf-5dd0-4d4f-821d-01143b506c4d	SM-E135F	424089c4-3e11-4cf8-ad82-37f1aae8f431	f6d2d95e-06af-4e7d-8b30-e12b8af28542
0b3bb439-c606-42da-86a7-9a61a264395a	SM-A047F	424089c4-3e11-4cf8-ad82-37f1aae8f431	f6d2d95e-06af-4e7d-8b30-e12b8af28542
54eca2be-13cc-4a85-aea2-8c7c5fc621ba	SM-A057F	424089c4-3e11-4cf8-ad82-37f1aae8f431	f6d2d95e-06af-4e7d-8b30-e12b8af28542
b86b484d-6f1f-430d-9660-807ab39a74a4	SM-057F	424089c4-3e11-4cf8-ad82-37f1aae8f431	f6d2d95e-06af-4e7d-8b30-e12b8af28542
9832b771-8a4d-45c7-843f-114d29bd586a	MI BAND 6	5880d28f-9587-4266-881e-821aa78603e7	5b1ed3c3-b2ac-4d42-8c59-3e0d5c2b1828
db2da017-319d-4674-8bfc-3e30898292ce	BE24A	35b5be13-59a3-4b30-9c12-198df7f21a14	6dc6cbd4-6094-47d5-bfaa-2d7fedb3a715
3fff414f-0b5f-4c5f-945e-4535b5b38c8a	STYTJ02ZHM	5880d28f-9587-4266-881e-821aa78603e7	77093a0b-a850-4359-a4fd-b20619b9be56
06f0980e-b240-4611-b3b4-b6e4069f3216	REALME C11	5880d28f-9587-4266-881e-821aa78603e7	f6d2d95e-06af-4e7d-8b30-e12b8af28542
fcc99463-bec6-4e20-b34a-91e51d1d3098	14-ES0013DX	3bd08f5c-49b4-4f7a-8914-92d93a22f333	5e6a9b2d-d0fc-49bc-82ee-cf90764c0f80
583083b0-7238-40e1-9870-774bc5eca56e	E6833	f6985faf-c878-4ca4-8283-f93f44fc3343	f6d2d95e-06af-4e7d-8b30-e12b8af28542
43cb4a4e-e469-4365-a94e-a37de0e24853	TA-1021	b7429b3e-e021-45ea-93f7-bb4f0461cf79	f6d2d95e-06af-4e7d-8b30-e12b8af28542
39dc33ff-043d-47cb-828f-86cfca64e7ce	A1673	e078e15a-1f34-4c78-95f7-bc6d2365c53f	8b436b8d-088a-430c-a72e-bd216804f246
4263a3de-8ce9-4f36-b344-7c3d2414e79a	A514-65G-75CC	0c4c7b1c-203c-4804-b272-66bd039c6288	5e6a9b2d-d0fc-49bc-82ee-cf90764c0f80
a076ad65-defd-4d09-8a0b-40bd0a3a8ca5	MI BAND 7	5880d28f-9587-4266-881e-821aa78603e7	5b1ed3c3-b2ac-4d42-8c59-3e0d5c2b1828
81c459fe-dd4b-4766-a289-05b412b2a4ac	SM-A526B	424089c4-3e11-4cf8-ad82-37f1aae8f431	f6d2d95e-06af-4e7d-8b30-e12b8af28542
baf8638c-c3c0-4f4e-9e71-9543c3afe8b0	SGA-B19	906a65af-a1e3-47e4-a7a2-6f12cea5f4a7	5b1ed3c3-b2ac-4d42-8c59-3e0d5c2b1828
b16a2a21-5cac-4626-aa61-e2efc6e70d62	TA_1341	b7429b3e-e021-45ea-93f7-bb4f0461cf79	f6d2d95e-06af-4e7d-8b30-e12b8af28542
d74ce65f-020e-48d1-9aa7-ee915adfcaa6	TP00069A	40c633db-a833-4baf-bfda-f7ac7cdfbb4a	5e6a9b2d-d0fc-49bc-82ee-cf90764c0f80
a39dabf6-5046-46ba-a0eb-dda1ae01036f	MI PAD 3	5880d28f-9587-4266-881e-821aa78603e7	8b436b8d-088a-430c-a72e-bd216804f246
cf0e641c-fec3-43bd-8a55-0253e4eac879	TREX PRO	5880d28f-9587-4266-881e-821aa78603e7	5b1ed3c3-b2ac-4d42-8c59-3e0d5c2b1828
3ef046d0-6b9c-4790-b869-5825e558f280	PIXLE 8	a95f75d8-c7bc-4765-a93d-58ed809abf6b	f6d2d95e-06af-4e7d-8b30-e12b8af28542
c700c579-bea0-4845-82b8-7732f05c69fb	DUB-LX3	906a65af-a1e3-47e4-a7a2-6f12cea5f4a7	f6d2d95e-06af-4e7d-8b30-e12b8af28542
dda6739d-14c4-401a-9f8c-305099160c24	REALME C21	5880d28f-9587-4266-881e-821aa78603e7	f6d2d95e-06af-4e7d-8b30-e12b8af28542
fd38f299-48ea-4e2e-9874-afe76f779675	XT2095	f2337673-7381-4cb3-87a3-eda8d08fb6fb	f6d2d95e-06af-4e7d-8b30-e12b8af28542
f6d44adb-64f8-4f09-b4e3-b63b6258d997	V1	abc8b458-5a36-4a94-aa3d-859ae13c7e5a	f6d2d95e-06af-4e7d-8b30-e12b8af28542
f6d7c6d8-a726-4e5e-b179-0624d9f72118	ZE551ML	35b5be13-59a3-4b30-9c12-198df7f21a14	f6d2d95e-06af-4e7d-8b30-e12b8af28542
2c764300-4980-4dff-b34f-a8cb69cceede	13PRO MAX	e078e15a-1f34-4c78-95f7-bc6d2365c53f	f6d2d95e-06af-4e7d-8b30-e12b8af28542
14e29032-52cc-4607-8870-cb50d5c19f56	1796	6ebdaf7d-fe6e-4f62-b798-da9088773b46	5e6a9b2d-d0fc-49bc-82ee-cf90764c0f80
68a3092b-53d5-44ac-9980-241b004cdfc8	XPAW005	5880d28f-9587-4266-881e-821aa78603e7	5b1ed3c3-b2ac-4d42-8c59-3e0d5c2b1828
40a127e7-3cc2-4e11-86be-7704307ca282	LTN-B19	906a65af-a1e3-47e4-a7a2-6f12cea5f4a7	5b1ed3c3-b2ac-4d42-8c59-3e0d5c2b1828
abed3f79-cc8d-4589-8c73-7074c285c109	BLACK SHARK 5	5880d28f-9587-4266-881e-821aa78603e7	f6d2d95e-06af-4e7d-8b30-e12b8af28542
fa1dce3b-04bc-4116-9df3-77aefe738536	MI BAND 3	5880d28f-9587-4266-881e-821aa78603e7	5b1ed3c3-b2ac-4d42-8c59-3e0d5c2b1828
54ebb8c9-6c38-4154-85d8-341919fe0a75	MIBRO C3	5880d28f-9587-4266-881e-821aa78603e7	5b1ed3c3-b2ac-4d42-8c59-3e0d5c2b1828
4531f687-99a2-4a8e-b358-a49c4b54fc43	HK two	5880d28f-9587-4266-881e-821aa78603e7	5b1ed3c3-b2ac-4d42-8c59-3e0d5c2b1828
538d8cd7-427a-45b2-95dd-b5816d7350c9	SM-R810	424089c4-3e11-4cf8-ad82-37f1aae8f431	5b1ed3c3-b2ac-4d42-8c59-3e0d5c2b1828
799468a6-10c5-4f95-aad1-43d724594da9	A78 4G	a63cda90-6f45-4976-b0ad-e1da2533ea27	f6d2d95e-06af-4e7d-8b30-e12b8af28542
f86beead-f783-44c1-86e0-5ad9986417f6	MI BAND 8	5880d28f-9587-4266-881e-821aa78603e7	5b1ed3c3-b2ac-4d42-8c59-3e0d5c2b1828
834c8e1d-5211-4c07-87a4-eee5c16b0c55	BLACK SHARK 3	5880d28f-9587-4266-881e-821aa78603e7	f6d2d95e-06af-4e7d-8b30-e12b8af28542
4bc5e480-35fa-4302-b595-a6d7c9bcb713	REDMI K20 PRO	5880d28f-9587-4266-881e-821aa78603e7	f6d2d95e-06af-4e7d-8b30-e12b8af28542
afaf30c4-67ac-4c4a-8087-2c3f07ce99b5	NOTHING PHONE 2A	a468b661-cf1d-445b-bf3a-26888d4fe587	f6d2d95e-06af-4e7d-8b30-e12b8af28542
53f43312-fe1b-4325-b913-edb3e0fead50	HSN-114C-4	3bd08f5c-49b4-4f7a-8914-92d93a22f333	5e6a9b2d-d0fc-49bc-82ee-cf90764c0f80
32be7721-1d66-49eb-8708-b2264e5c21be	MDZ-28-AA	5880d28f-9587-4266-881e-821aa78603e7	dc768865-4091-447a-b080-914782467863
dc3ccdb2-ab79-40c4-b870-0c4b217d3d0d	PCG-61315L	f6985faf-c878-4ca4-8283-f93f44fc3343	5e6a9b2d-d0fc-49bc-82ee-cf90764c0f80
b6ab1b2a-1c33-4fc8-a612-5dc495ebb6ce	V2109	cf328c7c-2627-4763-a525-6a133402d8ce	f6d2d95e-06af-4e7d-8b30-e12b8af28542
9caf7e5c-77b3-4673-bcda-9c1ba10ce579	MX239	35b5be13-59a3-4b30-9c12-198df7f21a14	6dc6cbd4-6094-47d5-bfaa-2d7fedb3a715
f8225af5-f293-4a12-aff8-7117eda3639d	CRT-NX1	0a2fef89-7576-44b6-b77b-a0f5cb9e14da	f6d2d95e-06af-4e7d-8b30-e12b8af28542
5a8f522c-e9d1-425d-a389-3d995a8679c9	PIXLE 3	a95f75d8-c7bc-4765-a93d-58ed809abf6b	f6d2d95e-06af-4e7d-8b30-e12b8af28542
82f02d61-b540-4506-ab3e-2ffc74a52e02	SM-F936B	424089c4-3e11-4cf8-ad82-37f1aae8f431	f6d2d95e-06af-4e7d-8b30-e12b8af28542
d5862ae4-35f8-4651-8dcc-3e5269e3c625	A2040	5880d28f-9587-4266-881e-821aa78603e7	5b1ed3c3-b2ac-4d42-8c59-3e0d5c2b1828
76f9634d-7380-45c3-8821-991378854734	POCO C75	5880d28f-9587-4266-881e-821aa78603e7	f6d2d95e-06af-4e7d-8b30-e12b8af28542
14689e99-d89e-45ba-b9c6-b80314cd58da	DCO-LX9	906a65af-a1e3-47e4-a7a2-6f12cea5f4a7	f6d2d95e-06af-4e7d-8b30-e12b8af28542
75d33a76-c6a2-464d-a55b-2b7cac9105ef	GTR 2E	5880d28f-9587-4266-881e-821aa78603e7	5b1ed3c3-b2ac-4d42-8c59-3e0d5c2b1828
c2c9263b-c678-4db4-877a-ec0680a89fef	SVD112A1SM	f6985faf-c878-4ca4-8283-f93f44fc3343	5e6a9b2d-d0fc-49bc-82ee-cf90764c0f80
da106c32-bce5-48f1-9099-54668c1ef963	MS-1582	2e8da2f9-2e3b-4c2a-95c3-72fcdd5cc9b0	5e6a9b2d-d0fc-49bc-82ee-cf90764c0f80
505d8822-514c-40d8-a2d5-6eb547412176	LATITUDE E6400	2cb75c5e-1b46-4220-a5bf-c523c81d9baa	5e6a9b2d-d0fc-49bc-82ee-cf90764c0f80
247591b2-ba2c-4240-8a17-0a68c9f4161d	XT 2097	f2337673-7381-4cb3-87a3-eda8d08fb6fb	f6d2d95e-06af-4e7d-8b30-e12b8af28542
843a3c51-ced6-4bb5-a64b-77b47fe09c9c	15-EC2150AX	3bd08f5c-49b4-4f7a-8914-92d93a22f333	5e6a9b2d-d0fc-49bc-82ee-cf90764c0f80
e796e9af-55df-426c-b611-98cf8688f7b5	SM-X210	424089c4-3e11-4cf8-ad82-37f1aae8f431	8b436b8d-088a-430c-a72e-bd216804f246
74f833df-531c-4523-90a9-6604b9d647c0	XPAW004	5880d28f-9587-4266-881e-821aa78603e7	5b1ed3c3-b2ac-4d42-8c59-3e0d5c2b1828
20e27a84-2749-4d9e-a069-c860706ff226	M3500Q	35b5be13-59a3-4b30-9c12-198df7f21a14	5e6a9b2d-d0fc-49bc-82ee-cf90764c0f80
718643a5-297a-481b-a598-28ac07cb1291	PIXEL 7PRO	a95f75d8-c7bc-4765-a93d-58ed809abf6b	f6d2d95e-06af-4e7d-8b30-e12b8af28542
e291a642-45c9-43b1-885b-cbf33db296c5	MIL-B19	906a65af-a1e3-47e4-a7a2-6f12cea5f4a7	5b1ed3c3-b2ac-4d42-8c59-3e0d5c2b1828
cb720e81-e1d7-46f0-8114-62d2e8ae04f2	ZB601KL	35b5be13-59a3-4b30-9c12-198df7f21a14	f6d2d95e-06af-4e7d-8b30-e12b8af28542
3c22eede-e557-488c-ba8b-471a0dc4ad88	MNS-B19	558818af-b108-47bc-ba3a-93d3735f50a8	5b1ed3c3-b2ac-4d42-8c59-3e0d5c2b1828
d02888d1-ec1c-4afa-a797-143562c4a511	A063	a468b661-cf1d-445b-bf3a-26888d4fe587	f6d2d95e-06af-4e7d-8b30-e12b8af28542
275c3324-7b7c-4d3f-aa35-7828038d72d7	SM-R830	424089c4-3e11-4cf8-ad82-37f1aae8f431	5b1ed3c3-b2ac-4d42-8c59-3e0d5c2b1828
f95d3a89-a14f-4647-b451-78147ecdbc7b	B105	76834d59-5f19-4bc9-ab5f-0ad336d39f7a	77093a0b-a850-4359-a4fd-b20619b9be56
9f84fb36-f56f-4b6c-ace3-7aba6c457a51	GX7AS	a95f75d8-c7bc-4765-a93d-58ed809abf6b	f6d2d95e-06af-4e7d-8b30-e12b8af28542
e7fa55fc-e04a-4a67-b0ba-23bfcdd572e7	XPAW002	5880d28f-9587-4266-881e-821aa78603e7	5b1ed3c3-b2ac-4d42-8c59-3e0d5c2b1828
e25a974a-0fb2-4d36-935c-6fb3a99cd68c	BE2029	08f0f10d-8d93-443e-b78b-a87a2ac03bbe	f6d2d95e-06af-4e7d-8b30-e12b8af28542
88dca775-3f4c-424a-9e9f-de5a319c5a6e	SM-S901E	424089c4-3e11-4cf8-ad82-37f1aae8f431	f6d2d95e-06af-4e7d-8b30-e12b8af28542
509297ae-e393-4da3-ad7a-791232918dbf	xiaomi Redmi 12 kalvo	5880d28f-9587-4266-881e-821aa78603e7	f6d2d95e-06af-4e7d-8b30-e12b8af28542
74e0446a-8619-41f7-9701-31e3d0cb24bb	VOSTRO-1015	2cb75c5e-1b46-4220-a5bf-c523c81d9baa	5e6a9b2d-d0fc-49bc-82ee-cf90764c0f80
b4bf5a0e-c2a4-4e52-ba5d-ebc5735a1fff	A2403	e078e15a-1f34-4c78-95f7-bc6d2365c53f	f6d2d95e-06af-4e7d-8b30-e12b8af28542
f7f7afc6-2b5f-4100-9cee-e951dde3bcda	AMZFIT TREX	5880d28f-9587-4266-881e-821aa78603e7	5b1ed3c3-b2ac-4d42-8c59-3e0d5c2b1828
44fa26a8-9a30-4843-a5f3-f1d3396cdcfa	A2849	e078e15a-1f34-4c78-95f7-bc6d2365c53f	f6d2d95e-06af-4e7d-8b30-e12b8af28542
a2c9dd6d-febe-419a-9717-1bb9843fb1dd	A2783	e078e15a-1f34-4c78-95f7-bc6d2365c53f	f6d2d95e-06af-4e7d-8b30-e12b8af28542
519f5174-7c62-4005-a1fb-cad1c2b4dc13	HUAWEI GRA - UL00	5880d28f-9587-4266-881e-821aa78603e7	f6d2d95e-06af-4e7d-8b30-e12b8af28542
08640f3e-3e0a-4b52-a1aa-15df7a47574d	A2097	e078e15a-1f34-4c78-95f7-bc6d2365c53f	f6d2d95e-06af-4e7d-8b30-e12b8af28542
dee20801-a1f7-4ff6-afae-57d472e20861	XT1924-1	f2337673-7381-4cb3-87a3-eda8d08fb6fb	f6d2d95e-06af-4e7d-8b30-e12b8af28542
b918e271-fa43-40f6-8b21-07a241739acf	NOTHING PHONE 2	a468b661-cf1d-445b-bf3a-26888d4fe587	f6d2d95e-06af-4e7d-8b30-e12b8af28542
5b3d0508-15bc-4ef0-93c8-0004e9be49cb	AGS6-W00	906a65af-a1e3-47e4-a7a2-6f12cea5f4a7	8b436b8d-088a-430c-a72e-bd216804f246
51746acf-e488-4a81-acc9-7dfce8248bc8	A3293	5880d28f-9587-4266-881e-821aa78603e7	f6d2d95e-06af-4e7d-8b30-e12b8af28542
f17140fc-24cc-4f94-9b5d-867ac660c5ea	REA-NX9	0a2fef89-7576-44b6-b77b-a0f5cb9e14da	f6d2d95e-06af-4e7d-8b30-e12b8af28542
a6f72003-423f-451f-9cb1-f88c3a7d5e27	GT-P6200	424089c4-3e11-4cf8-ad82-37f1aae8f431	8b436b8d-088a-430c-a72e-bd216804f246
c248b48c-1b76-41e5-bbf2-5f72079b52b7	A015	a468b661-cf1d-445b-bf3a-26888d4fe587	f6d2d95e-06af-4e7d-8b30-e12b8af28542
12762094-6e4b-489d-9094-804839928ccc	SM-X115	424089c4-3e11-4cf8-ad82-37f1aae8f431	8b436b8d-088a-430c-a72e-bd216804f246
aadb2c78-be45-4598-ad62-6fd3392f309c	REDMI 10 2022	5880d28f-9587-4266-881e-821aa78603e7	f6d2d95e-06af-4e7d-8b30-e12b8af28542
33d58a33-3da7-4307-9d7e-4b40df059ca1	GEM-701L	906a65af-a1e3-47e4-a7a2-6f12cea5f4a7	f6d2d95e-06af-4e7d-8b30-e12b8af28542
7f330597-b9e3-4f95-92ce-e0c52011f62e	MX17	f2b5140c-5d3d-4df7-b687-8f5d4ccdeca5	5e6a9b2d-d0fc-49bc-82ee-cf90764c0f80
bd5175a4-dade-42d6-bf92-e9b90bc68de1	INSPIRON 1564	2cb75c5e-1b46-4220-a5bf-c523c81d9baa	5e6a9b2d-d0fc-49bc-82ee-cf90764c0f80
aa4f46e8-fbd3-470f-b767-71874e5d7c7b	A2215	e078e15a-1f34-4c78-95f7-bc6d2365c53f	f6d2d95e-06af-4e7d-8b30-e12b8af28542
253cab14-6efe-4f68-bf3d-ef28d2e49f9e	SM-A235F	424089c4-3e11-4cf8-ad82-37f1aae8f431	f6d2d95e-06af-4e7d-8b30-e12b8af28542
b9b359ca-ae70-4011-b0e6-53deee9b1bc8	OPL3100	3f7e036e-e307-4967-97ea-9b6b3f1f4a7f	f6d2d95e-06af-4e7d-8b30-e12b8af28542
1bc4c39d-b798-45fc-b59e-116e4a80aa55	EB-BA520ABE	424089c4-3e11-4cf8-ad82-37f1aae8f431	f6d2d95e-06af-4e7d-8b30-e12b8af28542
29a3183f-d9de-4c86-8de4-d200c27e7963	XT1635-03	f2337673-7381-4cb3-87a3-eda8d08fb6fb	f6d2d95e-06af-4e7d-8b30-e12b8af28542
4584c0cf-0966-4aac-b490-8a1798b422ff	XT2013-2	f2337673-7381-4cb3-87a3-eda8d08fb6fb	f6d2d95e-06af-4e7d-8b30-e12b8af28542
228d2997-dbe1-4e1f-a139-7701bd600c22	PRO X2 612	3bd08f5c-49b4-4f7a-8914-92d93a22f333	5e6a9b2d-d0fc-49bc-82ee-cf90764c0f80
067710b1-783c-43ca-8e65-cca970c9dd44	PRO X2 612 G2	3bd08f5c-49b4-4f7a-8914-92d93a22f333	8b436b8d-088a-430c-a72e-bd216804f246
6e0f32e4-52fa-4d5c-abe1-f4b7759f2790	REALME GT MASTER	5880d28f-9587-4266-881e-821aa78603e7	f6d2d95e-06af-4e7d-8b30-e12b8af28542
267bd65f-d8ab-4765-a8e3-ee35e6003be4	A1980	e078e15a-1f34-4c78-95f7-bc6d2365c53f	8b436b8d-088a-430c-a72e-bd216804f246
94828474-1284-44a7-b43f-05c5b8f7c141	XT1926-6	f2337673-7381-4cb3-87a3-eda8d08fb6fb	f6d2d95e-06af-4e7d-8b30-e12b8af28542
79274cbb-dcb2-42b5-b8d1-bb33630f22ec	XT2075	f2337673-7381-4cb3-87a3-eda8d08fb6fb	f6d2d95e-06af-4e7d-8b30-e12b8af28542
c2a011b1-068f-4d99-a31e-bf875e9ad281	COMPAQ600PORO	3bd08f5c-49b4-4f7a-8914-92d93a22f333	8226724d-9267-462d-9f1d-081c83e4f939
db155e19-f71b-4f03-b170-caf7d076a632	A1897	e078e15a-1f34-4c78-95f7-bc6d2365c53f	f6d2d95e-06af-4e7d-8b30-e12b8af28542
71ee43a5-5fc0-49fc-9535-30491ba2b2aa	SM-A013F	424089c4-3e11-4cf8-ad82-37f1aae8f431	f6d2d95e-06af-4e7d-8b30-e12b8af28542
4fc0d32a-a819-4bb7-8c80-1b14c67ac77f	SM-R820	424089c4-3e11-4cf8-ad82-37f1aae8f431	5b1ed3c3-b2ac-4d42-8c59-3e0d5c2b1828
4821cafa-6a35-469f-84d7-95d5d26fbe8a	A3X	5880d28f-9587-4266-881e-821aa78603e7	f6d2d95e-06af-4e7d-8b30-e12b8af28542
99e103d8-1884-4c5f-b8a2-fd3153f0b52d	REDMI NOTE 10 PRO 5G	5880d28f-9587-4266-881e-821aa78603e7	f6d2d95e-06af-4e7d-8b30-e12b8af28542
284d3c67-18f7-43aa-9c86-618968e337bb	TA-1334	b7429b3e-e021-45ea-93f7-bb4f0461cf79	f6d2d95e-06af-4e7d-8b30-e12b8af28542
6ad25f31-7a91-4ae4-a7fb-654d206c4308	Z00UD	35b5be13-59a3-4b30-9c12-198df7f21a14	f6d2d95e-06af-4e7d-8b30-e12b8af28542
86249cad-f54a-41cb-b399-62b1b0da0d57	A2296	e078e15a-1f34-4c78-95f7-bc6d2365c53f	f6d2d95e-06af-4e7d-8b30-e12b8af28542
e2ecf8fd-1459-4710-beda-5014dc8fb1be	A1466	e078e15a-1f34-4c78-95f7-bc6d2365c53f	5e6a9b2d-d0fc-49bc-82ee-cf90764c0f80
92659088-e1bd-4aad-a8d8-3370868b7bad	A94	a63cda90-6f45-4976-b0ad-e1da2533ea27	f6d2d95e-06af-4e7d-8b30-e12b8af28542
57045453-5c96-4082-a399-252a9d8dba85	SM-A137F	424089c4-3e11-4cf8-ad82-37f1aae8f431	f6d2d95e-06af-4e7d-8b30-e12b8af28542
4f4f26e7-1572-45a5-927f-130ba5c38a90	15-DC0008NG	3bd08f5c-49b4-4f7a-8914-92d93a22f333	5e6a9b2d-d0fc-49bc-82ee-cf90764c0f80
7e88821a-a8f2-4f3c-9a1f-ac82c469276e	SM-F946B	424089c4-3e11-4cf8-ad82-37f1aae8f431	f6d2d95e-06af-4e7d-8b30-e12b8af28542
c11e2961-8d04-4b09-b51d-faa22c8fe33e	RKY-LX2	0a2fef89-7576-44b6-b77b-a0f5cb9e14da	f6d2d95e-06af-4e7d-8b30-e12b8af28542
0d15435c-8353-44cb-a480-5090808161b7	N56J	35b5be13-59a3-4b30-9c12-198df7f21a14	5e6a9b2d-d0fc-49bc-82ee-cf90764c0f80
3651e1bb-9761-4c57-b342-425f1de6a97c	MS-16J9	2e8da2f9-2e3b-4c2a-95c3-72fcdd5cc9b0	5e6a9b2d-d0fc-49bc-82ee-cf90764c0f80
a380717f-9442-4c04-86c1-7cff9251efa0	SM-M625F	424089c4-3e11-4cf8-ad82-37f1aae8f431	f6d2d95e-06af-4e7d-8b30-e12b8af28542
07c294bb-6631-4f2b-97a2-4f0ac7c6ee5a	A1662	e078e15a-1f34-4c78-95f7-bc6d2365c53f	f6d2d95e-06af-4e7d-8b30-e12b8af28542
d1eca118-9889-4d83-a28f-ca16e7d66a8f	MI CC 9	5880d28f-9587-4266-881e-821aa78603e7	f6d2d95e-06af-4e7d-8b30-e12b8af28542
9f1b7b52-e8b7-40ff-bfb5-03196d821c2b	پیکسل 4a فور جی	a95f75d8-c7bc-4765-a93d-58ed809abf6b	f6d2d95e-06af-4e7d-8b30-e12b8af28542
c25216ca-dc32-4a79-a49f-6588e87791e6	پیکسل 4a	a95f75d8-c7bc-4765-a93d-58ed809abf6b	f6d2d95e-06af-4e7d-8b30-e12b8af28542
d6a3be47-158e-4d18-9b10-da1d0b28d475	TA-1332	b7429b3e-e021-45ea-93f7-bb4f0461cf79	f6d2d95e-06af-4e7d-8b30-e12b8af28542
4ead7592-5c77-4576-92fd-6d651f5512fd	GZ301Z	35b5be13-59a3-4b30-9c12-198df7f21a14	5e6a9b2d-d0fc-49bc-82ee-cf90764c0f80
61c1c40e-2624-423f-9e30-a504fcb72d51	PRO TABLET 10EE G1	3bd08f5c-49b4-4f7a-8914-92d93a22f333	5e6a9b2d-d0fc-49bc-82ee-cf90764c0f80
3e845072-5586-41ce-ad00-6d28e37b4361	MAO-LX9	906a65af-a1e3-47e4-a7a2-6f12cea5f4a7	f6d2d95e-06af-4e7d-8b30-e12b8af28542
0918b597-1467-4567-860b-d0c2b0fa70b0	2PVG200	3f7e036e-e307-4967-97ea-9b6b3f1f4a7f	f6d2d95e-06af-4e7d-8b30-e12b8af28542
12e13695-9e20-4492-88ec-ef59a983b8a0	2pvg	3f7e036e-e307-4967-97ea-9b6b3f1f4a7f	f6d2d95e-06af-4e7d-8b30-e12b8af28542
07973eca-541b-453a-b558-9ff0e76d9e21	N501V	35b5be13-59a3-4b30-9c12-198df7f21a14	5e6a9b2d-d0fc-49bc-82ee-cf90764c0f80
440daf83-92fc-4556-bfa4-2d9227524941	A2152	e078e15a-1f34-4c78-95f7-bc6d2365c53f	8b436b8d-088a-430c-a72e-bd216804f246
04280988-fa60-4785-a75c-3f2e0f1174cb	G750-U10	906a65af-a1e3-47e4-a7a2-6f12cea5f4a7	f6d2d95e-06af-4e7d-8b30-e12b8af28542
794b4dbe-8f06-45b1-84d0-11d907db9b6a	K52J	35b5be13-59a3-4b30-9c12-198df7f21a14	5e6a9b2d-d0fc-49bc-82ee-cf90764c0f80
3a300966-0fb1-4ded-8e5e-4dada3a19f9a	XT2343-1	f2337673-7381-4cb3-87a3-eda8d08fb6fb	f6d2d95e-06af-4e7d-8b30-e12b8af28542
3197c762-1c54-4b1d-bedf-1efa89411f95	SVF142C1WW	f6985faf-c878-4ca4-8283-f93f44fc3343	5e6a9b2d-d0fc-49bc-82ee-cf90764c0f80
64b74ad3-02a6-4f0c-97a4-eb18d8edda7e	S860	40c633db-a833-4baf-bfda-f7ac7cdfbb4a	f6d2d95e-06af-4e7d-8b30-e12b8af28542
19753124-c637-4c37-bb9d-5a3ad76bc0f5	XT2019-1	f2337673-7381-4cb3-87a3-eda8d08fb6fb	f6d2d95e-06af-4e7d-8b30-e12b8af28542
24ecbabf-de2b-4fc4-ad6f-8d3847702917	YAL-L21	0a2fef89-7576-44b6-b77b-a0f5cb9e14da	f6d2d95e-06af-4e7d-8b30-e12b8af28542
66c50433-6ba0-4fae-897e-8e40d0e60fb9	X543M	35b5be13-59a3-4b30-9c12-198df7f21a14	5e6a9b2d-d0fc-49bc-82ee-cf90764c0f80
7ec0a985-1bf5-4a70-bc7c-3ce492df4b1a	POCO X6 5G	5880d28f-9587-4266-881e-821aa78603e7	f6d2d95e-06af-4e7d-8b30-e12b8af28542
d5f1a425-9434-45e5-8924-5bb89e84cfa2	REALME C35	5880d28f-9587-4266-881e-821aa78603e7	f6d2d95e-06af-4e7d-8b30-e12b8af28542
37af1852-2be3-47f0-bea5-6329ec8782f8	MI 12	5880d28f-9587-4266-881e-821aa78603e7	f6d2d95e-06af-4e7d-8b30-e12b8af28542
39d719bd-30ca-4ba7-aaac-e09429328136	Calling Watch Kr Pro	5880d28f-9587-4266-881e-821aa78603e7	5b1ed3c3-b2ac-4d42-8c59-3e0d5c2b1828
5a74777e-bf5f-4676-bdec-3be4127d4c79	SM-A526F	424089c4-3e11-4cf8-ad82-37f1aae8f431	f6d2d95e-06af-4e7d-8b30-e12b8af28542
81a01f20-aa95-433e-969c-0851ed8551c8	I001DE	35b5be13-59a3-4b30-9c12-198df7f21a14	f6d2d95e-06af-4e7d-8b30-e12b8af28542
a0188d62-168d-4fd3-937d-dcd0a57d83f1	SERIES 7	e078e15a-1f34-4c78-95f7-bc6d2365c53f	5b1ed3c3-b2ac-4d42-8c59-3e0d5c2b1828
6ec34dc2-f548-4be3-aeab-f2b712ebca20	IDEACENTER A340	40c633db-a833-4baf-bfda-f7ac7cdfbb4a	8226724d-9267-462d-9f1d-081c83e4f939
dbdd459b-6b6e-4544-9d82-16eb570eedea	SVF153A1YL	f6985faf-c878-4ca4-8283-f93f44fc3343	5e6a9b2d-d0fc-49bc-82ee-cf90764c0f80
2aa945a8-6348-43dc-a27b-c9d2a6bad68e	X550C	35b5be13-59a3-4b30-9c12-198df7f21a14	5e6a9b2d-d0fc-49bc-82ee-cf90764c0f80
ba3b992e-1537-49b8-b1b1-b2d548cce9b9	SHT-AL09	906a65af-a1e3-47e4-a7a2-6f12cea5f4a7	f6d2d95e-06af-4e7d-8b30-e12b8af28542
5a279032-01ab-4c9b-a46a-481838fdcc26	TA-1004	b7429b3e-e021-45ea-93f7-bb4f0461cf79	f6d2d95e-06af-4e7d-8b30-e12b8af28542
5edb15e4-f443-4545-b9ba-552cb296573c	SM-N980F	424089c4-3e11-4cf8-ad82-37f1aae8f431	f6d2d95e-06af-4e7d-8b30-e12b8af28542
ffb3210d-6783-45b0-96d2-113aa9bb02ca	REDMI 5A	5880d28f-9587-4266-881e-821aa78603e7	f6d2d95e-06af-4e7d-8b30-e12b8af28542
76d5e9ba-4aa9-4ea6-9a1a-f4600675c6f0	PA248	35b5be13-59a3-4b30-9c12-198df7f21a14	6dc6cbd4-6094-47d5-bfaa-2d7fedb3a715
a86aeb71-8707-4b9f-8375-97c70490fa5a	A3300	40c633db-a833-4baf-bfda-f7ac7cdfbb4a	8b436b8d-088a-430c-a72e-bd216804f246
c54168f3-670d-4089-9d7e-15f33abeb6fc	TPN-F104	3bd08f5c-49b4-4f7a-8914-92d93a22f333	5e6a9b2d-d0fc-49bc-82ee-cf90764c0f80
dc18b57f-63d6-4eb1-a1f5-ded7b679d909	TFY-LX2	0a2fef89-7576-44b6-b77b-a0f5cb9e14da	f6d2d95e-06af-4e7d-8b30-e12b8af28542
55f411c0-10b3-48f3-81d2-f2a34f457cc5	IDEAPAD 130-15IKB	40c633db-a833-4baf-bfda-f7ac7cdfbb4a	5e6a9b2d-d0fc-49bc-82ee-cf90764c0f80
b6fccc75-56b4-4256-a22c-c7bfb6c19509	REDMI PAD SE	5880d28f-9587-4266-881e-821aa78603e7	8b436b8d-088a-430c-a72e-bd216804f246
90dc4501-b0a7-4b41-9701-18757ddbaf60	SM-S928B	424089c4-3e11-4cf8-ad82-37f1aae8f431	f6d2d95e-06af-4e7d-8b30-e12b8af28542
9c5cfddd-121c-4452-bc86-2487d89ef478	STK-LX1	0a2fef89-7576-44b6-b77b-a0f5cb9e14da	f6d2d95e-06af-4e7d-8b30-e12b8af28542
a1897d75-002b-49b8-8ce7-d830bc5fdfc5	POCO F6 PRO	5880d28f-9587-4266-881e-821aa78603e7	f6d2d95e-06af-4e7d-8b30-e12b8af28542
93475782-8263-4427-ad48-61ce11f5e6de	PCG-81114L	f6985faf-c878-4ca4-8283-f93f44fc3343	5e6a9b2d-d0fc-49bc-82ee-cf90764c0f80
3cf6dc60-311c-4b33-a015-551b556accca	GT-N5100	424089c4-3e11-4cf8-ad82-37f1aae8f431	8b436b8d-088a-430c-a72e-bd216804f246
9d1b1a7e-bad8-4aad-964e-4d253e2a5d8a	T303U	35b5be13-59a3-4b30-9c12-198df7f21a14	5e6a9b2d-d0fc-49bc-82ee-cf90764c0f80
7e5dd51b-0381-4daa-8c69-11147e71d246	A1429	e078e15a-1f34-4c78-95f7-bc6d2365c53f	f6d2d95e-06af-4e7d-8b30-e12b8af28542
c77e89f0-b2ff-40de-b831-34383392974c	XT2407-1	f2337673-7381-4cb3-87a3-eda8d08fb6fb	f6d2d95e-06af-4e7d-8b30-e12b8af28542
e81b9ba3-6173-47d3-8d37-005f63567b66	A91	a63cda90-6f45-4976-b0ad-e1da2533ea27	f6d2d95e-06af-4e7d-8b30-e12b8af28542
d9c949c7-6c31-4f84-8f36-53cda4b13ec2	BOB-WAH9	906a65af-a1e3-47e4-a7a2-6f12cea5f4a7	5e6a9b2d-d0fc-49bc-82ee-cf90764c0f80
657d0a17-9fb5-4b45-b7a3-eb44562d6501	ELITE BOOK 850 G4	3bd08f5c-49b4-4f7a-8914-92d93a22f333	5e6a9b2d-d0fc-49bc-82ee-cf90764c0f80
708a17b9-fcbc-4b19-909a-47f0dcc221f6	S41	72ce1404-0d9a-4d06-8aee-01b2450a1a0f	f6d2d95e-06af-4e7d-8b30-e12b8af28542
8e1ae157-cd6f-4555-8779-54cb36ced654	OPAJ300	3f7e036e-e307-4967-97ea-9b6b3f1f4a7f	f6d2d95e-06af-4e7d-8b30-e12b8af28542
97c6923c-d8e2-4110-9a9b-152fc502f394	A2779	e078e15a-1f34-4c78-95f7-bc6d2365c53f	5e6a9b2d-d0fc-49bc-82ee-cf90764c0f80
d2fd8dff-37e0-4cc0-b088-91198e07b916	REALME 12 PRO	5880d28f-9587-4266-881e-821aa78603e7	f6d2d95e-06af-4e7d-8b30-e12b8af28542
70e4f4e0-7a60-419d-9934-395d70f8f510	SM-M325FV	424089c4-3e11-4cf8-ad82-37f1aae8f431	f6d2d95e-06af-4e7d-8b30-e12b8af28542
ef4a5c45-c66b-49d8-86d0-13418db79964	XT1635-02	f2337673-7381-4cb3-87a3-eda8d08fb6fb	f6d2d95e-06af-4e7d-8b30-e12b8af28542
f379b8d6-502d-4ad9-b72c-2f87c42116f0	TA-1196	b7429b3e-e021-45ea-93f7-bb4f0461cf79	f6d2d95e-06af-4e7d-8b30-e12b8af28542
ae147962-f78c-4536-a44d-d757f0ae0ea0	SM-T561	424089c4-3e11-4cf8-ad82-37f1aae8f431	8b436b8d-088a-430c-a72e-bd216804f246
48533207-7fa7-467f-a583-67e2d0025a69	A15S	a63cda90-6f45-4976-b0ad-e1da2533ea27	f6d2d95e-06af-4e7d-8b30-e12b8af28542
51b16cbc-ba19-4c24-b928-a8c890e0cbad	SPIN 1	0c4c7b1c-203c-4804-b272-66bd039c6288	5e6a9b2d-d0fc-49bc-82ee-cf90764c0f80
3aca5f1b-190c-4a08-9590-2034e770a026	ANG-LX1	906a65af-a1e3-47e4-a7a2-6f12cea5f4a7	f6d2d95e-06af-4e7d-8b30-e12b8af28542
9549a212-0af0-44e0-90d5-b621c5e4de4f	K456U	35b5be13-59a3-4b30-9c12-198df7f21a14	5e6a9b2d-d0fc-49bc-82ee-cf90764c0f80
75a9ad4d-f110-43bf-a6d3-a2c1e01edf26	A2848	e078e15a-1f34-4c78-95f7-bc6d2365c53f	f6d2d95e-06af-4e7d-8b30-e12b8af28542
fee820f6-f0e4-4689-af67-5e5eb00e9af5	G505	40c633db-a833-4baf-bfda-f7ac7cdfbb4a	5e6a9b2d-d0fc-49bc-82ee-cf90764c0f80
92a06c59-9d87-4705-97b6-8adbf897c1db	PIXLE 6A	a95f75d8-c7bc-4765-a93d-58ed809abf6b	f6d2d95e-06af-4e7d-8b30-e12b8af28542
319d27e9-6b3f-4f7e-b081-b2d77b7ab071	XT2055-1	f2337673-7381-4cb3-87a3-eda8d08fb6fb	f6d2d95e-06af-4e7d-8b30-e12b8af28542
16f0858b-c8c0-45b8-b933-e2dc42774852	PAVILION 15	3bd08f5c-49b4-4f7a-8914-92d93a22f333	5e6a9b2d-d0fc-49bc-82ee-cf90764c0f80
f5e28ed6-536d-47a6-8581-55bb6d75114c	11T PRO 5G	5880d28f-9587-4266-881e-821aa78603e7	f6d2d95e-06af-4e7d-8b30-e12b8af28542
4f5dc218-9b62-4f3f-9b4a-da6d9c07067e	REDMI NOTE 13 4G	5880d28f-9587-4266-881e-821aa78603e7	f6d2d95e-06af-4e7d-8b30-e12b8af28542
9e408778-3610-4e2d-b497-0bba4a6aecc6	INSPIRON N5110	2cb75c5e-1b46-4220-a5bf-c523c81d9baa	5e6a9b2d-d0fc-49bc-82ee-cf90764c0f80
c2346e4b-24b6-4cf8-ac6f-fba1e7da7cbd	M-015713	10ffa809-4b2a-4963-9b23-e394a916bbf7	f6d2d95e-06af-4e7d-8b30-e12b8af28542
0fe7e081-272b-4df8-a707-774466de4e9a	C-045254	10ffa809-4b2a-4963-9b23-e394a916bbf7	f6d2d95e-06af-4e7d-8b30-e12b8af28542
d1b461d0-6769-4467-8be4-1d2c533360b6	S-011375	10ffa809-4b2a-4963-9b23-e394a916bbf7	f6d2d95e-06af-4e7d-8b30-e12b8af28542
fc9feb80-f36e-4b4e-9d07-cd0eb2829670	SM-G780G	424089c4-3e11-4cf8-ad82-37f1aae8f431	f6d2d95e-06af-4e7d-8b30-e12b8af28542
0c10c3bf-41c1-4de9-9b4d-bc25ca1e258a	SM-E236B	424089c4-3e11-4cf8-ad82-37f1aae8f431	f6d2d95e-06af-4e7d-8b30-e12b8af28542
4e9cb267-2f2c-494b-ac27-e68d43c318f4	ASPIRE E1-570G	0c4c7b1c-203c-4804-b272-66bd039c6288	5e6a9b2d-d0fc-49bc-82ee-cf90764c0f80
72cf0c79-a207-45fe-8533-56e5ec402552	MI MAX	5880d28f-9587-4266-881e-821aa78603e7	f6d2d95e-06af-4e7d-8b30-e12b8af28542
bda634e2-583e-47bc-980d-4ade0f680c51	PROBOOK 440 G3	3bd08f5c-49b4-4f7a-8914-92d93a22f333	5e6a9b2d-d0fc-49bc-82ee-cf90764c0f80
8b6879ec-c878-4351-9267-a3b3a152c718	XT2243-1	f2337673-7381-4cb3-87a3-eda8d08fb6fb	f6d2d95e-06af-4e7d-8b30-e12b8af28542
d75dd436-fecc-4a61-9a7d-5c8e34ac231d	REDMI NOTE 13 PRO 4G	5880d28f-9587-4266-881e-821aa78603e7	f6d2d95e-06af-4e7d-8b30-e12b8af28542
f3e25da0-714a-4542-8b0e-84d70c2b2bd4	AGS-W09	906a65af-a1e3-47e4-a7a2-6f12cea5f4a7	8b436b8d-088a-430c-a72e-bd216804f246
764c8b41-889a-4a57-a1fe-2910f238d179	G525-U00	906a65af-a1e3-47e4-a7a2-6f12cea5f4a7	f6d2d95e-06af-4e7d-8b30-e12b8af28542
cc7d9cd0-4751-4ab7-8d28-d250d05b8a6c	A1989	e078e15a-1f34-4c78-95f7-bc6d2365c53f	5e6a9b2d-d0fc-49bc-82ee-cf90764c0f80
8c82753e-27f5-4bdd-b4d1-4cee0cf978c4	1989	e078e15a-1f34-4c78-95f7-bc6d2365c53f	5e6a9b2d-d0fc-49bc-82ee-cf90764c0f80
5fec1082-e50f-4a84-b947-c9c15ce826e3	XT2203-1	f2337673-7381-4cb3-87a3-eda8d08fb6fb	f6d2d95e-06af-4e7d-8b30-e12b8af28542
1c378297-918d-4b72-a051-dbf409eef63a	SM-T500	424089c4-3e11-4cf8-ad82-37f1aae8f431	8b436b8d-088a-430c-a72e-bd216804f246
73eaeadd-8834-4061-88d3-78162f8617ed	XT2143-1	f2337673-7381-4cb3-87a3-eda8d08fb6fb	f6d2d95e-06af-4e7d-8b30-e12b8af28542
fe88e3bf-7858-485d-ad2e-52738ba5ebd7	REALME 7 PRO	5880d28f-9587-4266-881e-821aa78603e7	f6d2d95e-06af-4e7d-8b30-e12b8af28542
5bb4cbac-6b2c-45cf-8c3f-51e04e9a0cf2	XT2091-3	f2337673-7381-4cb3-87a3-eda8d08fb6fb	f6d2d95e-06af-4e7d-8b30-e12b8af28542
cc7e502d-0381-4e97-9e51-3abc319f5cd9	REDMI NOTE 14 PRO	5880d28f-9587-4266-881e-821aa78603e7	f6d2d95e-06af-4e7d-8b30-e12b8af28542
10aac4dd-2c7e-49f4-bd00-1102ac5f1b03	XT2229-3	f2337673-7381-4cb3-87a3-eda8d08fb6fb	f6d2d95e-06af-4e7d-8b30-e12b8af28542
3e7fd630-d1b1-41fa-b9c3-88fb586fb24f	IN2015	08f0f10d-8d93-443e-b78b-a87a2ac03bbe	f6d2d95e-06af-4e7d-8b30-e12b8af28542
1258519e-fac5-420f-bd17-e5c63b215a44	SM-J510F	424089c4-3e11-4cf8-ad82-37f1aae8f431	f6d2d95e-06af-4e7d-8b30-e12b8af28542
8e3dc98f-4209-4fcd-a419-5f759ad674d1	SM-M115F	424089c4-3e11-4cf8-ad82-37f1aae8f431	f6d2d95e-06af-4e7d-8b30-e12b8af28542
b9fe9e4e-696c-4865-8eab-5759db70846e	REDMI A2 PLUS	5880d28f-9587-4266-881e-821aa78603e7	f6d2d95e-06af-4e7d-8b30-e12b8af28542
ba34d70c-7c10-45fe-8482-aa7cd2a64db9	MI 11 LITE NE 5G	5880d28f-9587-4266-881e-821aa78603e7	f6d2d95e-06af-4e7d-8b30-e12b8af28542
a4de6ff8-3d88-4a69-9307-68f45781ceed	GM1911	08f0f10d-8d93-443e-b78b-a87a2ac03bbe	f6d2d95e-06af-4e7d-8b30-e12b8af28542
061a72ef-d824-4e74-b77d-ef6afc2da03f	WRTB-WFE9L	906a65af-a1e3-47e4-a7a2-6f12cea5f4a7	5e6a9b2d-d0fc-49bc-82ee-cf90764c0f80
de05c78d-0ba2-491a-88dc-36ccfb40a5c0	PIXLE 1	a95f75d8-c7bc-4765-a93d-58ed809abf6b	f6d2d95e-06af-4e7d-8b30-e12b8af28542
5d5be85f-e489-4f0f-86cb-ef2828de8e6f	MI 12T PRO	5880d28f-9587-4266-881e-821aa78603e7	f6d2d95e-06af-4e7d-8b30-e12b8af28542
8a63500b-6858-45e1-9c06-f17b50f8a9af	A307FN	3f7e036e-e307-4967-97ea-9b6b3f1f4a7f	f6d2d95e-06af-4e7d-8b30-e12b8af28542
f1b74690-1269-4185-accd-13b72304811e	A307	3f7e036e-e307-4967-97ea-9b6b3f1f4a7f	f6d2d95e-06af-4e7d-8b30-e12b8af28542
3145672c-5cbf-41ae-89ca-e4585b84c056	XT2221-1	f2337673-7381-4cb3-87a3-eda8d08fb6fb	f6d2d95e-06af-4e7d-8b30-e12b8af28542
ffc462b4-d404-4e66-bbba-a787b1b0c860	V15IIL	40c633db-a833-4baf-bfda-f7ac7cdfbb4a	5e6a9b2d-d0fc-49bc-82ee-cf90764c0f80
7ef38584-4222-4e26-80da-c1983b8ebf83	X00LD	35b5be13-59a3-4b30-9c12-198df7f21a14	f6d2d95e-06af-4e7d-8b30-e12b8af28542
0f639444-0b70-411b-b245-5e09dbf46f20	LON-AL00	906a65af-a1e3-47e4-a7a2-6f12cea5f4a7	f6d2d95e-06af-4e7d-8b30-e12b8af28542
5c48888f-014b-4016-a6ca-9b4ea568f880	XIAOMI 11 LITE 5G NE	5880d28f-9587-4266-881e-821aa78603e7	f6d2d95e-06af-4e7d-8b30-e12b8af28542
6981901d-9498-4f6e-8549-b4bfe749791a	K70 PRO 5G	5880d28f-9587-4266-881e-821aa78603e7	f6d2d95e-06af-4e7d-8b30-e12b8af28542
1ce05d78-c4c1-4e22-8f58-5a256f850b17	CLT-AL01	906a65af-a1e3-47e4-a7a2-6f12cea5f4a7	f6d2d95e-06af-4e7d-8b30-e12b8af28542
dd6551e8-2605-4316-a826-b309571e2905	SM-G900V	424089c4-3e11-4cf8-ad82-37f1aae8f431	f6d2d95e-06af-4e7d-8b30-e12b8af28542
4257e667-d239-4661-a438-6f21b439ae68	INSPIRON 16 PLUS	2cb75c5e-1b46-4220-a5bf-c523c81d9baa	5e6a9b2d-d0fc-49bc-82ee-cf90764c0f80
cf0707f8-e9a7-4f79-abe0-51376e967e73	XE700T1C	424089c4-3e11-4cf8-ad82-37f1aae8f431	5e6a9b2d-d0fc-49bc-82ee-cf90764c0f80
146ed4f9-0731-4eca-81a5-b7cb03f256fc	C6833	f6985faf-c878-4ca4-8283-f93f44fc3343	f6d2d95e-06af-4e7d-8b30-e12b8af28542
16692aae-754c-4c5e-960f-c168beea5d7c	15P-390NR	3bd08f5c-49b4-4f7a-8914-92d93a22f333	5e6a9b2d-d0fc-49bc-82ee-cf90764c0f80
d9808b8b-e63e-4a30-b59c-fff5a2df3548	WRTD-WDH9	906a65af-a1e3-47e4-a7a2-6f12cea5f4a7	5e6a9b2d-d0fc-49bc-82ee-cf90764c0f80
978c17c3-54b4-4193-bcf4-329c9760c3bf	A1707	e078e15a-1f34-4c78-95f7-bc6d2365c53f	5e6a9b2d-d0fc-49bc-82ee-cf90764c0f80
10d12f3c-85df-4e88-a812-4437631cf2a8	IDEAPAD 3	40c633db-a833-4baf-bfda-f7ac7cdfbb4a	5e6a9b2d-d0fc-49bc-82ee-cf90764c0f80
763176f7-8055-4fa9-a815-5d8d4ebce184	S10-231U	906a65af-a1e3-47e4-a7a2-6f12cea5f4a7	8b436b8d-088a-430c-a72e-bd216804f246
2066c7ea-125c-4d76-b338-c63e149d4a62	G60S	f2337673-7381-4cb3-87a3-eda8d08fb6fb	f6d2d95e-06af-4e7d-8b30-e12b8af28542
bb771af1-0500-49f5-8ee1-5a8461d00af1	13T	5880d28f-9587-4266-881e-821aa78603e7	f6d2d95e-06af-4e7d-8b30-e12b8af28542
ed1ba7ac-ef04-4f6e-a1de-c1fb87cc3468	IDEAPAD 520	40c633db-a833-4baf-bfda-f7ac7cdfbb4a	5e6a9b2d-d0fc-49bc-82ee-cf90764c0f80
cadde570-eba6-4d75-9bcd-618bfc09c40b	7D-501U	906a65af-a1e3-47e4-a7a2-6f12cea5f4a7	8b436b8d-088a-430c-a72e-bd216804f246
d0feaacf-6a86-4bb7-b6fb-5860d09f6a5e	ASPIRE ES1-332	0c4c7b1c-203c-4804-b272-66bd039c6288	5e6a9b2d-d0fc-49bc-82ee-cf90764c0f80
bb6c2e68-45d7-4887-8379-cbb05db418c3	SM-G960F	424089c4-3e11-4cf8-ad82-37f1aae8f431	f6d2d95e-06af-4e7d-8b30-e12b8af28542
658beafe-9cce-40e3-bc4f-aabf652caba9	A2890	e078e15a-1f34-4c78-95f7-bc6d2365c53f	f6d2d95e-06af-4e7d-8b30-e12b8af28542
e39199d9-ddb9-4cfc-a68f-1e139b09d4f3	M509B	35b5be13-59a3-4b30-9c12-198df7f21a14	5e6a9b2d-d0fc-49bc-82ee-cf90764c0f80
fa44601f-5f6b-43dd-8895-83a6b8796505	POCO X6 PRO 5G	5880d28f-9587-4266-881e-821aa78603e7	f6d2d95e-06af-4e7d-8b30-e12b8af28542
20825c94-0338-4b7d-a745-17d6a5ef4c07	ta-1198	b7429b3e-e021-45ea-93f7-bb4f0461cf79	f6d2d95e-06af-4e7d-8b30-e12b8af28542
5995c223-390a-44d5-a7fc-39bdf42e3dde	NARZO 50	5880d28f-9587-4266-881e-821aa78603e7	f6d2d95e-06af-4e7d-8b30-e12b8af28542
32859a6a-9d34-4795-a585-70c182feb1f6	THINKPAD 10	40c633db-a833-4baf-bfda-f7ac7cdfbb4a	5e6a9b2d-d0fc-49bc-82ee-cf90764c0f80
bd32b071-ad3f-4bf2-96c3-13540380631f	XT2153	f2337673-7381-4cb3-87a3-eda8d08fb6fb	f6d2d95e-06af-4e7d-8b30-e12b8af28542
82579a51-8812-4c00-bd40-27eab07bfa6c	X44H	35b5be13-59a3-4b30-9c12-198df7f21a14	5e6a9b2d-d0fc-49bc-82ee-cf90764c0f80
abf3dca0-86d8-4a58-98e3-4409c44fde90	ZENBOOK14	35b5be13-59a3-4b30-9c12-198df7f21a14	5e6a9b2d-d0fc-49bc-82ee-cf90764c0f80
15e38d56-0114-4f6d-b6d3-b85d270c83e6	UX430U	35b5be13-59a3-4b30-9c12-198df7f21a14	5e6a9b2d-d0fc-49bc-82ee-cf90764c0f80
7761d097-14da-46af-bf10-1dbac430681f	FX706H	35b5be13-59a3-4b30-9c12-198df7f21a14	f6d2d95e-06af-4e7d-8b30-e12b8af28542
a7d6783b-1d54-471e-bf8c-ac0ba0d2ac5c	N552V	35b5be13-59a3-4b30-9c12-198df7f21a14	f6d2d95e-06af-4e7d-8b30-e12b8af28542
19e47ccc-d60b-489d-85e1-734292b3cd52	Z51	40c633db-a833-4baf-bfda-f7ac7cdfbb4a	5e6a9b2d-d0fc-49bc-82ee-cf90764c0f80
a5a14ade-1f5e-449f-a827-043182f2440a	UX360U	35b5be13-59a3-4b30-9c12-198df7f21a14	5e6a9b2d-d0fc-49bc-82ee-cf90764c0f80
bde5aef4-3a3c-4302-be56-6e06331a0d0a	IDEAPAD GAMING 3	40c633db-a833-4baf-bfda-f7ac7cdfbb4a	5e6a9b2d-d0fc-49bc-82ee-cf90764c0f80
66d986d4-fe49-4a5b-8d10-6dc972a07b37	SM-A536B	424089c4-3e11-4cf8-ad82-37f1aae8f431	f6d2d95e-06af-4e7d-8b30-e12b8af28542
d5347f7e-591d-4d86-9f70-d2cb4ef8da10	REDMI A3	5880d28f-9587-4266-881e-821aa78603e7	f6d2d95e-06af-4e7d-8b30-e12b8af28542
8094a816-25c4-40f9-99a7-67cbe9168997	SM-G930U	424089c4-3e11-4cf8-ad82-37f1aae8f431	f6d2d95e-06af-4e7d-8b30-e12b8af28542
3fb7ea1e-ee5f-451b-9f68-efa4a5955a2f	ELITE BOOK 840	3bd08f5c-49b4-4f7a-8914-92d93a22f333	5e6a9b2d-d0fc-49bc-82ee-cf90764c0f80
3ff39c77-0a71-407b-8c01-6c4b3817ae0a	SM-T285	424089c4-3e11-4cf8-ad82-37f1aae8f431	8b436b8d-088a-430c-a72e-bd216804f246
b026410d-2871-411d-b3b8-34e24b92e811	PN07110	3f7e036e-e307-4967-97ea-9b6b3f1f4a7f	f6d2d95e-06af-4e7d-8b30-e12b8af28542
9ab9110f-db4e-4b3b-b3b1-17625d4ef8ae	A1674	e078e15a-1f34-4c78-95f7-bc6d2365c53f	8b436b8d-088a-430c-a72e-bd216804f246
b1385020-948e-47e7-9e88-49f9dabbf939	S-091713	10ffa809-4b2a-4963-9b23-e394a916bbf7	f6d2d95e-06af-4e7d-8b30-e12b8af28542
9c7c943f-485d-49f6-a789-11eb8b7e4c28	MI MAX 2	5880d28f-9587-4266-881e-821aa78603e7	f6d2d95e-06af-4e7d-8b30-e12b8af28542
0e9ce1d8-954f-4557-ae6a-a98cab2419c5	IDEAPAD 500	40c633db-a833-4baf-bfda-f7ac7cdfbb4a	5e6a9b2d-d0fc-49bc-82ee-cf90764c0f80
712ce28d-4bbe-44a1-849a-db31631b5021	NARZO A50	5880d28f-9587-4266-881e-821aa78603e7	f6d2d95e-06af-4e7d-8b30-e12b8af28542
eff153c7-37e4-4949-81ca-21449aceeacc	SM-A9100	424089c4-3e11-4cf8-ad82-37f1aae8f431	f6d2d95e-06af-4e7d-8b30-e12b8af28542
297fd753-bcdf-4590-92f4-463f89e72d11	F9	a63cda90-6f45-4976-b0ad-e1da2533ea27	f6d2d95e-06af-4e7d-8b30-e12b8af28542
1165ac53-339e-48ef-ae58-9dca9ebd32e7	REDMI NOTE 13 PRO 5G	5880d28f-9587-4266-881e-821aa78603e7	f6d2d95e-06af-4e7d-8b30-e12b8af28542
26a95922-616f-4379-bddb-51b10e6384ea	A1533	e078e15a-1f34-4c78-95f7-bc6d2365c53f	f6d2d95e-06af-4e7d-8b30-e12b8af28542
9116f97d-b976-4dc6-99ae-38b9a13be371	LATITUDE E5520	2cb75c5e-1b46-4220-a5bf-c523c81d9baa	5e6a9b2d-d0fc-49bc-82ee-cf90764c0f80
509ae5fe-bca4-4a22-875f-6e09aaca9467	THINKPAD 15 G2 ITL	40c633db-a833-4baf-bfda-f7ac7cdfbb4a	5e6a9b2d-d0fc-49bc-82ee-cf90764c0f80
84294d56-e89c-46c8-80c2-586cbab894b2	BAND	5880d28f-9587-4266-881e-821aa78603e7	5b1ed3c3-b2ac-4d42-8c59-3e0d5c2b1828
7b1772bf-3a26-47a8-8180-f1479e55fd0b	IDEAPAD MIIX 510-12ISK	40c633db-a833-4baf-bfda-f7ac7cdfbb4a	5e6a9b2d-d0fc-49bc-82ee-cf90764c0f80
bea8fec4-18e8-4aca-84f8-a9630e6e881c	IDEAPAD Z470	40c633db-a833-4baf-bfda-f7ac7cdfbb4a	5e6a9b2d-d0fc-49bc-82ee-cf90764c0f80
b4f6b8c1-3538-4ad4-b941-f41a3f3fd79e	A1990	e078e15a-1f34-4c78-95f7-bc6d2365c53f	5e6a9b2d-d0fc-49bc-82ee-cf90764c0f80
2457d8e6-4e70-4c02-9574-8e4bb4038e9a	XT2203	f2337673-7381-4cb3-87a3-eda8d08fb6fb	f6d2d95e-06af-4e7d-8b30-e12b8af28542
e021cde9-6ace-4506-b513-dd061a857c58	E50-70	40c633db-a833-4baf-bfda-f7ac7cdfbb4a	5e6a9b2d-d0fc-49bc-82ee-cf90764c0f80
0bf31f94-83f2-4bfd-984b-c2a5e209add7	E50	40c633db-a833-4baf-bfda-f7ac7cdfbb4a	5e6a9b2d-d0fc-49bc-82ee-cf90764c0f80
fd70b072-25ad-42b6-93c2-f99b52ed0a76	14-CF1061ST	3bd08f5c-49b4-4f7a-8914-92d93a22f333	5e6a9b2d-d0fc-49bc-82ee-cf90764c0f80
9c864247-ccbe-4087-9555-6c490fffb210	TL688	10ffa809-4b2a-4963-9b23-e394a916bbf7	f6d2d95e-06af-4e7d-8b30-e12b8af28542
918436ee-a289-4089-bd12-4f52ea14e977	A1530	e078e15a-1f34-4c78-95f7-bc6d2365c53f	f6d2d95e-06af-4e7d-8b30-e12b8af28542
55c93362-2ddb-4733-bfb6-8d2d5eb1d2ea	PIXLE 5	a95f75d8-c7bc-4765-a93d-58ed809abf6b	f6d2d95e-06af-4e7d-8b30-e12b8af28542
510dd0a5-806b-41eb-9624-7a1576ea0b2d	S904	0c61da91-cfda-405a-8f81-a6e144138db1	5e6a9b2d-d0fc-49bc-82ee-cf90764c0f80
a4fed145-b44e-4727-83c2-540b2d864f9c	SM-R365	424089c4-3e11-4cf8-ad82-37f1aae8f431	5b1ed3c3-b2ac-4d42-8c59-3e0d5c2b1828
090a646b-0726-4582-9c05-1cf0c1915b3b	A1633	e078e15a-1f34-4c78-95f7-bc6d2365c53f	f6d2d95e-06af-4e7d-8b30-e12b8af28542
d43098ca-ff81-40ec-a85a-920f26d97f72	A2218	e078e15a-1f34-4c78-95f7-bc6d2365c53f	f6d2d95e-06af-4e7d-8b30-e12b8af28542
ff14e1b6-8491-4b07-ac5d-8bb9d4bbf4e9	LLD-L21	906a65af-a1e3-47e4-a7a2-6f12cea5f4a7	f6d2d95e-06af-4e7d-8b30-e12b8af28542
ad014c88-bc85-4329-ac4b-d3e7511f0666	R510Z	35b5be13-59a3-4b30-9c12-198df7f21a14	5e6a9b2d-d0fc-49bc-82ee-cf90764c0f80
57d9cf8e-d175-4f59-a03b-b4299c1f3791	REALME C55	5880d28f-9587-4266-881e-821aa78603e7	f6d2d95e-06af-4e7d-8b30-e12b8af28542
b7fa2f13-b7ac-4d42-bb63-8be6ce7f790d	A1893	e078e15a-1f34-4c78-95f7-bc6d2365c53f	8b436b8d-088a-430c-a72e-bd216804f246
3339a163-9dab-4de7-a426-a139f1b0603b	LEO-BX9	906a65af-a1e3-47e4-a7a2-6f12cea5f4a7	5b1ed3c3-b2ac-4d42-8c59-3e0d5c2b1828
96a1e702-97bb-4986-b254-050acd7e7d4e	SM-P205	424089c4-3e11-4cf8-ad82-37f1aae8f431	8b436b8d-088a-430c-a72e-bd216804f246
f83085eb-89ba-4938-a9f3-b7d97c14239a	IDEAPAD L3	40c633db-a833-4baf-bfda-f7ac7cdfbb4a	5e6a9b2d-d0fc-49bc-82ee-cf90764c0f80
8f2359ff-edf9-45ba-8d42-7904da372143	SM-M146B	424089c4-3e11-4cf8-ad82-37f1aae8f431	f6d2d95e-06af-4e7d-8b30-e12b8af28542
ab7df93a-5203-4cea-acf1-5ff8edae904a	SM-A536E	424089c4-3e11-4cf8-ad82-37f1aae8f431	f6d2d95e-06af-4e7d-8b30-e12b8af28542
3d70c4bd-0c9e-49b8-802c-fbf1e715068f	A2337	e078e15a-1f34-4c78-95f7-bc6d2365c53f	5e6a9b2d-d0fc-49bc-82ee-cf90764c0f80
4f1b635f-dacd-4b11-a946-976fc35a6464	S 1	5880d28f-9587-4266-881e-821aa78603e7	f6d2d95e-06af-4e7d-8b30-e12b8af28542
a41181e2-587e-4282-95cc-f5b988f500c8	R427F	35b5be13-59a3-4b30-9c12-198df7f21a14	5e6a9b2d-d0fc-49bc-82ee-cf90764c0f80
3ec610d9-6a82-4f56-894a-0c02ed6dc292	G6-U10	906a65af-a1e3-47e4-a7a2-6f12cea5f4a7	f6d2d95e-06af-4e7d-8b30-e12b8af28542
1ce49d3b-ad69-4f06-ab9d-1efc1731dadc	X543U	35b5be13-59a3-4b30-9c12-198df7f21a14	5e6a9b2d-d0fc-49bc-82ee-cf90764c0f80
18353771-fb5e-48b1-a370-5aa120e4d0c5	MI 6X	5880d28f-9587-4266-881e-821aa78603e7	f6d2d95e-06af-4e7d-8b30-e12b8af28542
5aa8332a-71ce-404a-901c-56d1fc5914e2	JDN2-L09	906a65af-a1e3-47e4-a7a2-6f12cea5f4a7	8b436b8d-088a-430c-a72e-bd216804f246
18ac40ea-c094-4adc-a15f-0d36829f81ca	SM-G780F	424089c4-3e11-4cf8-ad82-37f1aae8f431	f6d2d95e-06af-4e7d-8b30-e12b8af28542
f9139cf0-444e-43d6-b014-295dffbf02ba	ZBOOK 15U G5	3bd08f5c-49b4-4f7a-8914-92d93a22f333	5e6a9b2d-d0fc-49bc-82ee-cf90764c0f80
b803f03a-2752-4933-940c-749fbfe2d73a	SM-I8190	424089c4-3e11-4cf8-ad82-37f1aae8f431	f6d2d95e-06af-4e7d-8b30-e12b8af28542
4a784386-d1fd-41d0-a260-10dfaf76f166	SM-R890	424089c4-3e11-4cf8-ad82-37f1aae8f431	5b1ed3c3-b2ac-4d42-8c59-3e0d5c2b1828
6225593a-e45b-4f55-a797-cc2ebfad7729	TA-1043	b7429b3e-e021-45ea-93f7-bb4f0461cf79	f6d2d95e-06af-4e7d-8b30-e12b8af28542
37696aad-3389-47ea-ba5d-62bb3d6b75da	REDMI K40 GAMING	5880d28f-9587-4266-881e-821aa78603e7	f6d2d95e-06af-4e7d-8b30-e12b8af28542
9c0cb009-08b5-46d2-bcd9-a6d4e135eaf6	Z50-70	40c633db-a833-4baf-bfda-f7ac7cdfbb4a	5e6a9b2d-d0fc-49bc-82ee-cf90764c0f80
7d2dbe43-9b91-46f6-a1a3-8667fa8c422f	HRY-LX1T	906a65af-a1e3-47e4-a7a2-6f12cea5f4a7	f6d2d95e-06af-4e7d-8b30-e12b8af28542
64df1b28-4ff3-4215-8662-a274aa3a27bc	REDMI 6 PRO	5880d28f-9587-4266-881e-821aa78603e7	f6d2d95e-06af-4e7d-8b30-e12b8af28542
7b78b121-e581-4377-9ef1-466a482f3245	GT 2	906a65af-a1e3-47e4-a7a2-6f12cea5f4a7	5b1ed3c3-b2ac-4d42-8c59-3e0d5c2b1828
8d80dce2-ba27-4adf-ad81-4244dfbaad6e	PAVILION X360	3bd08f5c-49b4-4f7a-8914-92d93a22f333	5e6a9b2d-d0fc-49bc-82ee-cf90764c0f80
fcd255a6-820d-4a2b-aba4-f842d86083b2	M910N	3f7e036e-e307-4967-97ea-9b6b3f1f4a7f	f6d2d95e-06af-4e7d-8b30-e12b8af28542
5d7fbb6c-b054-4dad-8a8f-c7f66dbc8240	POCO C3	5880d28f-9587-4266-881e-821aa78603e7	f6d2d95e-06af-4e7d-8b30-e12b8af28542
a583c44b-fc7b-4687-82ec-4ae4936c986e	RENO Z2	a63cda90-6f45-4976-b0ad-e1da2533ea27	f6d2d95e-06af-4e7d-8b30-e12b8af28542
94b7add3-4f81-4eb6-b933-c4f75d4b70c7	PRECISION M4700	2cb75c5e-1b46-4220-a5bf-c523c81d9baa	5e6a9b2d-d0fc-49bc-82ee-cf90764c0f80
f9c0972f-f486-47c4-a7a2-ccb599bbdf9a	SM-T580	424089c4-3e11-4cf8-ad82-37f1aae8f431	8b436b8d-088a-430c-a72e-bd216804f246
dc8a33cf-9d84-439d-b4b6-0e671d74c459	N551V	35b5be13-59a3-4b30-9c12-198df7f21a14	5e6a9b2d-d0fc-49bc-82ee-cf90764c0f80
f8d8837f-3116-41bb-b42e-a1b90c1ff315	L55M5-5ASP	5880d28f-9587-4266-881e-821aa78603e7	920a20a7-1803-4eb1-9f79-e8e53903da40
d5dd54b3-5aea-4f52-9892-417871d3f502	AGR-L09	906a65af-a1e3-47e4-a7a2-6f12cea5f4a7	8b436b8d-088a-430c-a72e-bd216804f246
4bd37620-b0d7-4753-854c-e2764c410a0b	RENO7 Z 5G	a63cda90-6f45-4976-b0ad-e1da2533ea27	f6d2d95e-06af-4e7d-8b30-e12b8af28542
ae83f545-c19a-4dee-92e5-cd76edb5c708	REALME 7 5G	5880d28f-9587-4266-881e-821aa78603e7	f6d2d95e-06af-4e7d-8b30-e12b8af28542
cf15c3a8-579c-4686-b2f9-168034db8134	X21S	cf328c7c-2627-4763-a525-6a133402d8ce	f6d2d95e-06af-4e7d-8b30-e12b8af28542
aa16c0be-3134-4931-bf5d-dea41e567a6f	NOTE 6	5880d28f-9587-4266-881e-821aa78603e7	f6d2d95e-06af-4e7d-8b30-e12b8af28542
72979f34-8990-4526-93b3-48d671eeb863	L55M7-Q2ME	5880d28f-9587-4266-881e-821aa78603e7	920a20a7-1803-4eb1-9f79-e8e53903da40
f42762ef-8e7b-45c6-95c8-f5bde0e1d612	A2759	e078e15a-1f34-4c78-95f7-bc6d2365c53f	8b436b8d-088a-430c-a72e-bd216804f246
3adabe43-76f0-4651-aeb8-e19bf25ef702	SM-T530	424089c4-3e11-4cf8-ad82-37f1aae8f431	8b436b8d-088a-430c-a72e-bd216804f246
81439e25-cd23-46ef-b834-78d117163963	XT2016-1	f2337673-7381-4cb3-87a3-eda8d08fb6fb	f6d2d95e-06af-4e7d-8b30-e12b8af28542
adb30cd2-4b05-4a00-acf5-cecc928b7b42	MI 12 PRO	5880d28f-9587-4266-881e-821aa78603e7	f6d2d95e-06af-4e7d-8b30-e12b8af28542
3394f4d0-a9f6-4e6f-a021-8534057d0f4a	SM-A037F	424089c4-3e11-4cf8-ad82-37f1aae8f431	f6d2d95e-06af-4e7d-8b30-e12b8af28542
44d8b19b-c20e-4ccb-98b0-ef36164199a3	SNE-LX1	906a65af-a1e3-47e4-a7a2-6f12cea5f4a7	f6d2d95e-06af-4e7d-8b30-e12b8af28542
aa275636-8fe1-4e41-8cc2-eed2e5834a17	SM-A346E	424089c4-3e11-4cf8-ad82-37f1aae8f431	f6d2d95e-06af-4e7d-8b30-e12b8af28542
175754c5-f79f-45c3-a7e0-39b72e9fafb1	Y33 S	cf328c7c-2627-4763-a525-6a133402d8ce	f6d2d95e-06af-4e7d-8b30-e12b8af28542
5ec94e0b-f738-48a5-8214-cec8bbee029b	A1708	e078e15a-1f34-4c78-95f7-bc6d2365c53f	5e6a9b2d-d0fc-49bc-82ee-cf90764c0f80
4203250d-c2d1-41d9-a058-6c9b17995568	TB3-730X	40c633db-a833-4baf-bfda-f7ac7cdfbb4a	8b436b8d-088a-430c-a72e-bd216804f246
04098ef6-965c-4f31-b489-9efc5dc66c3b	PIXEL 6	a95f75d8-c7bc-4765-a93d-58ed809abf6b	f6d2d95e-06af-4e7d-8b30-e12b8af28542
cdb5d1f6-7c56-4ba3-97ed-6e08a504a05c	TA-1365	b7429b3e-e021-45ea-93f7-bb4f0461cf79	f6d2d95e-06af-4e7d-8b30-e12b8af28542
e5238daa-7494-4be7-8bb4-fb4b688f6c46	TA-1201	b7429b3e-e021-45ea-93f7-bb4f0461cf79	f6d2d95e-06af-4e7d-8b30-e12b8af28542
95874d32-8667-459a-a8c6-8b75ac77a3be	SM-G7818	424089c4-3e11-4cf8-ad82-37f1aae8f431	f6d2d95e-06af-4e7d-8b30-e12b8af28542
9ffbe79b-5a31-4c15-893b-2aa00ee6bdf2	SM-M215	424089c4-3e11-4cf8-ad82-37f1aae8f431	f6d2d95e-06af-4e7d-8b30-e12b8af28542
c7ffe1d3-c662-4cce-9eed-6eb0fb9a3a41	TA-1325	b7429b3e-e021-45ea-93f7-bb4f0461cf79	f6d2d95e-06af-4e7d-8b30-e12b8af28542
d5aa4476-ab30-4e23-89e3-049ab567fff1	HTC Jetstream	3f7e036e-e307-4967-97ea-9b6b3f1f4a7f	8b436b8d-088a-430c-a72e-bd216804f246
ea85e943-56e2-4218-8547-3612e9f0e047	POCO C65	5880d28f-9587-4266-881e-821aa78603e7	f6d2d95e-06af-4e7d-8b30-e12b8af28542
9128f707-a6d5-4589-a990-b7c7bcb47191	AUM-L29	906a65af-a1e3-47e4-a7a2-6f12cea5f4a7	f6d2d95e-06af-4e7d-8b30-e12b8af28542
8fe9bae2-e39e-4e65-852a-b3ada1bf70ae	Y70-70	40c633db-a833-4baf-bfda-f7ac7cdfbb4a	5e6a9b2d-d0fc-49bc-82ee-cf90764c0f80
80a04e4f-c6d9-43ff-8d38-d98004d40df7	YOGA 3 PRO	40c633db-a833-4baf-bfda-f7ac7cdfbb4a	5e6a9b2d-d0fc-49bc-82ee-cf90764c0f80
b4ddbccf-77de-4caa-9c6c-6321a09029e0	DRA-LX9	906a65af-a1e3-47e4-a7a2-6f12cea5f4a7	f6d2d95e-06af-4e7d-8b30-e12b8af28542
eba3ad08-10b9-4787-8a8a-f7e6d03ad726	POCO X6 PRO	5880d28f-9587-4266-881e-821aa78603e7	f6d2d95e-06af-4e7d-8b30-e12b8af28542
67154b41-d73f-4514-a36d-4a47c00586b7	MI 8 PRO	5880d28f-9587-4266-881e-821aa78603e7	f6d2d95e-06af-4e7d-8b30-e12b8af28542
c1939084-dd6a-46ff-bff3-174d2eeeebab	SVF14C1WW	f6985faf-c878-4ca4-8283-f93f44fc3343	5e6a9b2d-d0fc-49bc-82ee-cf90764c0f80
f8545553-8e0f-43e4-8442-383636a0be84	REALME C53	5880d28f-9587-4266-881e-821aa78603e7	f6d2d95e-06af-4e7d-8b30-e12b8af28542
a9a9d6aa-07dc-4f6e-8ec5-c9d346857a84	NP300E5V	424089c4-3e11-4cf8-ad82-37f1aae8f431	5e6a9b2d-d0fc-49bc-82ee-cf90764c0f80
2f0f7437-f236-4b4e-a22c-b86d1ae7ae44	MOA-LX9N	906a65af-a1e3-47e4-a7a2-6f12cea5f4a7	f6d2d95e-06af-4e7d-8b30-e12b8af28542
5a10cf82-a384-4045-8533-5b3c7871bd6b	Redmi K50 Gaming	5880d28f-9587-4266-881e-821aa78603e7	f6d2d95e-06af-4e7d-8b30-e12b8af28542
645dc4be-605e-4737-916e-0e6376ea5ac9	XT2255-1	f2337673-7381-4cb3-87a3-eda8d08fb6fb	f6d2d95e-06af-4e7d-8b30-e12b8af28542
1f04f065-c2ec-4eba-968c-28e357de75e1	A2602	e078e15a-1f34-4c78-95f7-bc6d2365c53f	8b436b8d-088a-430c-a72e-bd216804f246
fe763854-e6ef-43d8-846c-9c1a9b1cf438	REDMI 10 PRIME	5880d28f-9587-4266-881e-821aa78603e7	f6d2d95e-06af-4e7d-8b30-e12b8af28542
8edf4482-57d2-4969-a855-0f164099cc97	REDMI 10A	5880d28f-9587-4266-881e-821aa78603e7	f6d2d95e-06af-4e7d-8b30-e12b8af28542
d67edd8a-313c-46f7-b589-72d165ccca7b	xmwtcl02	5880d28f-9587-4266-881e-821aa78603e7	5b1ed3c3-b2ac-4d42-8c59-3e0d5c2b1828
281a3a23-7937-4715-bf32-564de433f0a3	S2	bde97030-8cd9-4765-9678-c947b6b1fd4e	15e8174e-9065-4a63-ac59-d44d49136a86
a18410f6-5921-4e9e-84d5-13147203a3b8	SVE14AA11W	f6985faf-c878-4ca4-8283-f93f44fc3343	5e6a9b2d-d0fc-49bc-82ee-cf90764c0f80
34a11f01-a596-48ff-8fd6-f3fd70124c97	SVE151E11L	f6985faf-c878-4ca4-8283-f93f44fc3343	5e6a9b2d-d0fc-49bc-82ee-cf90764c0f80
de6415a2-63fd-47ae-b97d-e06f8abebd64	NOTHING PHONE 1	a468b661-cf1d-445b-bf3a-26888d4fe587	f6d2d95e-06af-4e7d-8b30-e12b8af28542
81ff13eb-6e57-470c-b13c-aab8b4fc23bf	A2105	e078e15a-1f34-4c78-95f7-bc6d2365c53f	f6d2d95e-06af-4e7d-8b30-e12b8af28542
22c593c8-d323-4801-bb79-8be62733caf2	S8-701U	906a65af-a1e3-47e4-a7a2-6f12cea5f4a7	8b436b8d-088a-430c-a72e-bd216804f246
26de0463-dac7-48ae-88f1-7d49abd17593	V310	40c633db-a833-4baf-bfda-f7ac7cdfbb4a	5e6a9b2d-d0fc-49bc-82ee-cf90764c0f80
88085ba6-5b30-4e0f-a3ce-f2eed92dd100	RENO8 PRO	a63cda90-6f45-4976-b0ad-e1da2533ea27	f6d2d95e-06af-4e7d-8b30-e12b8af28542
d5ba033b-2288-4d3d-a78c-f6d8a3ffd6cd	XPAW013	5880d28f-9587-4266-881e-821aa78603e7	5b1ed3c3-b2ac-4d42-8c59-3e0d5c2b1828
092aab70-aa5f-40a8-bd4b-8ba824b6c6c1	SM-T819	424089c4-3e11-4cf8-ad82-37f1aae8f431	8b436b8d-088a-430c-a72e-bd216804f246
bb39bca6-f2cb-4b73-80f0-43003363339f	AGS3K-L09	906a65af-a1e3-47e4-a7a2-6f12cea5f4a7	8b436b8d-088a-430c-a72e-bd216804f246
a80de8da-3344-407d-a760-d877984568f6	X00TD	35b5be13-59a3-4b30-9c12-198df7f21a14	f6d2d95e-06af-4e7d-8b30-e12b8af28542
725ce470-cefb-44b5-9689-76bb4127ce03	MOTO G84 5G	f2337673-7381-4cb3-87a3-eda8d08fb6fb	f6d2d95e-06af-4e7d-8b30-e12b8af28542
77777077-4773-4f94-ae5c-2c755a4db4ea	SM-A205F	424089c4-3e11-4cf8-ad82-37f1aae8f431	f6d2d95e-06af-4e7d-8b30-e12b8af28542
b86f6679-8c03-4212-9c6c-4aa34518e312	REDMI WATCH 4	5880d28f-9587-4266-881e-821aa78603e7	5b1ed3c3-b2ac-4d42-8c59-3e0d5c2b1828
5eeb1e27-5d63-4ef1-b27f-0693d5d641b3	GM1901	08f0f10d-8d93-443e-b78b-a87a2ac03bbe	f6d2d95e-06af-4e7d-8b30-e12b8af28542
e094c05d-aee3-4820-a07e-41efe1db9719	SM-T595	424089c4-3e11-4cf8-ad82-37f1aae8f431	8b436b8d-088a-430c-a72e-bd216804f246
10bfe1aa-00bb-4839-b1a0-5cc5e8782a19	E6533	f6985faf-c878-4ca4-8283-f93f44fc3343	f6d2d95e-06af-4e7d-8b30-e12b8af28542
b3e5f522-f2a8-4fb0-babc-32420dd842f7	BOH-WAQ9R	906a65af-a1e3-47e4-a7a2-6f12cea5f4a7	5e6a9b2d-d0fc-49bc-82ee-cf90764c0f80
44126d00-05c4-4fdc-beec-deeaa638d684	V3-574G	0c4c7b1c-203c-4804-b272-66bd039c6288	5e6a9b2d-d0fc-49bc-82ee-cf90764c0f80
f0cf1cd3-772e-44e3-9bd8-89b10024f1dc	POCO F5 PRO 5G	5880d28f-9587-4266-881e-821aa78603e7	f6d2d95e-06af-4e7d-8b30-e12b8af28542
82f06778-7649-414b-bf36-6400c1e178ed	BE2013	08f0f10d-8d93-443e-b78b-a87a2ac03bbe	f6d2d95e-06af-4e7d-8b30-e12b8af28542
0bc45cf9-c226-4959-a20a-a783c6510729	K3502	74f5db46-b909-4575-b00a-e75e6a770c44	f6d2d95e-06af-4e7d-8b30-e12b8af28542
8326dc73-dd71-449a-8638-741b770bfafb	NITRO 5	0c4c7b1c-203c-4804-b272-66bd039c6288	5e6a9b2d-d0fc-49bc-82ee-cf90764c0f80
8b30bfc3-2a02-484a-9ed2-a280971f1b0d	REDMI NORE 12 PRO PLUS 5G	5880d28f-9587-4266-881e-821aa78603e7	f6d2d95e-06af-4e7d-8b30-e12b8af28542
36987b72-11db-4b71-9647-399b23b3a1ba	SM-A300H	424089c4-3e11-4cf8-ad82-37f1aae8f431	f6d2d95e-06af-4e7d-8b30-e12b8af28542
1ff22582-c674-49e1-8960-d6a16acee26a	NTN-L22	906a65af-a1e3-47e4-a7a2-6f12cea5f4a7	f6d2d95e-06af-4e7d-8b30-e12b8af28542
ae460f43-4b4d-412b-99d6-0b70a40c2381	SM-T815	424089c4-3e11-4cf8-ad82-37f1aae8f431	8b436b8d-088a-430c-a72e-bd216804f246
8d72b34e-17a3-4a48-86a2-6f2ff7a93e0d	REDMI PRO	5880d28f-9587-4266-881e-821aa78603e7	f6d2d95e-06af-4e7d-8b30-e12b8af28542
aa73ffc4-beb0-4a0f-be01-b4d1b59c6ea5	COR-L29	906a65af-a1e3-47e4-a7a2-6f12cea5f4a7	f6d2d95e-06af-4e7d-8b30-e12b8af28542
d70834cd-b614-4d0a-8300-8c438285dd62	X00PD	35b5be13-59a3-4b30-9c12-198df7f21a14	f6d2d95e-06af-4e7d-8b30-e12b8af28542
455d25b5-db9a-4642-a74e-5ff65ab2f4e4	XT2333-5	f2337673-7381-4cb3-87a3-eda8d08fb6fb	f6d2d95e-06af-4e7d-8b30-e12b8af28542
8c06ec20-026c-498d-83e5-fa01bd7ede95	TB-7305X	40c633db-a833-4baf-bfda-f7ac7cdfbb4a	8b436b8d-088a-430c-a72e-bd216804f246
91414e5f-a145-4d14-a5bc-60b526133800	V570C	40c633db-a833-4baf-bfda-f7ac7cdfbb4a	5e6a9b2d-d0fc-49bc-82ee-cf90764c0f80
3dd5becd-48fd-488b-b64a-2b88dab5ff41	MS-16Y1	2e8da2f9-2e3b-4c2a-95c3-72fcdd5cc9b0	5e6a9b2d-d0fc-49bc-82ee-cf90764c0f80
083c0edc-6a96-4bcd-b1a9-4cfafa4505c8	PRA-LA1	906a65af-a1e3-47e4-a7a2-6f12cea5f4a7	f6d2d95e-06af-4e7d-8b30-e12b8af28542
599ddb28-c8f9-4a4e-af2a-179f9dc44120	SAMN-LX9	906a65af-a1e3-47e4-a7a2-6f12cea5f4a7	f6d2d95e-06af-4e7d-8b30-e12b8af28542
07ef178d-e1c2-47cc-85ac-04b0deb531b0	SM-G928C	424089c4-3e11-4cf8-ad82-37f1aae8f431	f6d2d95e-06af-4e7d-8b30-e12b8af28542
b4f74d5d-4e56-4edc-aee3-71d7c6535a56	SM-F731B	424089c4-3e11-4cf8-ad82-37f1aae8f431	f6d2d95e-06af-4e7d-8b30-e12b8af28542
67108d23-e5e7-42e7-9c74-f90c773a30b9	MGA-LX9	906a65af-a1e3-47e4-a7a2-6f12cea5f4a7	f6d2d95e-06af-4e7d-8b30-e12b8af28542
5e95cf03-351c-4766-a9e9-06c9808f3e27	SM-M317F	424089c4-3e11-4cf8-ad82-37f1aae8f431	f6d2d95e-06af-4e7d-8b30-e12b8af28542
a2b242ed-36ca-4596-a645-390616fa88b2	PRESARIO V5000	3bd08f5c-49b4-4f7a-8914-92d93a22f333	5e6a9b2d-d0fc-49bc-82ee-cf90764c0f80
37d87ddf-7b2a-4fd7-80ef-df23de36f09f	0PE6500	3f7e036e-e307-4967-97ea-9b6b3f1f4a7f	f6d2d95e-06af-4e7d-8b30-e12b8af28542
2ace0b59-fa98-4ffc-9fd5-c80d5a0a0e7d	ZBOOK 17 G3	3bd08f5c-49b4-4f7a-8914-92d93a22f333	5e6a9b2d-d0fc-49bc-82ee-cf90764c0f80
2cd68439-97a8-4cd3-8104-1cd6ed4a657e	SVS13AA11L	f6985faf-c878-4ca4-8283-f93f44fc3343	5e6a9b2d-d0fc-49bc-82ee-cf90764c0f80
b5f9b763-9856-495c-9afc-cec98fa92ffe	BAH3-L09	906a65af-a1e3-47e4-a7a2-6f12cea5f4a7	8b436b8d-088a-430c-a72e-bd216804f246
ce17abc1-9455-45c7-bcb1-248842001d6f	RM-1035	b7429b3e-e021-45ea-93f7-bb4f0461cf79	f6d2d95e-06af-4e7d-8b30-e12b8af28542
f0698d0c-31e8-4593-8955-40491f996eb5	Asus Fonepad 7 FE170CG	35b5be13-59a3-4b30-9c12-198df7f21a14	f6d2d95e-06af-4e7d-8b30-e12b8af28542
31982262-bd6f-4008-adec-e0a20950faf7	8505X	35b5be13-59a3-4b30-9c12-198df7f21a14	8b436b8d-088a-430c-a72e-bd216804f246
18e13070-4ed8-4e60-ba8c-d0d44f924447	A5010	08f0f10d-8d93-443e-b78b-a87a2ac03bbe	f6d2d95e-06af-4e7d-8b30-e12b8af28542
b2144600-5f4e-4bc5-b1c5-d5229cd9e4b8	A2018	5880d28f-9587-4266-881e-821aa78603e7	5b1ed3c3-b2ac-4d42-8c59-3e0d5c2b1828
da90f236-14f8-4a2a-bf36-358aea589bd7	SM-M205F	424089c4-3e11-4cf8-ad82-37f1aae8f431	f6d2d95e-06af-4e7d-8b30-e12b8af28542
43c8081f-e2bf-4605-b090-f3153b20cb57	POCO M6 PRO	5880d28f-9587-4266-881e-821aa78603e7	f6d2d95e-06af-4e7d-8b30-e12b8af28542
9fde3bbb-0898-4d4c-a252-ee8fbdaafe93	XT2203-1	5880d28f-9587-4266-881e-821aa78603e7	f6d2d95e-06af-4e7d-8b30-e12b8af28542
10164483-eeab-44ff-a3c3-020446588680	SM-P619	424089c4-3e11-4cf8-ad82-37f1aae8f431	8b436b8d-088a-430c-a72e-bd216804f246
7f2c8150-7b35-420f-8003-4b37f75e3a3b	SM-P625	424089c4-3e11-4cf8-ad82-37f1aae8f431	8b436b8d-088a-430c-a72e-bd216804f246
464919d9-8b13-43a9-aca7-40be6af45115	SM-T225	424089c4-3e11-4cf8-ad82-37f1aae8f431	8b436b8d-088a-430c-a72e-bd216804f246
9a605b35-70f7-421a-b241-16310c327aac	A1954	e078e15a-1f34-4c78-95f7-bc6d2365c53f	8b436b8d-088a-430c-a72e-bd216804f246
df7b1c41-2298-43e8-a431-df106d32e635	TA-1359	b7429b3e-e021-45ea-93f7-bb4f0461cf79	f6d2d95e-06af-4e7d-8b30-e12b8af28542
6a7c6b16-55fa-4e58-bd47-0a8423e5caf7	G2	906a65af-a1e3-47e4-a7a2-6f12cea5f4a7	5b1ed3c3-b2ac-4d42-8c59-3e0d5c2b1828
b27b0420-203a-4072-b0d0-7d833858996a	A2633	e078e15a-1f34-4c78-95f7-bc6d2365c53f	f6d2d95e-06af-4e7d-8b30-e12b8af28542
504ce9ab-04c6-4bb3-a429-64e3c9f46c67	BOB-WAI9Q	906a65af-a1e3-47e4-a7a2-6f12cea5f4a7	5e6a9b2d-d0fc-49bc-82ee-cf90764c0f80
88091dc7-3ff7-48e3-b446-2b554fab795b	REDMI 12	5880d28f-9587-4266-881e-821aa78603e7	f6d2d95e-06af-4e7d-8b30-e12b8af28542
fdb1304b-d3bd-4ba2-a5c2-2693c1348efd	A1428	e078e15a-1f34-4c78-95f7-bc6d2365c53f	f6d2d95e-06af-4e7d-8b30-e12b8af28542
0c863272-9b71-4f84-b38f-1261ae727439	IDEAPAD Y700-17ISK	40c633db-a833-4baf-bfda-f7ac7cdfbb4a	5e6a9b2d-d0fc-49bc-82ee-cf90764c0f80
ffaa33ab-4500-4815-9e33-bd65c7465f62	A1634	e078e15a-1f34-4c78-95f7-bc6d2365c53f	f6d2d95e-06af-4e7d-8b30-e12b8af28542
4a88c6a2-f8d6-4d66-b9b6-41ef12fc303f	PROBOOK 440 G9	3bd08f5c-49b4-4f7a-8914-92d93a22f333	5e6a9b2d-d0fc-49bc-82ee-cf90764c0f80
6569bfb3-afa2-4606-9ed5-15a3caa9e6a3	GT2 PRO	906a65af-a1e3-47e4-a7a2-6f12cea5f4a7	5b1ed3c3-b2ac-4d42-8c59-3e0d5c2b1828
d5c2bf6f-5a4f-4021-b2d7-c2c02bc3d7a9	SM-R500	424089c4-3e11-4cf8-ad82-37f1aae8f431	5b1ed3c3-b2ac-4d42-8c59-3e0d5c2b1828
ef086bc3-19ef-487a-9d2f-54bf53f5e85c	UX360C	35b5be13-59a3-4b30-9c12-198df7f21a14	5e6a9b2d-d0fc-49bc-82ee-cf90764c0f80
885df1fe-1d4f-4562-8526-a6b22dd825c7	REDMI NOTE 13 PRO PLUS	5880d28f-9587-4266-881e-821aa78603e7	f6d2d95e-06af-4e7d-8b30-e12b8af28542
d0ef9838-c238-4254-b168-0f7f69da7184	REDMI 13C	5880d28f-9587-4266-881e-821aa78603e7	f6d2d95e-06af-4e7d-8b30-e12b8af28542
520b2110-b6e7-47ab-8a85-444bb95d8124	13C	5880d28f-9587-4266-881e-821aa78603e7	f6d2d95e-06af-4e7d-8b30-e12b8af28542
f255eda2-52bb-44f5-94aa-5fbfe99d9ace	SM-A155F	424089c4-3e11-4cf8-ad82-37f1aae8f431	f6d2d95e-06af-4e7d-8b30-e12b8af28542
f36455cf-caaf-4945-b9f9-99868019684f	VOSTRO-1510	2cb75c5e-1b46-4220-a5bf-c523c81d9baa	5e6a9b2d-d0fc-49bc-82ee-cf90764c0f80
e36c72d5-b4e8-40fc-8310-8b16e0483ecd	SM-R590	424089c4-3e11-4cf8-ad82-37f1aae8f431	5b1ed3c3-b2ac-4d42-8c59-3e0d5c2b1828
73645e30-b5fc-4772-92dc-50943f7c93f2	REDMI 4A	5880d28f-9587-4266-881e-821aa78603e7	f6d2d95e-06af-4e7d-8b30-e12b8af28542
4ad24e19-a990-434f-ae96-c149a92a63f4	TB-8504X	35b5be13-59a3-4b30-9c12-198df7f21a14	8b436b8d-088a-430c-a72e-bd216804f246
41099d28-d8b0-4297-8895-e63dbab9da75	A1687	e078e15a-1f34-4c78-95f7-bc6d2365c53f	f6d2d95e-06af-4e7d-8b30-e12b8af28542
50d3c044-a635-4f73-80f1-1a9a2d4f9a6a	JPT-B19	906a65af-a1e3-47e4-a7a2-6f12cea5f4a7	5b1ed3c3-b2ac-4d42-8c59-3e0d5c2b1828
0edea6d4-abbc-41a7-b715-f57301f698e7	MOTO G9 PLAY	f2337673-7381-4cb3-87a3-eda8d08fb6fb	f6d2d95e-06af-4e7d-8b30-e12b8af28542
b50c015e-31f3-44d7-bdfe-e384d48578b1	WAX-LX1	906a65af-a1e3-47e4-a7a2-6f12cea5f4a7	f6d2d95e-06af-4e7d-8b30-e12b8af28542
42ebcbdb-2d4a-4910-934f-3b69d43fcf6a	GALAXY WATCH 2	424089c4-3e11-4cf8-ad82-37f1aae8f431	5b1ed3c3-b2ac-4d42-8c59-3e0d5c2b1828
d567e5b0-dfa5-4a72-b6a3-b26e270e2ec4	X55C	35b5be13-59a3-4b30-9c12-198df7f21a14	5e6a9b2d-d0fc-49bc-82ee-cf90764c0f80
63909f60-e79b-4115-87e7-be9e80527e2b	SM-A346B	424089c4-3e11-4cf8-ad82-37f1aae8f431	f6d2d95e-06af-4e7d-8b30-e12b8af28542
c25a3ac7-d2e0-4c39-be0a-790c2f0e31b5	SM-T805	424089c4-3e11-4cf8-ad82-37f1aae8f431	8b436b8d-088a-430c-a72e-bd216804f246
8e68eb82-ce3a-4c11-8227-edd2bd254df4	INSPIRON 15	2cb75c5e-1b46-4220-a5bf-c523c81d9baa	5e6a9b2d-d0fc-49bc-82ee-cf90764c0f80
96ae3f28-a612-497a-99e7-3586593c8554	15T-G400	3bd08f5c-49b4-4f7a-8914-92d93a22f333	5e6a9b2d-d0fc-49bc-82ee-cf90764c0f80
cb78d4f2-c509-4cc9-9cf9-f2b84b7e494d	Y15	cf328c7c-2627-4763-a525-6a133402d8ce	f6d2d95e-06af-4e7d-8b30-e12b8af28542
b309912c-79fe-4e1a-be3f-2510f19ef9f2	MI 12 LITE	5880d28f-9587-4266-881e-821aa78603e7	f6d2d95e-06af-4e7d-8b30-e12b8af28542
e238da02-7120-4895-a5ec-c930a8a343a4	POCO X5 5G	5880d28f-9587-4266-881e-821aa78603e7	f6d2d95e-06af-4e7d-8b30-e12b8af28542
b013b50e-f7a9-4848-961d-1964a46534cf	X5 5G	5880d28f-9587-4266-881e-821aa78603e7	f6d2d95e-06af-4e7d-8b30-e12b8af28542
cbb07ca3-67ca-47cd-a4d5-280dc8542fab	A2894	e078e15a-1f34-4c78-95f7-bc6d2365c53f	f6d2d95e-06af-4e7d-8b30-e12b8af28542
84db1ba1-ff03-41e6-98c2-6806b88155bf	SM-A546E	424089c4-3e11-4cf8-ad82-37f1aae8f431	f6d2d95e-06af-4e7d-8b30-e12b8af28542
b1f87499-8b42-4721-a534-6f27e82bd7b6	LAT-L29	906a65af-a1e3-47e4-a7a2-6f12cea5f4a7	f6d2d95e-06af-4e7d-8b30-e12b8af28542
56ab10a5-793f-431b-9cf0-956ce533db8a	SM-A710	424089c4-3e11-4cf8-ad82-37f1aae8f431	f6d2d95e-06af-4e7d-8b30-e12b8af28542
6c3e6f25-f133-4437-95b3-89a8eacc013b	SVS131E21L	f6985faf-c878-4ca4-8283-f93f44fc3343	5e6a9b2d-d0fc-49bc-82ee-cf90764c0f80
62366cbc-15ee-4f0d-bdf6-ac78224690ea	VIVOBOOK S15	35b5be13-59a3-4b30-9c12-198df7f21a14	5e6a9b2d-d0fc-49bc-82ee-cf90764c0f80
005706f1-2ac0-4cd0-8551-6c6f58147c38	D160	74f5db46-b909-4575-b00a-e75e6a770c44	f6d2d95e-06af-4e7d-8b30-e12b8af28542
33b193da-2721-4cbd-8860-51d7e6747445	G8142	f6985faf-c878-4ca4-8283-f93f44fc3343	f6d2d95e-06af-4e7d-8b30-e12b8af28542
410b5872-e523-435c-9575-2f8cfb8beae7	A1278	e078e15a-1f34-4c78-95f7-bc6d2365c53f	5e6a9b2d-d0fc-49bc-82ee-cf90764c0f80
4f849174-862c-44fc-9cef-ea8f2b1a9198	LEGION Y540	40c633db-a833-4baf-bfda-f7ac7cdfbb4a	5e6a9b2d-d0fc-49bc-82ee-cf90764c0f80
1b9e9f79-5d3c-471f-9d74-8a0f7d17ad08	TA-1418	b7429b3e-e021-45ea-93f7-bb4f0461cf79	f6d2d95e-06af-4e7d-8b30-e12b8af28542
5135f2fe-7a9b-4416-ba96-e2d91c844166	MDE5	5880d28f-9587-4266-881e-821aa78603e7	f6d2d95e-06af-4e7d-8b30-e12b8af28542
7ab0928c-82de-418b-86f7-bca8ef63da9f	A1395	e078e15a-1f34-4c78-95f7-bc6d2365c53f	8b436b8d-088a-430c-a72e-bd216804f246
3d5ee8e3-c8ae-46a7-99b5-0d744a7dcf3d	NBB-WAE9P	906a65af-a1e3-47e4-a7a2-6f12cea5f4a7	5e6a9b2d-d0fc-49bc-82ee-cf90764c0f80
16de5146-1ebc-4cbc-9c7d-f8c12c48ef96	TB-7304I	40c633db-a833-4baf-bfda-f7ac7cdfbb4a	8b436b8d-088a-430c-a72e-bd216804f246
fe21b06a-1c80-466c-bebe-269e49e9e223	Alpha One	10ffa809-4b2a-4963-9b23-e394a916bbf7	f6d2d95e-06af-4e7d-8b30-e12b8af28542
079d091a-a6fd-42cd-bd2c-f05f1969ff6b	SM-P615	424089c4-3e11-4cf8-ad82-37f1aae8f431	8b436b8d-088a-430c-a72e-bd216804f246
7f0363a4-d49b-4351-b457-8735457c45f7	ASPIRE A715-71G	0c4c7b1c-203c-4804-b272-66bd039c6288	5e6a9b2d-d0fc-49bc-82ee-cf90764c0f80
c9a0d6bd-24bf-4227-bb61-1a2603e2108c	COMPAQ PRESARIO CQ40	3bd08f5c-49b4-4f7a-8914-92d93a22f333	5e6a9b2d-d0fc-49bc-82ee-cf90764c0f80
e121975e-0a2f-48b7-b9b8-587e98354a02	IDEAPAD 5	40c633db-a833-4baf-bfda-f7ac7cdfbb4a	5e6a9b2d-d0fc-49bc-82ee-cf90764c0f80
1ef2d8a5-5828-4fde-94cf-0733ab0453cb	POCO M5s	5880d28f-9587-4266-881e-821aa78603e7	f6d2d95e-06af-4e7d-8b30-e12b8af28542
0665f95c-428a-43b3-80c1-27e3e07d8059	A1784	e078e15a-1f34-4c78-95f7-bc6d2365c53f	f6d2d95e-06af-4e7d-8b30-e12b8af28542
4aee39a9-b8f3-42a6-bb7b-b81c2a0d1188	NOTE 12 PRO  PLUS 5G	5880d28f-9587-4266-881e-821aa78603e7	f6d2d95e-06af-4e7d-8b30-e12b8af28542
1a805140-d77c-4787-b037-82ab39e5723f	IDEAPAD Z510	40c633db-a833-4baf-bfda-f7ac7cdfbb4a	5e6a9b2d-d0fc-49bc-82ee-cf90764c0f80
bb7dfd0a-243b-4b38-8067-baa6d09e7484	A2198	e078e15a-1f34-4c78-95f7-bc6d2365c53f	8b436b8d-088a-430c-a72e-bd216804f246
c9243bbf-2534-4fbd-bc2d-761e858a99ba	N580V	35b5be13-59a3-4b30-9c12-198df7f21a14	5e6a9b2d-d0fc-49bc-82ee-cf90764c0f80
63b8bf25-aba8-4c6b-804e-00ee265bf192	SM-J111F	424089c4-3e11-4cf8-ad82-37f1aae8f431	f6d2d95e-06af-4e7d-8b30-e12b8af28542
bb9b32e9-9c0e-4f4b-b089-26469fc05ef3	K016	35b5be13-59a3-4b30-9c12-198df7f21a14	8b436b8d-088a-430c-a72e-bd216804f246
be6b6efd-504a-4dfa-b4a8-d2eff0e34750	LUA-U22	906a65af-a1e3-47e4-a7a2-6f12cea5f4a7	f6d2d95e-06af-4e7d-8b30-e12b8af28542
7cbe41e1-86db-4e4e-837a-17d46faa5ea9	SM-A025F	424089c4-3e11-4cf8-ad82-37f1aae8f431	f6d2d95e-06af-4e7d-8b30-e12b8af28542
ff95c611-7432-4634-b953-23aaff2f5d13	REALME X2 PRO	5880d28f-9587-4266-881e-821aa78603e7	f6d2d95e-06af-4e7d-8b30-e12b8af28542
cdaf9fbd-5c6f-405c-938b-ad1dd67c076f	JAD-AL50	906a65af-a1e3-47e4-a7a2-6f12cea5f4a7	f6d2d95e-06af-4e7d-8b30-e12b8af28542
7dfd1835-364f-45ad-833d-b3d93223f1a8	A1901	e078e15a-1f34-4c78-95f7-bc6d2365c53f	f6d2d95e-06af-4e7d-8b30-e12b8af28542
691e65cc-040c-4ae5-9aef-ac8c89f3d8dc	VOSTRO 1310	2cb75c5e-1b46-4220-a5bf-c523c81d9baa	5e6a9b2d-d0fc-49bc-82ee-cf90764c0f80
f1099ed9-9c32-4a7b-99d0-79f66de0e91e	C65	5880d28f-9587-4266-881e-821aa78603e7	f6d2d95e-06af-4e7d-8b30-e12b8af28542
2403eff1-f7ed-4202-90b6-81d11d16167a	A1430	e078e15a-1f34-4c78-95f7-bc6d2365c53f	8b436b8d-088a-430c-a72e-bd216804f246
129e39f6-3896-4433-86db-2ac72c287d68	ELE-L29	906a65af-a1e3-47e4-a7a2-6f12cea5f4a7	f6d2d95e-06af-4e7d-8b30-e12b8af28542
b4db6750-2e02-4325-933e-47ab2e6df071	BND-L21	906a65af-a1e3-47e4-a7a2-6f12cea5f4a7	f6d2d95e-06af-4e7d-8b30-e12b8af28542
a82303bb-30a5-4e88-a52d-2f7a04f1a747	BND	906a65af-a1e3-47e4-a7a2-6f12cea5f4a7	f6d2d95e-06af-4e7d-8b30-e12b8af28542
241726ee-10bc-4506-8850-969ac57074da	B181	a468b661-cf1d-445b-bf3a-26888d4fe587	15e8174e-9065-4a63-ac59-d44d49136a86
7b281d94-b6fb-4a77-b1bd-65564f21114c	watch3	906a65af-a1e3-47e4-a7a2-6f12cea5f4a7	5b1ed3c3-b2ac-4d42-8c59-3e0d5c2b1828
db58dcfe-35f3-413f-bd9b-95067cec2af8	wache 3	906a65af-a1e3-47e4-a7a2-6f12cea5f4a7	5b1ed3c3-b2ac-4d42-8c59-3e0d5c2b1828
49c7c916-e8b3-4973-9d22-5a616a9849c6	IDEAPAD3	40c633db-a833-4baf-bfda-f7ac7cdfbb4a	5e6a9b2d-d0fc-49bc-82ee-cf90764c0f80
39482651-44cb-4ec5-b3d5-2c042e4248c3	IPHONE 7 PLUS	e078e15a-1f34-4c78-95f7-bc6d2365c53f	f6d2d95e-06af-4e7d-8b30-e12b8af28542
88a294ea-9050-490c-8970-a54e90d19fb4	P6-U06	906a65af-a1e3-47e4-a7a2-6f12cea5f4a7	f6d2d95e-06af-4e7d-8b30-e12b8af28542
cb093b09-738e-44af-860a-d9a70de68767	POCO F4 4G	5880d28f-9587-4266-881e-821aa78603e7	f6d2d95e-06af-4e7d-8b30-e12b8af28542
89c00021-82ec-4019-a82c-42c9fe802c11	INSPIRON N4030	2cb75c5e-1b46-4220-a5bf-c523c81d9baa	5e6a9b2d-d0fc-49bc-82ee-cf90764c0f80
c40f1339-412c-4842-a2e1-99c1e3dc6e7c	AN515-54	0c4c7b1c-203c-4804-b272-66bd039c6288	5e6a9b2d-d0fc-49bc-82ee-cf90764c0f80
0eb3a12d-091e-4149-9a40-e9f2b78aba83	A2341	e078e15a-1f34-4c78-95f7-bc6d2365c53f	f6d2d95e-06af-4e7d-8b30-e12b8af28542
317195bb-2e07-4651-b3ae-4818c7edbfd6	PCG-388P	f6985faf-c878-4ca4-8283-f93f44fc3343	5e6a9b2d-d0fc-49bc-82ee-cf90764c0f80
ca878bac-870d-4ff9-89e8-c03eea91c885	GALAXY WATCH 5	424089c4-3e11-4cf8-ad82-37f1aae8f431	5b1ed3c3-b2ac-4d42-8c59-3e0d5c2b1828
29fcfe65-dcc3-4f67-bd1f-ef4eacfa0ebf	YT3-850M	40c633db-a833-4baf-bfda-f7ac7cdfbb4a	8b436b8d-088a-430c-a72e-bd216804f246
071c3af6-8857-4d22-ac61-fcf83751c845	X6	0a2fef89-7576-44b6-b77b-a0f5cb9e14da	f6d2d95e-06af-4e7d-8b30-e12b8af28542
22b477b6-038e-4191-94b5-dc143f2abbd1	TA-1105	b7429b3e-e021-45ea-93f7-bb4f0461cf79	f6d2d95e-06af-4e7d-8b30-e12b8af28542
56f07792-29db-464d-8a98-aa2ebefb2059	SVF152C29L	f6985faf-c878-4ca4-8283-f93f44fc3343	5e6a9b2d-d0fc-49bc-82ee-cf90764c0f80
cc650d37-0a7a-4a7e-b7dd-2c8b9b07f160	PRO X2	3bd08f5c-49b4-4f7a-8914-92d93a22f333	5e6a9b2d-d0fc-49bc-82ee-cf90764c0f80
e25a94d6-5827-4fb6-be65-6f8283e30dd1	TA-1046	b7429b3e-e021-45ea-93f7-bb4f0461cf79	f6d2d95e-06af-4e7d-8b30-e12b8af28542
103e1d07-3ad9-45ce-9a00-768ae81151f6	SM-G610F	424089c4-3e11-4cf8-ad82-37f1aae8f431	f6d2d95e-06af-4e7d-8b30-e12b8af28542
dd0432d2-31d4-4c27-b9cd-c10dedb46d1a	A53S	35b5be13-59a3-4b30-9c12-198df7f21a14	5e6a9b2d-d0fc-49bc-82ee-cf90764c0f80
0b1347c2-bfbf-4392-aa62-5ebad71eb463	CAMON CX AIR	67ec8f98-28b7-43b1-b3f0-2279bcadcf12	f6d2d95e-06af-4e7d-8b30-e12b8af28542
8e3f9a5a-443f-46bf-ac38-c13b0b82b1ea	TA-1356	b7429b3e-e021-45ea-93f7-bb4f0461cf79	f6d2d95e-06af-4e7d-8b30-e12b8af28542
ff3aa735-4639-45e9-8095-78be30e5be10	15-N051S	3bd08f5c-49b4-4f7a-8914-92d93a22f333	5e6a9b2d-d0fc-49bc-82ee-cf90764c0f80
f435ea9b-5762-4c4a-b2ea-df9ee8824aa1	SM-N970F	424089c4-3e11-4cf8-ad82-37f1aae8f431	f6d2d95e-06af-4e7d-8b30-e12b8af28542
fdca8c33-62bd-40db-a325-1821b6d5f3e5	sm-s711b	424089c4-3e11-4cf8-ad82-37f1aae8f431	f6d2d95e-06af-4e7d-8b30-e12b8af28542
a07fb0e0-5e93-4647-8a4f-330f56dac204	A3A	35b5be13-59a3-4b30-9c12-198df7f21a14	5e6a9b2d-d0fc-49bc-82ee-cf90764c0f80
14314825-1286-43e5-b8ca-f8e6cae955f1	Z OUITRA	f6985faf-c878-4ca4-8283-f93f44fc3343	f6d2d95e-06af-4e7d-8b30-e12b8af28542
4d7edab3-48e4-4ade-8d9b-1a7430db6ee1	SVZ131A2JL	f6985faf-c878-4ca4-8283-f93f44fc3343	5e6a9b2d-d0fc-49bc-82ee-cf90764c0f80
ea7aa671-8b89-463b-bf3e-d227d3b42521	TA-1164	b7429b3e-e021-45ea-93f7-bb4f0461cf79	f6d2d95e-06af-4e7d-8b30-e12b8af28542
db68fe8a-4a62-4cfa-827f-9e0be7a817e6	A1688	e078e15a-1f34-4c78-95f7-bc6d2365c53f	f6d2d95e-06af-4e7d-8b30-e12b8af28542
537c908a-5e2f-4f60-9b00-313daec1fb5f	SM-A245F	424089c4-3e11-4cf8-ad82-37f1aae8f431	f6d2d95e-06af-4e7d-8b30-e12b8af28542
f4f9dded-da70-42f3-805b-4830c158b883	REALME 8 PRO	5880d28f-9587-4266-881e-821aa78603e7	f6d2d95e-06af-4e7d-8b30-e12b8af28542
72e3ab79-7025-45a6-a84f-deb7c1642f29	REDMI NOTE7	5880d28f-9587-4266-881e-821aa78603e7	f6d2d95e-06af-4e7d-8b30-e12b8af28542
890a4e53-7b17-4405-a78e-bec96ab0361d	SM-A405F	424089c4-3e11-4cf8-ad82-37f1aae8f431	f6d2d95e-06af-4e7d-8b30-e12b8af28542
8ddccf95-da89-4e2d-bb23-40333c91963f	PROBOOK 4530S	3bd08f5c-49b4-4f7a-8914-92d93a22f333	5e6a9b2d-d0fc-49bc-82ee-cf90764c0f80
c3b3607c-10fb-4f17-9bb5-6804ca9cfb8d	J610F	424089c4-3e11-4cf8-ad82-37f1aae8f431	f6d2d95e-06af-4e7d-8b30-e12b8af28542
603d5fbd-199a-494d-829d-a014a808fc71	T460S	40c633db-a833-4baf-bfda-f7ac7cdfbb4a	5e6a9b2d-d0fc-49bc-82ee-cf90764c0f80
71a77f12-91a7-47ba-997d-c8d244e4abfc	REDMI 7	5880d28f-9587-4266-881e-821aa78603e7	f6d2d95e-06af-4e7d-8b30-e12b8af28542
efef025a-3695-4b14-a859-fca489416b7a	A1502	e078e15a-1f34-4c78-95f7-bc6d2365c53f	5e6a9b2d-d0fc-49bc-82ee-cf90764c0f80
59afc3c4-6135-44aa-803d-c7f98271b194	MDF-X	906a65af-a1e3-47e4-a7a2-6f12cea5f4a7	5e6a9b2d-d0fc-49bc-82ee-cf90764c0f80
43691bc8-1008-4a61-a930-eb13fa7d65e1	A2412	e078e15a-1f34-4c78-95f7-bc6d2365c53f	f6d2d95e-06af-4e7d-8b30-e12b8af28542
611e803b-89a3-4168-aba0-e9332d0cbf6e	REDMI PAD	5880d28f-9587-4266-881e-821aa78603e7	8b436b8d-088a-430c-a72e-bd216804f246
5957fcc4-e8d3-427f-a4c3-19b9a60ddb1f	SERIES 4	e078e15a-1f34-4c78-95f7-bc6d2365c53f	5b1ed3c3-b2ac-4d42-8c59-3e0d5c2b1828
b9451498-c0cd-401d-987b-c05484c8abd9	REDMI NOTE 12S	5880d28f-9587-4266-881e-821aa78603e7	f6d2d95e-06af-4e7d-8b30-e12b8af28542
aa95138d-622d-450e-be37-f4787b149267	A2008	6c7d85d5-a979-4c4e-8351-0abc728e0a5b	5b1ed3c3-b2ac-4d42-8c59-3e0d5c2b1828
2aa99fb3-f8b7-4a5f-92b8-8a0e0484b02e	DRA-LX5	906a65af-a1e3-47e4-a7a2-6f12cea5f4a7	f6d2d95e-06af-4e7d-8b30-e12b8af28542
60552b94-33ca-4f16-95dd-2e2af2d06899	SM-N8000	424089c4-3e11-4cf8-ad82-37f1aae8f431	f6d2d95e-06af-4e7d-8b30-e12b8af28542
7b07950e-1578-4a11-88e5-d34f023f0610	IDEAPAD 310	40c633db-a833-4baf-bfda-f7ac7cdfbb4a	5e6a9b2d-d0fc-49bc-82ee-cf90764c0f80
6bd07745-4549-48a0-8150-204468f1f0a7	SM-A015F	424089c4-3e11-4cf8-ad82-37f1aae8f431	f6d2d95e-06af-4e7d-8b30-e12b8af28542
800f5cb9-a37b-4d0b-8906-9611e01f7c4c	ELITE X2	3bd08f5c-49b4-4f7a-8914-92d93a22f333	5e6a9b2d-d0fc-49bc-82ee-cf90764c0f80
c0996058-4066-4fc2-9609-f7150804207b	SIGNATURE	10ffa809-4b2a-4963-9b23-e394a916bbf7	f6d2d95e-06af-4e7d-8b30-e12b8af28542
9755b6e1-6f80-4ef0-9383-bc10adeb5a7f	TA-1053	b7429b3e-e021-45ea-93f7-bb4f0461cf79	f6d2d95e-06af-4e7d-8b30-e12b8af28542
3fe2d639-11b3-41e9-b310-e2aac3c8e71c	NITRO 7	0c4c7b1c-203c-4804-b272-66bd039c6288	5e6a9b2d-d0fc-49bc-82ee-cf90764c0f80
aaf5996e-edeb-4ca7-b935-04fc67b1f645	SERIES 1	e078e15a-1f34-4c78-95f7-bc6d2365c53f	5b1ed3c3-b2ac-4d42-8c59-3e0d5c2b1828
6f59e651-7c09-43b1-8d29-314be181743d	BLN-L21	906a65af-a1e3-47e4-a7a2-6f12cea5f4a7	f6d2d95e-06af-4e7d-8b30-e12b8af28542
15ea05eb-f021-49cc-885f-c51a539ffcf1	A1921	e078e15a-1f34-4c78-95f7-bc6d2365c53f	f6d2d95e-06af-4e7d-8b30-e12b8af28542
bf273c44-fc4b-453b-b216-6fb9aec60528	A-530f	424089c4-3e11-4cf8-ad82-37f1aae8f431	f6d2d95e-06af-4e7d-8b30-e12b8af28542
772bd614-97e8-497f-8d70-8c12dd19161b	A1522	e078e15a-1f34-4c78-95f7-bc6d2365c53f	f6d2d95e-06af-4e7d-8b30-e12b8af28542
45184e62-dfb2-4cdb-a78a-9f4838a36b80	SM-A536F	424089c4-3e11-4cf8-ad82-37f1aae8f431	f6d2d95e-06af-4e7d-8b30-e12b8af28542
d0cf8201-0087-499c-a6fa-b75e1a8dfe5a	GT-S5660	424089c4-3e11-4cf8-ad82-37f1aae8f431	f6d2d95e-06af-4e7d-8b30-e12b8af28542
67d6aefa-67f7-4645-9d1b-e6235716ca5e	13T PRO	5880d28f-9587-4266-881e-821aa78603e7	f6d2d95e-06af-4e7d-8b30-e12b8af28542
c618c579-89a5-4a5e-b028-460599272adb	BLACK SHARK 3 PRO	5880d28f-9587-4266-881e-821aa78603e7	f6d2d95e-06af-4e7d-8b30-e12b8af28542
acf3c9c6-3c73-4e3a-8cb1-a6f60074eec3	A2338	e078e15a-1f34-4c78-95f7-bc6d2365c53f	5e6a9b2d-d0fc-49bc-82ee-cf90764c0f80
b917c6e8-f3c8-456f-9c86-2f9c066a939f	S532F	35b5be13-59a3-4b30-9c12-198df7f21a14	5e6a9b2d-d0fc-49bc-82ee-cf90764c0f80
d37c0936-85a8-4a0b-8c4f-317b0fdb70a5	PRECISION 5530	2cb75c5e-1b46-4220-a5bf-c523c81d9baa	5e6a9b2d-d0fc-49bc-82ee-cf90764c0f80
4e80a413-ef2d-440a-83ba-f8802fcdfdb9	IDEAPAD L340	40c633db-a833-4baf-bfda-f7ac7cdfbb4a	5e6a9b2d-d0fc-49bc-82ee-cf90764c0f80
0e677a8b-3e5e-4a13-85d3-07f7d4203b01	TA-1119	b7429b3e-e021-45ea-93f7-bb4f0461cf79	f6d2d95e-06af-4e7d-8b30-e12b8af28542
d3ee4f8f-422a-4f8b-a132-c15c57a3d052	G-990b	424089c4-3e11-4cf8-ad82-37f1aae8f431	f6d2d95e-06af-4e7d-8b30-e12b8af28542
22a8dbfa-0521-4cd2-9726-cce112426b98	PCG-31111L	f6985faf-c878-4ca4-8283-f93f44fc3343	5e6a9b2d-d0fc-49bc-82ee-cf90764c0f80
e9f522f0-d866-4190-b17e-9fa76ec20614	POCO F5 5G	5880d28f-9587-4266-881e-821aa78603e7	f6d2d95e-06af-4e7d-8b30-e12b8af28542
dbcaa418-2adb-434e-88eb-113f1e9e7ce1	INSPIRON N5010	2cb75c5e-1b46-4220-a5bf-c523c81d9baa	5e6a9b2d-d0fc-49bc-82ee-cf90764c0f80
681f468d-4672-41ac-a96c-3d862823b6fd	X1 YOGA	40c633db-a833-4baf-bfda-f7ac7cdfbb4a	5e6a9b2d-d0fc-49bc-82ee-cf90764c0f80
90d6abe9-b9b6-48f5-a38d-3b95cb5d39fd	A1969	6c7d85d5-a979-4c4e-8351-0abc728e0a5b	5b1ed3c3-b2ac-4d42-8c59-3e0d5c2b1828
5c89299f-b4b9-4a5a-b0cb-27a2bad46a42	MI 10T LITE	5880d28f-9587-4266-881e-821aa78603e7	f6d2d95e-06af-4e7d-8b30-e12b8af28542
bdf5b882-6ac1-4570-8fdb-13c4d918cc06	CRO-U00	906a65af-a1e3-47e4-a7a2-6f12cea5f4a7	f6d2d95e-06af-4e7d-8b30-e12b8af28542
d9346f8b-4a27-4d3b-a5d3-2ade2a95fe9e	REDMI K30	5880d28f-9587-4266-881e-821aa78603e7	f6d2d95e-06af-4e7d-8b30-e12b8af28542
693d19c8-321e-4dbe-b0bf-9a18b0938663	mi  A3	5880d28f-9587-4266-881e-821aa78603e7	f6d2d95e-06af-4e7d-8b30-e12b8af28542
69ec9916-79ac-4b99-bf00-2ea45d3516dd	SM-A336	424089c4-3e11-4cf8-ad82-37f1aae8f431	f6d2d95e-06af-4e7d-8b30-e12b8af28542
5a8cfd7a-7e0d-4148-a3b6-fc4c233c6337	A33	424089c4-3e11-4cf8-ad82-37f1aae8f431	f6d2d95e-06af-4e7d-8b30-e12b8af28542
140186eb-9eb6-4077-8845-bb33e18e5d1a	SM-F926B	424089c4-3e11-4cf8-ad82-37f1aae8f431	f6d2d95e-06af-4e7d-8b30-e12b8af28542
ba33c3c3-aceb-41e5-9ef9-db528d0418c2	SM-T515	424089c4-3e11-4cf8-ad82-37f1aae8f431	8b436b8d-088a-430c-a72e-bd216804f246
5cb00192-636f-4712-82fd-bb9dff61aaaa	پیکسل 4XL	a95f75d8-c7bc-4765-a93d-58ed809abf6b	f6d2d95e-06af-4e7d-8b30-e12b8af28542
847b3042-4c89-41bc-ad17-3d9f347c13c7	1	0a87f047-a86f-4ab1-81bc-c867789a7bfd	15e8174e-9065-4a63-ac59-d44d49136a86
981cbfdf-8f3b-41b7-9682-93cbbf2d8e69	REDMI NOTE 13	5880d28f-9587-4266-881e-821aa78603e7	f6d2d95e-06af-4e7d-8b30-e12b8af28542
27bc37e6-d46e-4913-8946-4d86fc55ba3d	WRTB-WAH9L	906a65af-a1e3-47e4-a7a2-6f12cea5f4a7	5e6a9b2d-d0fc-49bc-82ee-cf90764c0f80
f46338c3-fb81-4be1-b294-2077a66b9e17	SM-G925	424089c4-3e11-4cf8-ad82-37f1aae8f431	f6d2d95e-06af-4e7d-8b30-e12b8af28542
f72e5aa1-25c4-4cfb-aaac-584092355e8e	1 more	5880d28f-9587-4266-881e-821aa78603e7	15e8174e-9065-4a63-ac59-d44d49136a86
254d6c4e-8f7c-4338-8a35-898f0e699b7c	MI BAND 4	5880d28f-9587-4266-881e-821aa78603e7	5b1ed3c3-b2ac-4d42-8c59-3e0d5c2b1828
b139cb67-e870-4160-94c7-b178c77e0bb4	ENVY 360	3bd08f5c-49b4-4f7a-8914-92d93a22f333	5e6a9b2d-d0fc-49bc-82ee-cf90764c0f80
45918220-12b7-4274-9f35-61b5ae9bed84	VGN-FW490JAB	f6985faf-c878-4ca4-8283-f93f44fc3343	5e6a9b2d-d0fc-49bc-82ee-cf90764c0f80
ec038e28-9f3f-43cd-ae50-84e70096a684	ASPIRE V5-571	0c4c7b1c-203c-4804-b272-66bd039c6288	5e6a9b2d-d0fc-49bc-82ee-cf90764c0f80
b64ee55d-f496-48ff-b21b-2367aa9c1658	SM-W627	424089c4-3e11-4cf8-ad82-37f1aae8f431	5e6a9b2d-d0fc-49bc-82ee-cf90764c0f80
789b9c16-04f5-4c81-ac18-dfcd2c6198b4	F5-573G	0c4c7b1c-203c-4804-b272-66bd039c6288	5e6a9b2d-d0fc-49bc-82ee-cf90764c0f80
e1e8f45f-1e14-41f7-81c8-af767451a6df	1601	5880d28f-9587-4266-881e-821aa78603e7	5e6a9b2d-d0fc-49bc-82ee-cf90764c0f80
33f60786-3fd4-4878-b6b8-efd976c03aa4	B590	40c633db-a833-4baf-bfda-f7ac7cdfbb4a	5e6a9b2d-d0fc-49bc-82ee-cf90764c0f80
c33b1335-4a8d-4f6e-baa7-594486562393	G985F	424089c4-3e11-4cf8-ad82-37f1aae8f431	f6d2d95e-06af-4e7d-8b30-e12b8af28542
fd175d2b-f575-4682-bd4c-67577b210704	REDMI S2	5880d28f-9587-4266-881e-821aa78603e7	f6d2d95e-06af-4e7d-8b30-e12b8af28542
02bc3f82-9dbf-466f-87d1-6d738d73370b	A 1586	e078e15a-1f34-4c78-95f7-bc6d2365c53f	f6d2d95e-06af-4e7d-8b30-e12b8af28542
91acec25-cb6f-45ef-9f60-285cf49351a5	moto x4	f2337673-7381-4cb3-87a3-eda8d08fb6fb	f6d2d95e-06af-4e7d-8b30-e12b8af28542
9e50c16b-5a48-40df-ba67-55dc60bab025	p768	74f5db46-b909-4575-b00a-e75e6a770c44	f6d2d95e-06af-4e7d-8b30-e12b8af28542
2a031e76-5a35-46eb-a076-f896ff2e6b81	A5500HV	40c633db-a833-4baf-bfda-f7ac7cdfbb4a	8b436b8d-088a-430c-a72e-bd216804f246
dc67a7cb-a208-46d2-9e57-563593598a01	SM-A736B	424089c4-3e11-4cf8-ad82-37f1aae8f431	f6d2d95e-06af-4e7d-8b30-e12b8af28542
7a92ae6c-0357-483c-8ad7-436387eb2323	SM-G532F	424089c4-3e11-4cf8-ad82-37f1aae8f431	f6d2d95e-06af-4e7d-8b30-e12b8af28542
51531836-da83-4570-a931-24a3a67ee9d3	X555B	35b5be13-59a3-4b30-9c12-198df7f21a14	5e6a9b2d-d0fc-49bc-82ee-cf90764c0f80
812fdd24-d5ae-496e-baad-f555a5ecc203	SM-P585	424089c4-3e11-4cf8-ad82-37f1aae8f431	f6d2d95e-06af-4e7d-8b30-e12b8af28542
fcebfb24-8055-494d-8fba-26d5c7fa896a	X00ID	35b5be13-59a3-4b30-9c12-198df7f21a14	f6d2d95e-06af-4e7d-8b30-e12b8af28542
89509429-4d81-455d-affb-b772091f4a0b	A2411	e078e15a-1f34-4c78-95f7-bc6d2365c53f	f6d2d95e-06af-4e7d-8b30-e12b8af28542
74c94911-1f4c-4f97-8890-5139d0a06dc1	MI NOTE 2	5880d28f-9587-4266-881e-821aa78603e7	f6d2d95e-06af-4e7d-8b30-e12b8af28542
83df1ac8-4b40-4f47-9ab0-a1349d756244	SM-A920F	424089c4-3e11-4cf8-ad82-37f1aae8f431	f6d2d95e-06af-4e7d-8b30-e12b8af28542
3b51e51e-d2df-48dd-9d3f-7695f74a95cb	PCG-8112L	f6985faf-c878-4ca4-8283-f93f44fc3343	5e6a9b2d-d0fc-49bc-82ee-cf90764c0f80
514fd1c2-6016-4146-b95b-a3c7fff96739	sm-g935fd	424089c4-3e11-4cf8-ad82-37f1aae8f431	f6d2d95e-06af-4e7d-8b30-e12b8af28542
d260b0a4-1d40-4f7b-8e67-a56d7e1d12a8	TA-1116	b7429b3e-e021-45ea-93f7-bb4f0461cf79	f6d2d95e-06af-4e7d-8b30-e12b8af28542
e921d8da-bea4-4a57-98fd-cd390f4bfcdb	sm-a528s	424089c4-3e11-4cf8-ad82-37f1aae8f431	f6d2d95e-06af-4e7d-8b30-e12b8af28542
9a4e0f4c-289c-40b4-8a30-c489928d4849	SM-J700H	424089c4-3e11-4cf8-ad82-37f1aae8f431	f6d2d95e-06af-4e7d-8b30-e12b8af28542
8c1b6a8f-0048-4633-9fee-c2ad877ce06c	POCO F4 5G	5880d28f-9587-4266-881e-821aa78603e7	f6d2d95e-06af-4e7d-8b30-e12b8af28542
97daf4bb-e3c1-4fae-9557-39b06bbdd4a6	MI BOOK AIR	5880d28f-9587-4266-881e-821aa78603e7	5e6a9b2d-d0fc-49bc-82ee-cf90764c0f80
b6050837-d11b-45a3-9490-694f267bcd30	G731G	35b5be13-59a3-4b30-9c12-198df7f21a14	5e6a9b2d-d0fc-49bc-82ee-cf90764c0f80
859e1f4f-6a79-4625-9eca-7975ebfc7190	SM-A217F	424089c4-3e11-4cf8-ad82-37f1aae8f431	f6d2d95e-06af-4e7d-8b30-e12b8af28542
c9c15b22-311a-40b9-8586-95b722982eb7	12C	5880d28f-9587-4266-881e-821aa78603e7	f6d2d95e-06af-4e7d-8b30-e12b8af28542
f377ceaa-12c9-4412-8d10-d4bf3b32bcba	M7600Q	35b5be13-59a3-4b30-9c12-198df7f21a14	5e6a9b2d-d0fc-49bc-82ee-cf90764c0f80
fe64caa4-f9e4-4fac-9819-2f56c2e9de2b	SM-J710F	424089c4-3e11-4cf8-ad82-37f1aae8f431	f6d2d95e-06af-4e7d-8b30-e12b8af28542
cbc6a9b3-3ae4-4378-b3c3-25d5a2ee1736	TERAVELMATE 4330	0c4c7b1c-203c-4804-b272-66bd039c6288	5e6a9b2d-d0fc-49bc-82ee-cf90764c0f80
81569dd5-7b5a-4395-8a8c-c178994761cf	NBB-WAH9	906a65af-a1e3-47e4-a7a2-6f12cea5f4a7	5e6a9b2d-d0fc-49bc-82ee-cf90764c0f80
7ec9cef0-d7a1-48c8-81a4-8c2eebad1b96	G15	2cb75c5e-1b46-4220-a5bf-c523c81d9baa	5e6a9b2d-d0fc-49bc-82ee-cf90764c0f80
d5d39c4d-879c-40ce-a926-cb15f68ba419	SM-T875	424089c4-3e11-4cf8-ad82-37f1aae8f431	8b436b8d-088a-430c-a72e-bd216804f246
e117b0f1-0dc1-4cd5-b109-83acbda3a1c5	SM-A032F	424089c4-3e11-4cf8-ad82-37f1aae8f431	f6d2d95e-06af-4e7d-8b30-e12b8af28542
5534064f-0844-41ba-9378-4eeeafaf9882	C35	5880d28f-9587-4266-881e-821aa78603e7	f6d2d95e-06af-4e7d-8b30-e12b8af28542
1cc37575-5584-4a9f-8019-19b2b92d03b9	2PZ4100	3f7e036e-e307-4967-97ea-9b6b3f1f4a7f	f6d2d95e-06af-4e7d-8b30-e12b8af28542
900b0869-da90-4f78-8ae2-0159dd78e5e2	MI 13 LITE	5880d28f-9587-4266-881e-821aa78603e7	f6d2d95e-06af-4e7d-8b30-e12b8af28542
6dff4970-2027-485d-8edd-2c0dfa963049	SM-P601	424089c4-3e11-4cf8-ad82-37f1aae8f431	8b436b8d-088a-430c-a72e-bd216804f246
23cdf79d-082f-41db-bfe8-1ddbb12b3ec7	SM-N750	424089c4-3e11-4cf8-ad82-37f1aae8f431	f6d2d95e-06af-4e7d-8b30-e12b8af28542
26456b37-26a4-4c26-96ed-4cc5b56d7e1c	POCO F5 PRO	5880d28f-9587-4266-881e-821aa78603e7	f6d2d95e-06af-4e7d-8b30-e12b8af28542
c734b821-dc7d-4377-85b9-1c47a91f6f2a	ASPIRE 5742	0c4c7b1c-203c-4804-b272-66bd039c6288	5e6a9b2d-d0fc-49bc-82ee-cf90764c0f80
ce70ddb9-17c6-4755-b5b5-099d6271b019	MIBRO LITE 2	5880d28f-9587-4266-881e-821aa78603e7	5b1ed3c3-b2ac-4d42-8c59-3e0d5c2b1828
f93777ac-3720-44ca-99b7-151cc39ccc28	ASPIRE R3	0c4c7b1c-203c-4804-b272-66bd039c6288	5e6a9b2d-d0fc-49bc-82ee-cf90764c0f80
9381615f-166f-4dcd-8d8d-3a4cb71354ec	POCO X5 PRO 5G	5880d28f-9587-4266-881e-821aa78603e7	f6d2d95e-06af-4e7d-8b30-e12b8af28542
758e8b75-60b9-4303-9738-f45552d4f464	PCG-61212W	f6985faf-c878-4ca4-8283-f93f44fc3343	5e6a9b2d-d0fc-49bc-82ee-cf90764c0f80
551db8d0-5b5e-4f08-b3c3-f4d7a433088f	G700-U10	906a65af-a1e3-47e4-a7a2-6f12cea5f4a7	f6d2d95e-06af-4e7d-8b30-e12b8af28542
1fdafc3e-29f3-4357-a975-7bd653a70069	SVF14N16SGS	f6985faf-c878-4ca4-8283-f93f44fc3343	5e6a9b2d-d0fc-49bc-82ee-cf90764c0f80
eb163c60-d993-4876-a48a-cfbbd7ff4383	E5-531G	0c4c7b1c-203c-4804-b272-66bd039c6288	5e6a9b2d-d0fc-49bc-82ee-cf90764c0f80
fcf877ee-938e-4575-a93b-9839ebbb5ea8	H930	74f5db46-b909-4575-b00a-e75e6a770c44	f6d2d95e-06af-4e7d-8b30-e12b8af28542
d321a1a2-82f9-4207-ae82-60ab48a8b691	ASPIRE E1-510	0c4c7b1c-203c-4804-b272-66bd039c6288	5e6a9b2d-d0fc-49bc-82ee-cf90764c0f80
0cee4348-24cc-4791-b64c-225b0896b082	PRO 7 PLUS	6ebdaf7d-fe6e-4f62-b798-da9088773b46	5e6a9b2d-d0fc-49bc-82ee-cf90764c0f80
61b3e887-28fc-4e8c-b234-ea6523edcde9	PCG-6S2L	f6985faf-c878-4ca4-8283-f93f44fc3343	5e6a9b2d-d0fc-49bc-82ee-cf90764c0f80
7017e7d1-5983-4f1b-8df8-5a54b6d87871	SM-A310F	424089c4-3e11-4cf8-ad82-37f1aae8f431	f6d2d95e-06af-4e7d-8b30-e12b8af28542
957df3fc-58a6-45c7-ac98-72c212aa1cf1	A310	424089c4-3e11-4cf8-ad82-37f1aae8f431	f6d2d95e-06af-4e7d-8b30-e12b8af28542
980002c7-6bec-417d-8cc5-54c441fb9fe0	S550CM	35b5be13-59a3-4b30-9c12-198df7f21a14	5e6a9b2d-d0fc-49bc-82ee-cf90764c0f80
aa3bf827-de86-46bc-9cd7-95a1f4c5f1a5	S550F	35b5be13-59a3-4b30-9c12-198df7f21a14	5e6a9b2d-d0fc-49bc-82ee-cf90764c0f80
51b86cd3-483a-4c46-8890-516276b33ef9	K550V	35b5be13-59a3-4b30-9c12-198df7f21a14	5e6a9b2d-d0fc-49bc-82ee-cf90764c0f80
69f1dea3-3c5d-41b3-976d-bb276356dd24	G500	40c633db-a833-4baf-bfda-f7ac7cdfbb4a	5e6a9b2d-d0fc-49bc-82ee-cf90764c0f80
693ea451-4181-4ab3-9de2-ec9cd0a454e2	V6545	0c61da91-cfda-405a-8f81-a6e144138db1	5e6a9b2d-d0fc-49bc-82ee-cf90764c0f80
41c0c40f-f77c-4efc-a175-d68ec76df458	A1864	e078e15a-1f34-4c78-95f7-bc6d2365c53f	f6d2d95e-06af-4e7d-8b30-e12b8af28542
3f550bd3-bd3b-4c7a-be12-586cdfc776b7	MI A1	5880d28f-9587-4266-881e-821aa78603e7	f6d2d95e-06af-4e7d-8b30-e12b8af28542
c3e9190d-7733-47f8-820f-390fb7d92f7b	SM-M336B	424089c4-3e11-4cf8-ad82-37f1aae8f431	f6d2d95e-06af-4e7d-8b30-e12b8af28542
f804d7c5-3c19-4409-9dd0-558592af51f3	SM-J250F	424089c4-3e11-4cf8-ad82-37f1aae8f431	f6d2d95e-06af-4e7d-8b30-e12b8af28542
ab6e5f30-2be3-43c2-9856-a234d02e9bcf	SVF152A29W	f6985faf-c878-4ca4-8283-f93f44fc3343	5e6a9b2d-d0fc-49bc-82ee-cf90764c0f80
c1e66ee1-8ab4-4977-8731-12308a09ecfa	HAYLOU-LS02	5880d28f-9587-4266-881e-821aa78603e7	5b1ed3c3-b2ac-4d42-8c59-3e0d5c2b1828
949cae90-9f5f-45b6-8f90-345809f28b0e	NBDE-WFH9	906a65af-a1e3-47e4-a7a2-6f12cea5f4a7	5e6a9b2d-d0fc-49bc-82ee-cf90764c0f80
1ca0134f-ebb3-4cef-b11f-c453bf77a234	SM-T531	424089c4-3e11-4cf8-ad82-37f1aae8f431	8b436b8d-088a-430c-a72e-bd216804f246
293cf919-ba0c-494f-8205-b3df61a8e5d2	DRA-LX2	906a65af-a1e3-47e4-a7a2-6f12cea5f4a7	f6d2d95e-06af-4e7d-8b30-e12b8af28542
a5b40a12-2bbc-472b-a883-45b784e09635	SM-N950F	424089c4-3e11-4cf8-ad82-37f1aae8f431	f6d2d95e-06af-4e7d-8b30-e12b8af28542
2a2bebf2-58ea-440f-9f94-8c937b912f5a	T-REX PRO	6c7d85d5-a979-4c4e-8351-0abc728e0a5b	5b1ed3c3-b2ac-4d42-8c59-3e0d5c2b1828
5c0e4c5b-b75f-4b79-81cc-87794d2c8eb2	SM-J120F	424089c4-3e11-4cf8-ad82-37f1aae8f431	f6d2d95e-06af-4e7d-8b30-e12b8af28542
e485085f-5d56-499d-81c6-e59e8a6a8eb1	SVD112A1SW	f6985faf-c878-4ca4-8283-f93f44fc3343	5e6a9b2d-d0fc-49bc-82ee-cf90764c0f80
4f631e37-93ad-4c26-a030-6557940c682b	A1914	6c7d85d5-a979-4c4e-8351-0abc728e0a5b	5b1ed3c3-b2ac-4d42-8c59-3e0d5c2b1828
d1d2601f-e42a-4ec6-a951-732eb1a3665b	BNE-LX1	906a65af-a1e3-47e4-a7a2-6f12cea5f4a7	f6d2d95e-06af-4e7d-8b30-e12b8af28542
9960609f-b1c9-42bd-bd81-d41d38cdf879	A1524	e078e15a-1f34-4c78-95f7-bc6d2365c53f	f6d2d95e-06af-4e7d-8b30-e12b8af28542
3a2e9ec4-aa74-4454-8891-4831d9b56b43	SM-G570F	424089c4-3e11-4cf8-ad82-37f1aae8f431	f6d2d95e-06af-4e7d-8b30-e12b8af28542
ab11c9e9-4927-42b6-bb3b-a74636a70c8f	SM-S908E	424089c4-3e11-4cf8-ad82-37f1aae8f431	f6d2d95e-06af-4e7d-8b30-e12b8af28542
19f4dab4-aea7-4d4c-a413-eb0fdd04c4db	SM-A326B	424089c4-3e11-4cf8-ad82-37f1aae8f431	f6d2d95e-06af-4e7d-8b30-e12b8af28542
415c2669-c4fd-4182-9844-65a80e42e8dd	A1286	e078e15a-1f34-4c78-95f7-bc6d2365c53f	5e6a9b2d-d0fc-49bc-82ee-cf90764c0f80
36d8da19-fceb-4d20-97e0-957fa2209c9a	M250E	74f5db46-b909-4575-b00a-e75e6a770c44	f6d2d95e-06af-4e7d-8b30-e12b8af28542
69ee0d7c-e9bf-44a0-b056-5bde5665ecaa	watch 2	906a65af-a1e3-47e4-a7a2-6f12cea5f4a7	5b1ed3c3-b2ac-4d42-8c59-3e0d5c2b1828
621af525-4364-4e30-ab0e-d4f956a4ddf6	TB-8505X	40c633db-a833-4baf-bfda-f7ac7cdfbb4a	8b436b8d-088a-430c-a72e-bd216804f246
bcec1f46-97a2-4431-92da-37cea324aa28	THINKPAD X240	40c633db-a833-4baf-bfda-f7ac7cdfbb4a	5e6a9b2d-d0fc-49bc-82ee-cf90764c0f80
6e251fab-e47f-44c8-8511-0446eb423a19	TA-1041	b7429b3e-e021-45ea-93f7-bb4f0461cf79	f6d2d95e-06af-4e7d-8b30-e12b8af28542
f942597b-ea57-4914-bfdb-82dea858a18c	REDMI K40	5880d28f-9587-4266-881e-821aa78603e7	f6d2d95e-06af-4e7d-8b30-e12b8af28542
5c732b3b-f6d4-4285-96bc-6363e8bce5d1	ADOL14Z	35b5be13-59a3-4b30-9c12-198df7f21a14	5e6a9b2d-d0fc-49bc-82ee-cf90764c0f80
d8b42971-1945-4cbb-b647-677e9e1d3a5c	ADOL14Z	35b5be13-59a3-4b30-9c12-198df7f21a14	8b436b8d-088a-430c-a72e-bd216804f246
294b7f7a-39dc-4060-a929-061baa0a6202	13UITRA	5880d28f-9587-4266-881e-821aa78603e7	f6d2d95e-06af-4e7d-8b30-e12b8af28542
c050a4e6-ed40-4b69-a9ff-29b475e09fe5	PROBOOK 4540S	3bd08f5c-49b4-4f7a-8914-92d93a22f333	5e6a9b2d-d0fc-49bc-82ee-cf90764c0f80
d31007c0-0dc3-4da3-823e-07673073fb57	A1952	6c7d85d5-a979-4c4e-8351-0abc728e0a5b	5b1ed3c3-b2ac-4d42-8c59-3e0d5c2b1828
4ff7352a-406c-46b4-ad22-8cf8de6534f9	S330F	35b5be13-59a3-4b30-9c12-198df7f21a14	5e6a9b2d-d0fc-49bc-82ee-cf90764c0f80
3cd107fd-ba0b-4f96-bbf0-ff5a95c52dc8	A1612	6c7d85d5-a979-4c4e-8351-0abc728e0a5b	5b1ed3c3-b2ac-4d42-8c59-3e0d5c2b1828
bf987578-80d2-4bf2-b639-324c95366bb2	D100LVWPP	3f7e036e-e307-4967-97ea-9b6b3f1f4a7f	f6d2d95e-06af-4e7d-8b30-e12b8af28542
19fa1b5f-e6d1-4c50-a9fb-64f96613848e	GALAXY WATCH3	424089c4-3e11-4cf8-ad82-37f1aae8f431	5b1ed3c3-b2ac-4d42-8c59-3e0d5c2b1828
b49a72c9-a978-4c6a-95d2-6cf3645934fb	K555D	35b5be13-59a3-4b30-9c12-198df7f21a14	5e6a9b2d-d0fc-49bc-82ee-cf90764c0f80
34495c98-933d-4e41-8bce-4acc2048ea32	SM-N960F	424089c4-3e11-4cf8-ad82-37f1aae8f431	f6d2d95e-06af-4e7d-8b30-e12b8af28542
312fa1fd-5919-471f-8499-8c30c0d01bfe	smart watch2	5880d28f-9587-4266-881e-821aa78603e7	5b1ed3c3-b2ac-4d42-8c59-3e0d5c2b1828
9f5198cd-b10d-452b-aeb0-8609fdcfba47	V330-15LKB	40c633db-a833-4baf-bfda-f7ac7cdfbb4a	5e6a9b2d-d0fc-49bc-82ee-cf90764c0f80
eb9468dc-27ad-4dc1-9329-a9c4acddb5a7	DUA-L22	0a2fef89-7576-44b6-b77b-a0f5cb9e14da	f6d2d95e-06af-4e7d-8b30-e12b8af28542
97610e0f-81e9-4f0b-95c3-64994531aa24	fit2	906a65af-a1e3-47e4-a7a2-6f12cea5f4a7	5b1ed3c3-b2ac-4d42-8c59-3e0d5c2b1828
78289fca-3b41-448a-b711-61f5b59fd24e	D2306	f6985faf-c878-4ca4-8283-f93f44fc3343	f6d2d95e-06af-4e7d-8b30-e12b8af28542
dc2b8e5f-ccf4-484f-a783-68a6b6209769	A2643	e078e15a-1f34-4c78-95f7-bc6d2365c53f	f6d2d95e-06af-4e7d-8b30-e12b8af28542
a57d6797-bd92-4c55-9d9c-4c247ac41083	A2040	6c7d85d5-a979-4c4e-8351-0abc728e0a5b	5b1ed3c3-b2ac-4d42-8c59-3e0d5c2b1828
6f9bc2a7-4aaa-420c-a678-0c59d86298c6	WI503Q	35b5be13-59a3-4b30-9c12-198df7f21a14	5b1ed3c3-b2ac-4d42-8c59-3e0d5c2b1828
7482102a-8a24-41ec-802e-7b3b54c141b0	PAD 5	5880d28f-9587-4266-881e-821aa78603e7	8b436b8d-088a-430c-a72e-bd216804f246
7236556c-5655-4e2d-b0d5-aac3deffaee3	YT3-X50M	40c633db-a833-4baf-bfda-f7ac7cdfbb4a	8b436b8d-088a-430c-a72e-bd216804f246
79d9b034-0e2d-47b1-8d6e-2ad397acaa71	15-K211NE	3bd08f5c-49b4-4f7a-8914-92d93a22f333	5e6a9b2d-d0fc-49bc-82ee-cf90764c0f80
13399f73-a116-49b5-89f0-7f66c9eefa63	SPECTRE X360	3bd08f5c-49b4-4f7a-8914-92d93a22f333	5e6a9b2d-d0fc-49bc-82ee-cf90764c0f80
acc93e0d-3385-44e6-a455-42e4f91a83e4	A1586	e078e15a-1f34-4c78-95f7-bc6d2365c53f	f6d2d95e-06af-4e7d-8b30-e12b8af28542
1afea8ab-221b-4bc0-aef3-45cfb2fc7d90	GTS2	6c7d85d5-a979-4c4e-8351-0abc728e0a5b	5b1ed3c3-b2ac-4d42-8c59-3e0d5c2b1828
bd54d59d-3764-4ca7-a48e-c88224dfb594	MI 10 LITE	5880d28f-9587-4266-881e-821aa78603e7	f6d2d95e-06af-4e7d-8b30-e12b8af28542
3051b71d-e2b8-4873-86c3-806933bbf40f	PCG-7181W	f6985faf-c878-4ca4-8283-f93f44fc3343	5e6a9b2d-d0fc-49bc-82ee-cf90764c0f80
fe2f6f5c-9881-42f8-83d5-67feb8d1d44d	G610-U20	906a65af-a1e3-47e4-a7a2-6f12cea5f4a7	f6d2d95e-06af-4e7d-8b30-e12b8af28542
bf93a864-9fe1-4b15-b78b-525f9091240a	SATELLITE L755-M1DU	33bc9fd8-3883-437d-8983-845bf49288d2	5e6a9b2d-d0fc-49bc-82ee-cf90764c0f80
e59746af-480c-4a86-81b3-e67402102099	H324T	74f5db46-b909-4575-b00a-e75e6a770c44	f6d2d95e-06af-4e7d-8b30-e12b8af28542
06004cd5-fdaa-491a-af4c-243ba4556649	oplq100	3f7e036e-e307-4967-97ea-9b6b3f1f4a7f	f6d2d95e-06af-4e7d-8b30-e12b8af28542
d8f952ed-5d7a-4f77-92a6-c969a0ea55c7	MI 11 LITE NE	5880d28f-9587-4266-881e-821aa78603e7	f6d2d95e-06af-4e7d-8b30-e12b8af28542
63cb6c48-f43e-4a31-9e39-e4eac45e403a	GT-L9505	424089c4-3e11-4cf8-ad82-37f1aae8f431	f6d2d95e-06af-4e7d-8b30-e12b8af28542
ce61815c-3c74-4681-a5d0-92499ee88fee	SM-R800	424089c4-3e11-4cf8-ad82-37f1aae8f431	5b1ed3c3-b2ac-4d42-8c59-3e0d5c2b1828
6d50a702-cde1-40f8-97ce-67726f75df2b	A2166	6c7d85d5-a979-4c4e-8351-0abc728e0a5b	5b1ed3c3-b2ac-4d42-8c59-3e0d5c2b1828
589cff18-fb4c-429b-8c3b-a105d00c0c95	PM0270	f6985faf-c878-4ca4-8283-f93f44fc3343	f6d2d95e-06af-4e7d-8b30-e12b8af28542
3d5f6206-7469-4b13-9fca-146537aa88e0	XPERIA Z	f6985faf-c878-4ca4-8283-f93f44fc3343	f6d2d95e-06af-4e7d-8b30-e12b8af28542
b2f13272-3644-4f52-a4a2-23d032105463	SM-T825	424089c4-3e11-4cf8-ad82-37f1aae8f431	8b436b8d-088a-430c-a72e-bd216804f246
049a0ec2-0aa2-4b63-ad3a-be8cd5d47389	SVF142A29W	f6985faf-c878-4ca4-8283-f93f44fc3343	5e6a9b2d-d0fc-49bc-82ee-cf90764c0f80
2c027740-e890-4ea1-9278-88962edadbcb	SERIES 2	e078e15a-1f34-4c78-95f7-bc6d2365c53f	5b1ed3c3-b2ac-4d42-8c59-3e0d5c2b1828
10367019-f230-4af0-84e8-2a2b968763a6	ASPIRE 2930	0c4c7b1c-203c-4804-b272-66bd039c6288	5e6a9b2d-d0fc-49bc-82ee-cf90764c0f80
304b0c18-49ac-4a9d-8245-719ab120b63f	IDEA PAD 330	40c633db-a833-4baf-bfda-f7ac7cdfbb4a	5e6a9b2d-d0fc-49bc-82ee-cf90764c0f80
49b4a99e-5bdd-4ec1-8113-966602e40ef7	HAYLOU SOLAR	5880d28f-9587-4266-881e-821aa78603e7	5b1ed3c3-b2ac-4d42-8c59-3e0d5c2b1828
c0346998-f749-44fb-a409-416217ab6df1	15-N020SE	3bd08f5c-49b4-4f7a-8914-92d93a22f333	5e6a9b2d-d0fc-49bc-82ee-cf90764c0f80
39919f57-613b-43e8-b3e7-62961957306b	REALME 8	5880d28f-9587-4266-881e-821aa78603e7	f6d2d95e-06af-4e7d-8b30-e12b8af28542
8999e912-8113-4ed3-a323-78353ae2999a	G50-45	40c633db-a833-4baf-bfda-f7ac7cdfbb4a	5e6a9b2d-d0fc-49bc-82ee-cf90764c0f80
f53637f1-56ca-4bd5-a876-d7aced9defe4	Mi Portable Electric Air Compressor	5880d28f-9587-4266-881e-821aa78603e7	c0371f6a-48c9-4b37-9f4e-28f759a789ea
0cb7f577-adcc-4592-9f30-6b1931c51471	G62-B53SE	3bd08f5c-49b4-4f7a-8914-92d93a22f333	5e6a9b2d-d0fc-49bc-82ee-cf90764c0f80
a9891b53-4df9-417c-865b-337f9d79f13d	P008	35b5be13-59a3-4b30-9c12-198df7f21a14	f6d2d95e-06af-4e7d-8b30-e12b8af28542
c4e159f4-f944-400a-98fb-647a80ef121e	PCG-7171L	f6985faf-c878-4ca4-8283-f93f44fc3343	5e6a9b2d-d0fc-49bc-82ee-cf90764c0f80
72a8b7ba-52ca-4061-91d7-8a71df153798	SM-G990E	424089c4-3e11-4cf8-ad82-37f1aae8f431	f6d2d95e-06af-4e7d-8b30-e12b8af28542
29e26284-3129-4b48-a067-be2a1eddd0e0	GEAR SPORT	424089c4-3e11-4cf8-ad82-37f1aae8f431	5b1ed3c3-b2ac-4d42-8c59-3e0d5c2b1828
67051fc0-267b-4ddb-afde-d708ffc5b2ff	REDMI 9NFC	5880d28f-9587-4266-881e-821aa78603e7	f6d2d95e-06af-4e7d-8b30-e12b8af28542
49ee135c-8e57-470b-9e4d-63d8623db894	REDMI 10C	5880d28f-9587-4266-881e-821aa78603e7	f6d2d95e-06af-4e7d-8b30-e12b8af28542
374caf4b-774d-440d-811d-948a7da12173	WATCH 2 LITE	5880d28f-9587-4266-881e-821aa78603e7	f6d2d95e-06af-4e7d-8b30-e12b8af28542
46e4bb7d-2a30-4cb9-aadd-2e2c1c8b1eab	12T PRO	5880d28f-9587-4266-881e-821aa78603e7	f6d2d95e-06af-4e7d-8b30-e12b8af28542
1d1aa67e-bd5f-4487-a87d-a100f550849f	P109F	f2b5140c-5d3d-4df7-b687-8f5d4ccdeca5	5e6a9b2d-d0fc-49bc-82ee-cf90764c0f80
136bfd64-a3ae-42ac-a18c-e3e17ae31dbb	REDMI NOTE 11SE	5880d28f-9587-4266-881e-821aa78603e7	f6d2d95e-06af-4e7d-8b30-e12b8af28542
88e8944a-031d-4235-918f-1a686cfc6023	SM-T585	424089c4-3e11-4cf8-ad82-37f1aae8f431	8b436b8d-088a-430c-a72e-bd216804f246
08cfb72f-af8f-4a97-8cc0-d88fbf09dd6d	SM-A525F	424089c4-3e11-4cf8-ad82-37f1aae8f431	f6d2d95e-06af-4e7d-8b30-e12b8af28542
67d77ddc-8ab7-46eb-82ed-ea44eb21261d	MIBRO WATCH X1	5880d28f-9587-4266-881e-821aa78603e7	5b1ed3c3-b2ac-4d42-8c59-3e0d5c2b1828
b3b19615-adfd-447d-a6f8-30014c7767f2	REDMI K30 PRO	5880d28f-9587-4266-881e-821aa78603e7	f6d2d95e-06af-4e7d-8b30-e12b8af28542
a6584c80-9983-4bb5-afb2-9317a1fdf75c	poco f5	5880d28f-9587-4266-881e-821aa78603e7	f6d2d95e-06af-4e7d-8b30-e12b8af28542
78475652-4717-4219-93d5-06285f5af0ef	V15	cf328c7c-2627-4763-a525-6a133402d8ce	f6d2d95e-06af-4e7d-8b30-e12b8af28542
d3010c20-f851-4c40-ad5e-1defda77e81f	2AMQ6-LS05	5880d28f-9587-4266-881e-821aa78603e7	5b1ed3c3-b2ac-4d42-8c59-3e0d5c2b1828
9f788beb-d3ad-4914-bf5f-7f581fe8a100	60044	40c633db-a833-4baf-bfda-f7ac7cdfbb4a	8b436b8d-088a-430c-a72e-bd216804f246
02dbf531-0e60-47d0-9752-3919634ac640	S533E	35b5be13-59a3-4b30-9c12-198df7f21a14	5e6a9b2d-d0fc-49bc-82ee-cf90764c0f80
54e1f7d8-845f-46eb-ab6e-29b750578f8f	GL503V	35b5be13-59a3-4b30-9c12-198df7f21a14	f6d2d95e-06af-4e7d-8b30-e12b8af28542
f1969f8f-a562-47ab-ab04-d23facfce151	MI PAD SE	5880d28f-9587-4266-881e-821aa78603e7	8b436b8d-088a-430c-a72e-bd216804f246
6bf335ee-2dad-4eee-b9fe-a1a469f72d21	SM-P585	424089c4-3e11-4cf8-ad82-37f1aae8f431	8b436b8d-088a-430c-a72e-bd216804f246
c495755c-633c-4a27-84bd-30cfc5bd76bd	REDMI WATCH LITE	5880d28f-9587-4266-881e-821aa78603e7	5b1ed3c3-b2ac-4d42-8c59-3e0d5c2b1828
fbb1aab9-3ff5-4867-98ac-46c18646e2e3	TP301U	35b5be13-59a3-4b30-9c12-198df7f21a14	5e6a9b2d-d0fc-49bc-82ee-cf90764c0f80
59c0b941-71f1-4f23-a191-f45ba176a6fb	T200T	35b5be13-59a3-4b30-9c12-198df7f21a14	5e6a9b2d-d0fc-49bc-82ee-cf90764c0f80
d346528b-e17b-42d2-99f8-87577502c9ac	D16H1	0c4c7b1c-203c-4804-b272-66bd039c6288	5e6a9b2d-d0fc-49bc-82ee-cf90764c0f80
1f7c560f-c445-4f9e-8ab6-56516dfa6ee8	BOD-WFH9	906a65af-a1e3-47e4-a7a2-6f12cea5f4a7	5e6a9b2d-d0fc-49bc-82ee-cf90764c0f80
5692406f-b6cf-435d-ac04-e44e9bc18500	OPMG200	3f7e036e-e307-4967-97ea-9b6b3f1f4a7f	f6d2d95e-06af-4e7d-8b30-e12b8af28542
ca5c272c-e3e7-4525-8ffd-62c421131ca4	IDEAPAD L3 15IML05	40c633db-a833-4baf-bfda-f7ac7cdfbb4a	5e6a9b2d-d0fc-49bc-82ee-cf90764c0f80
6eb721d7-5b52-4ce6-9628-7761507f322c	SM-T505N	424089c4-3e11-4cf8-ad82-37f1aae8f431	8b436b8d-088a-430c-a72e-bd216804f246
b3ed60d9-719a-4405-8614-0bd1858f4721	NBD-WDH9	906a65af-a1e3-47e4-a7a2-6f12cea5f4a7	5e6a9b2d-d0fc-49bc-82ee-cf90764c0f80
880a7896-11b1-4ef9-979e-fe81c929f94d	HRY-LX1MEB	0a2fef89-7576-44b6-b77b-a0f5cb9e14da	f6d2d95e-06af-4e7d-8b30-e12b8af28542
e287d676-b40a-4ed3-97bf-6c465191e7ed	GT-N8000	424089c4-3e11-4cf8-ad82-37f1aae8f431	8b436b8d-088a-430c-a72e-bd216804f246
1395b61b-30ca-4a01-b935-4893d200dabf	SM-A127F	424089c4-3e11-4cf8-ad82-37f1aae8f431	f6d2d95e-06af-4e7d-8b30-e12b8af28542
a47affb1-3a5a-4653-a549-46f02e1f56f2	REDMI NOTE 9T 5G	5880d28f-9587-4266-881e-821aa78603e7	f6d2d95e-06af-4e7d-8b30-e12b8af28542
4c22d63e-5252-44f8-b09b-6308929b73e9	A1332	e078e15a-1f34-4c78-95f7-bc6d2365c53f	f6d2d95e-06af-4e7d-8b30-e12b8af28542
c8cf820f-2aaf-4167-aa6e-067899daad8c	POCO F4 GT	5880d28f-9587-4266-881e-821aa78603e7	f6d2d95e-06af-4e7d-8b30-e12b8af28542
7218cf91-d10f-4cbf-809b-4143450254a4	UM3402Y	35b5be13-59a3-4b30-9c12-198df7f21a14	5e6a9b2d-d0fc-49bc-82ee-cf90764c0f80
38d2e18b-6057-4438-b3e7-b2e8f6f6c552	REDMI NOTE 12 PRO 4G	5880d28f-9587-4266-881e-821aa78603e7	f6d2d95e-06af-4e7d-8b30-e12b8af28542
bc8306ba-086a-4f87-b60c-a0ae3f66e2c7	REDMI NOTE 12 PRO 5G	5880d28f-9587-4266-881e-821aa78603e7	f6d2d95e-06af-4e7d-8b30-e12b8af28542
c1c4a473-2196-4ecb-aa35-5abff7d4e7b2	MIBRO LITE	5880d28f-9587-4266-881e-821aa78603e7	5b1ed3c3-b2ac-4d42-8c59-3e0d5c2b1828
833a3250-9b24-418e-8b1f-b9db5151490b	M80T	35b5be13-59a3-4b30-9c12-198df7f21a14	8b436b8d-088a-430c-a72e-bd216804f246
35a6ef9e-8d9f-496d-a72b-b9f99affccac	S10-101U	906a65af-a1e3-47e4-a7a2-6f12cea5f4a7	8b436b8d-088a-430c-a72e-bd216804f246
7b498b21-74fe-4b54-9ab1-05bd648991b0	MED-LX9	906a65af-a1e3-47e4-a7a2-6f12cea5f4a7	f6d2d95e-06af-4e7d-8b30-e12b8af28542
37172891-f6d3-4a1c-9003-26deebc25795	SM-A600FN	424089c4-3e11-4cf8-ad82-37f1aae8f431	f6d2d95e-06af-4e7d-8b30-e12b8af28542
2ee66fe4-2233-4138-a903-e0ad63be26d4	REDMI NOTE 12	5880d28f-9587-4266-881e-821aa78603e7	f6d2d95e-06af-4e7d-8b30-e12b8af28542
72e7a85e-95ac-45c8-91fe-6a95f314e217	SM-T295	424089c4-3e11-4cf8-ad82-37f1aae8f431	8b436b8d-088a-430c-a72e-bd216804f246
971bb584-233f-471e-989d-759536cec918	T1_701U	906a65af-a1e3-47e4-a7a2-6f12cea5f4a7	8b436b8d-088a-430c-a72e-bd216804f246
be0bed36-a131-4649-978e-bcfba4836515	G512LI	35b5be13-59a3-4b30-9c12-198df7f21a14	5e6a9b2d-d0fc-49bc-82ee-cf90764c0f80
44a1b0ac-f4bb-49dc-a5ab-4a3384334021	SM-R84D	424089c4-3e11-4cf8-ad82-37f1aae8f431	5b1ed3c3-b2ac-4d42-8c59-3e0d5c2b1828
7002c452-c929-4f32-ab91-9503b675acd5	2PXH300	3f7e036e-e307-4967-97ea-9b6b3f1f4a7f	f6d2d95e-06af-4e7d-8b30-e12b8af28542
fd4bf496-6803-4078-b985-b6bd4b22b13e	INSPIRON 15R_5521	2cb75c5e-1b46-4220-a5bf-c523c81d9baa	5e6a9b2d-d0fc-49bc-82ee-cf90764c0f80
11dba187-f4da-46a9-8278-715700d3fcc2	SM-R380	424089c4-3e11-4cf8-ad82-37f1aae8f431	5b1ed3c3-b2ac-4d42-8c59-3e0d5c2b1828
9301be6b-59b5-4ae5-86b4-574a987dc85b	A1706	e078e15a-1f34-4c78-95f7-bc6d2365c53f	5e6a9b2d-d0fc-49bc-82ee-cf90764c0f80
34389363-d5b9-4adc-994c-f9620f6b823e	2PYA210	3f7e036e-e307-4967-97ea-9b6b3f1f4a7f	f6d2d95e-06af-4e7d-8b30-e12b8af28542
b6be7a0c-4d1b-46ad-9218-dfc7f8a0bd3f	LATITUDE E5530	2cb75c5e-1b46-4220-a5bf-c523c81d9baa	5e6a9b2d-d0fc-49bc-82ee-cf90764c0f80
410c68f4-8962-4d8a-8b8f-4382a7979329	ET1620I	35b5be13-59a3-4b30-9c12-198df7f21a14	8226724d-9267-462d-9f1d-081c83e4f939
cc67fc49-df70-4b41-a1a8-07ce6dcfc1f8	X540U	35b5be13-59a3-4b30-9c12-198df7f21a14	5e6a9b2d-d0fc-49bc-82ee-cf90764c0f80
a2cc1655-88a7-4ce4-9687-cd2a962a8343	PCG-51111W	f6985faf-c878-4ca4-8283-f93f44fc3343	5e6a9b2d-d0fc-49bc-82ee-cf90764c0f80
10b0a6a0-e8f1-4611-bd01-d4a9ed546f67	UX32L	35b5be13-59a3-4b30-9c12-198df7f21a14	5e6a9b2d-d0fc-49bc-82ee-cf90764c0f80
03b058a1-4378-4215-b384-78d3b3bcad6a	SAF15NB1GL	f6985faf-c878-4ca4-8283-f93f44fc3343	5e6a9b2d-d0fc-49bc-82ee-cf90764c0f80
da59eccb-c3f1-40ba-9a80-3346bd60a2fa	FX553V	35b5be13-59a3-4b30-9c12-198df7f21a14	5e6a9b2d-d0fc-49bc-82ee-cf90764c0f80
f9f803e7-ae31-4aa3-ba91-900a87e92dac	G50-70	40c633db-a833-4baf-bfda-f7ac7cdfbb4a	5e6a9b2d-d0fc-49bc-82ee-cf90764c0f80
c7e93fd4-c2e1-48ee-8cc6-dc05755aba8f	ASPIRE ONE	0c4c7b1c-203c-4804-b272-66bd039c6288	5e6a9b2d-d0fc-49bc-82ee-cf90764c0f80
c38a14d0-9de0-411e-a29d-a67afb6f8e1e	MI 8SE	5880d28f-9587-4266-881e-821aa78603e7	f6d2d95e-06af-4e7d-8b30-e12b8af28542
b60cb803-f5e5-4024-bd5f-d8cce7fa242a	Y600-U20	906a65af-a1e3-47e4-a7a2-6f12cea5f4a7	f6d2d95e-06af-4e7d-8b30-e12b8af28542
32f46c9a-fbda-4c25-bd02-4caa9a309246	A1398	e078e15a-1f34-4c78-95f7-bc6d2365c53f	5e6a9b2d-d0fc-49bc-82ee-cf90764c0f80
1b8d6802-488e-44f4-9731-dff35a81f025	CHE1-L04	0a2fef89-7576-44b6-b77b-a0f5cb9e14da	f6d2d95e-06af-4e7d-8b30-e12b8af28542
065c14ab-28a6-43f8-accc-10361d235657	PROBOOK 4330S	3bd08f5c-49b4-4f7a-8914-92d93a22f333	5e6a9b2d-d0fc-49bc-82ee-cf90764c0f80
e3964714-dd6d-4936-af80-4e9f5c803e5f	200G422	3bd08f5c-49b4-4f7a-8914-92d93a22f333	8226724d-9267-462d-9f1d-081c83e4f939
1f04c769-b331-4977-9df0-091341d3348a	SM_A750GN	424089c4-3e11-4cf8-ad82-37f1aae8f431	f6d2d95e-06af-4e7d-8b30-e12b8af28542
b991ced1-21b4-46b8-a2d8-968fc96a13f9	G62-112EE	3bd08f5c-49b4-4f7a-8914-92d93a22f333	5e6a9b2d-d0fc-49bc-82ee-cf90764c0f80
a935487e-3aff-495b-8245-7b1f401e11e0	FX516P	35b5be13-59a3-4b30-9c12-198df7f21a14	5e6a9b2d-d0fc-49bc-82ee-cf90764c0f80
5ade60cd-3503-42d6-8be5-660da10f2c99	POCO X2	5880d28f-9587-4266-881e-821aa78603e7	f6d2d95e-06af-4e7d-8b30-e12b8af28542
52d5aee2-7f68-4918-b6f2-041dafe911b9	R528E	35b5be13-59a3-4b30-9c12-198df7f21a14	5e6a9b2d-d0fc-49bc-82ee-cf90764c0f80
d4ced699-718d-47ae-9e3c-f9daae836e30	MAR-LX1A	906a65af-a1e3-47e4-a7a2-6f12cea5f4a7	f6d2d95e-06af-4e7d-8b30-e12b8af28542
af718298-9753-4cc4-9d40-de737029099e	MAR-LX1A	0a2fef89-7576-44b6-b77b-a0f5cb9e14da	f6d2d95e-06af-4e7d-8b30-e12b8af28542
ac34e792-535c-4dbe-9c55-985af825dd72	ELE-L09	906a65af-a1e3-47e4-a7a2-6f12cea5f4a7	f6d2d95e-06af-4e7d-8b30-e12b8af28542
76d331fa-1a91-4ad0-b3f7-21654ae4bfd3	G500S	40c633db-a833-4baf-bfda-f7ac7cdfbb4a	5e6a9b2d-d0fc-49bc-82ee-cf90764c0f80
61da88b0-4dea-4036-aa58-e38a33917e9e	ZC554KL	35b5be13-59a3-4b30-9c12-198df7f21a14	f6d2d95e-06af-4e7d-8b30-e12b8af28542
50cab82d-bc65-489a-8de0-2db4fcf69e60	COMPAQ 1000	3bd08f5c-49b4-4f7a-8914-92d93a22f333	5e6a9b2d-d0fc-49bc-82ee-cf90764c0f80
508de7e2-53de-4f26-8996-30b5e41ab428	PCG-5S1L	f6985faf-c878-4ca4-8283-f93f44fc3343	5e6a9b2d-d0fc-49bc-82ee-cf90764c0f80
556cab2e-353e-431d-8488-da2c6dbebe80	FX506LU	35b5be13-59a3-4b30-9c12-198df7f21a14	5e6a9b2d-d0fc-49bc-82ee-cf90764c0f80
4b999462-ee53-495b-8073-cd19a9710c40	HRY_LX1	906a65af-a1e3-47e4-a7a2-6f12cea5f4a7	f6d2d95e-06af-4e7d-8b30-e12b8af28542
7d468652-010c-4148-b2ea-7f3b1e2b72b0	PCG-61312W	f6985faf-c878-4ca4-8283-f93f44fc3343	5e6a9b2d-d0fc-49bc-82ee-cf90764c0f80
b2213434-08a9-4345-9e15-0d950531e311	T100T	35b5be13-59a3-4b30-9c12-198df7f21a14	5e6a9b2d-d0fc-49bc-82ee-cf90764c0f80
d04c091a-f65a-4e55-ade0-cdcf1ccf14f7	GEAR S3	424089c4-3e11-4cf8-ad82-37f1aae8f431	5b1ed3c3-b2ac-4d42-8c59-3e0d5c2b1828
de9f54bf-b9c5-4b07-ad0f-16f4992338bf	SM-G996B	424089c4-3e11-4cf8-ad82-37f1aae8f431	f6d2d95e-06af-4e7d-8b30-e12b8af28542
9d48c0ab-2316-4eb9-9de9-5bff49e88084	R565E	35b5be13-59a3-4b30-9c12-198df7f21a14	5e6a9b2d-d0fc-49bc-82ee-cf90764c0f80
313c758a-3ac6-4396-bc4a-48febcf52076	A2101	e078e15a-1f34-4c78-95f7-bc6d2365c53f	f6d2d95e-06af-4e7d-8b30-e12b8af28542
cdfe4c0c-953f-41b5-88a3-50e76f3fe9de	BBC100-1	f52a6336-bce6-4556-b2bf-c1a16803257c	f6d2d95e-06af-4e7d-8b30-e12b8af28542
085dc63f-8240-4dbf-9309-73657777baf7	TP00005A	40c633db-a833-4baf-bfda-f7ac7cdfbb4a	5e6a9b2d-d0fc-49bc-82ee-cf90764c0f80
b31d0b54-2d31-4739-a351-6127cff7ba65	AGS-L09	906a65af-a1e3-47e4-a7a2-6f12cea5f4a7	8b436b8d-088a-430c-a72e-bd216804f246
ed93a5f0-571a-463c-b262-413d216aaecb	A42J	35b5be13-59a3-4b30-9c12-198df7f21a14	f6d2d95e-06af-4e7d-8b30-e12b8af28542
e60e5217-bed2-430e-a6b7-166a82b7eba1	YB1-X91F	40c633db-a833-4baf-bfda-f7ac7cdfbb4a	5e6a9b2d-d0fc-49bc-82ee-cf90764c0f80
bbdc7a5f-b18c-49d0-8984-22e728365ee1	G56JK	35b5be13-59a3-4b30-9c12-198df7f21a14	5e6a9b2d-d0fc-49bc-82ee-cf90764c0f80
3bb102ec-7770-4771-b87c-773cbf92ef5e	Z 531KL	35b5be13-59a3-4b30-9c12-198df7f21a14	8b436b8d-088a-430c-a72e-bd216804f246
d14eccac-d6c9-492b-af6b-529605ade5d3	2PS6200	3f7e036e-e307-4967-97ea-9b6b3f1f4a7f	f6d2d95e-06af-4e7d-8b30-e12b8af28542
ce6f98ae-7b6b-4f10-9068-e4ee46029601	X55VD	35b5be13-59a3-4b30-9c12-198df7f21a14	5e6a9b2d-d0fc-49bc-82ee-cf90764c0f80
fb3739ae-9419-4ccf-824c-a1cca897556a	X550Z	35b5be13-59a3-4b30-9c12-198df7f21a14	5e6a9b2d-d0fc-49bc-82ee-cf90764c0f80
adeb3ccd-1f6f-4a42-aa5d-4e9c90ae4ea5	ELS-NX9	906a65af-a1e3-47e4-a7a2-6f12cea5f4a7	f6d2d95e-06af-4e7d-8b30-e12b8af28542
882d25c1-7e4d-4406-ab3b-998951279ea6	FX570U	35b5be13-59a3-4b30-9c12-198df7f21a14	5e6a9b2d-d0fc-49bc-82ee-cf90764c0f80
6dbf1225-53e1-492c-9586-df365363aed1	V241E	35b5be13-59a3-4b30-9c12-198df7f21a14	8226724d-9267-462d-9f1d-081c83e4f939
642ae41e-57cf-4b14-bba1-ea47a81e5f2f	GT-7500	424089c4-3e11-4cf8-ad82-37f1aae8f431	8b436b8d-088a-430c-a72e-bd216804f246
e917ac27-6f07-4f5d-b103-67850e264aaa	T355	424089c4-3e11-4cf8-ad82-37f1aae8f431	8b436b8d-088a-430c-a72e-bd216804f246
03bb4975-4272-4db4-b382-8bb7273e5813	K00E	35b5be13-59a3-4b30-9c12-198df7f21a14	8b436b8d-088a-430c-a72e-bd216804f246
1d5fb6a5-3d7e-421e-a4ca-39b71602544b	AMAZFIT PACE	5880d28f-9587-4266-881e-821aa78603e7	5b1ed3c3-b2ac-4d42-8c59-3e0d5c2b1828
b213b3cf-a19b-4d05-bb70-a2038a2c058b	A1612	5880d28f-9587-4266-881e-821aa78603e7	5b1ed3c3-b2ac-4d42-8c59-3e0d5c2b1828
95d674e5-9643-4d77-9494-c680af2dc6d8	FX516P	35b5be13-59a3-4b30-9c12-198df7f21a14	f6d2d95e-06af-4e7d-8b30-e12b8af28542
98cb864f-252c-40d0-94c3-ecc968a85985	15-DA1023NIA	3bd08f5c-49b4-4f7a-8914-92d93a22f333	5e6a9b2d-d0fc-49bc-82ee-cf90764c0f80
8e8d2590-c160-4576-be32-52c6cc787947	Y511-U30	906a65af-a1e3-47e4-a7a2-6f12cea5f4a7	f6d2d95e-06af-4e7d-8b30-e12b8af28542
c912b4c9-8f5c-46af-bb29-a315fb231e02	13T-AC000	3bd08f5c-49b4-4f7a-8914-92d93a22f333	5e6a9b2d-d0fc-49bc-82ee-cf90764c0f80
6d87b4b7-f051-448a-b955-34cb9b370583	INSPIRON 1545	2cb75c5e-1b46-4220-a5bf-c523c81d9baa	5e6a9b2d-d0fc-49bc-82ee-cf90764c0f80
3f6e2cb1-5f28-4922-80f8-ff20014a112b	RADMI PAD	5880d28f-9587-4266-881e-821aa78603e7	8b436b8d-088a-430c-a72e-bd216804f246
f7276c5f-6a38-476a-ba02-0fbb5e4480d8	L55M-5S	5880d28f-9587-4266-881e-821aa78603e7	920a20a7-1803-4eb1-9f79-e8e53903da40
4f161978-dd86-4c54-a937-9acb109c12d0	LYA-AL00	906a65af-a1e3-47e4-a7a2-6f12cea5f4a7	f6d2d95e-06af-4e7d-8b30-e12b8af28542
13785342-e394-4c76-b65c-c1123876ac9c	NP900X3C	424089c4-3e11-4cf8-ad82-37f1aae8f431	5e6a9b2d-d0fc-49bc-82ee-cf90764c0f80
f0a3a72a-f63d-495b-9ace-7f976c5cd7d6	AMAZFIT GTR3	5880d28f-9587-4266-881e-821aa78603e7	5b1ed3c3-b2ac-4d42-8c59-3e0d5c2b1828
ca04a6a1-0433-4743-b143-c5083fed81df	SM-G998B	424089c4-3e11-4cf8-ad82-37f1aae8f431	f6d2d95e-06af-4e7d-8b30-e12b8af28542
e87044f6-cff0-40f4-9472-2907b6e54ea6	SM-A715F	424089c4-3e11-4cf8-ad82-37f1aae8f431	f6d2d95e-06af-4e7d-8b30-e12b8af28542
3be25ac1-fae5-4e51-87c4-9ca478d96a58	LATITUDE 7480	2cb75c5e-1b46-4220-a5bf-c523c81d9baa	5e6a9b2d-d0fc-49bc-82ee-cf90764c0f80
6bd39326-c43d-4a22-b6de-73c3f2a0267f	MI 11I 5G	5880d28f-9587-4266-881e-821aa78603e7	f6d2d95e-06af-4e7d-8b30-e12b8af28542
fb49a85e-bb3f-4589-bac0-673656531aea	INSPIRON 1501	2cb75c5e-1b46-4220-a5bf-c523c81d9baa	5e6a9b2d-d0fc-49bc-82ee-cf90764c0f80
c28512ea-43ca-4e8f-80ee-6baa1d8b7e77	PCG_61611L	f6985faf-c878-4ca4-8283-f93f44fc3343	5e6a9b2d-d0fc-49bc-82ee-cf90764c0f80
6d44d4e1-cd44-423d-83b0-4cd513e5722e	AMAZFIT STRATOS	5880d28f-9587-4266-881e-821aa78603e7	5b1ed3c3-b2ac-4d42-8c59-3e0d5c2b1828
25b83bf1-3daf-49f3-a37e-bb725706cf21	SM-G900F	424089c4-3e11-4cf8-ad82-37f1aae8f431	f6d2d95e-06af-4e7d-8b30-e12b8af28542
235c770a-d5f0-44f3-8890-984a7b1731a9	LATITUDE 5290	2cb75c5e-1b46-4220-a5bf-c523c81d9baa	8b436b8d-088a-430c-a72e-bd216804f246
e2afbc28-1821-4f67-8646-1b2df24bba77	MI 10 5G	5880d28f-9587-4266-881e-821aa78603e7	f6d2d95e-06af-4e7d-8b30-e12b8af28542
34ad0bf0-01c0-42a2-94cd-79237f93bedf	AGS2-L03	906a65af-a1e3-47e4-a7a2-6f12cea5f4a7	8b436b8d-088a-430c-a72e-bd216804f246
6591fa4f-2662-45e8-a0eb-180e2ba4dd0d	OPGL-200	3f7e036e-e307-4967-97ea-9b6b3f1f4a7f	f6d2d95e-06af-4e7d-8b30-e12b8af28542
fffc09be-3198-435d-bde3-e7c1d4f61295	GALAXY WATCH 4	424089c4-3e11-4cf8-ad82-37f1aae8f431	5b1ed3c3-b2ac-4d42-8c59-3e0d5c2b1828
b22a9500-d427-4085-9ec9-75992d5e6b3f	SM-A725F	424089c4-3e11-4cf8-ad82-37f1aae8f431	f6d2d95e-06af-4e7d-8b30-e12b8af28542
1ba80311-1428-49be-9a99-ece705071479	INE-LX1	906a65af-a1e3-47e4-a7a2-6f12cea5f4a7	f6d2d95e-06af-4e7d-8b30-e12b8af28542
5e4c89b0-fb3c-4c03-ab6e-a202c815973d	Z01FD	35b5be13-59a3-4b30-9c12-198df7f21a14	f6d2d95e-06af-4e7d-8b30-e12b8af28542
b73c8584-e551-492f-9555-c926d30974d9	PAD 6	5880d28f-9587-4266-881e-821aa78603e7	8b436b8d-088a-430c-a72e-bd216804f246
459bb332-40eb-46e5-a215-b79cddfe85c5	BDZ-WDH9A	906a65af-a1e3-47e4-a7a2-6f12cea5f4a7	5e6a9b2d-d0fc-49bc-82ee-cf90764c0f80
e4b7915a-4829-43ae-a160-481abd3f247a	MI 10T PRO	5880d28f-9587-4266-881e-821aa78603e7	f6d2d95e-06af-4e7d-8b30-e12b8af28542
d013fd03-f4fd-42ef-aa13-df79daf96337	FOLIO 9480M	3bd08f5c-49b4-4f7a-8914-92d93a22f333	5e6a9b2d-d0fc-49bc-82ee-cf90764c0f80
1edf3603-f230-4850-96a2-6fccd5d186c3	GEAR S2	424089c4-3e11-4cf8-ad82-37f1aae8f431	5b1ed3c3-b2ac-4d42-8c59-3e0d5c2b1828
6b43004b-454c-4704-8fec-0d893978a396	NP 300V5A	424089c4-3e11-4cf8-ad82-37f1aae8f431	5e6a9b2d-d0fc-49bc-82ee-cf90764c0f80
ed739df9-523d-4c0d-9f06-c504d49065e4	N56V8	35b5be13-59a3-4b30-9c12-198df7f21a14	5e6a9b2d-d0fc-49bc-82ee-cf90764c0f80
8cc97c74-baf8-466d-8fa1-cbf0436a4c7d	ASPIRE 5755	0c4c7b1c-203c-4804-b272-66bd039c6288	5e6a9b2d-d0fc-49bc-82ee-cf90764c0f80
05d91082-b852-44c5-8194-3b33d420da39	SM-N900	424089c4-3e11-4cf8-ad82-37f1aae8f431	f6d2d95e-06af-4e7d-8b30-e12b8af28542
adcae248-c9b3-4831-af98-3f8a486e4e24	T-300	35b5be13-59a3-4b30-9c12-198df7f21a14	f6d2d95e-06af-4e7d-8b30-e12b8af28542
76cef82e-c12c-4b26-bcf8-1b4398e68188	MACH-W29	906a65af-a1e3-47e4-a7a2-6f12cea5f4a7	5e6a9b2d-d0fc-49bc-82ee-cf90764c0f80
bee2cc25-f7a7-4c36-8b71-0e9d9dde2379	SM-T735	424089c4-3e11-4cf8-ad82-37f1aae8f431	8b436b8d-088a-430c-a72e-bd216804f246
b84f684e-8dcb-41ad-ba7b-67337861c307	SM-T505	424089c4-3e11-4cf8-ad82-37f1aae8f431	8b436b8d-088a-430c-a72e-bd216804f246
baf153b1-093a-4baf-8373-d4f62ad2ef3c	LLD-L21	0a2fef89-7576-44b6-b77b-a0f5cb9e14da	f6d2d95e-06af-4e7d-8b30-e12b8af28542
50645978-4013-40dd-bbaa-8569c81afdae	G630-U10	906a65af-a1e3-47e4-a7a2-6f12cea5f4a7	f6d2d95e-06af-4e7d-8b30-e12b8af28542
98b378ff-49b3-4876-89cd-f6790e67366a	POCO X3 GT	5880d28f-9587-4266-881e-821aa78603e7	f6d2d95e-06af-4e7d-8b30-e12b8af28542
0326b1e1-4962-44ca-9230-71625c24779b	LON_L29	906a65af-a1e3-47e4-a7a2-6f12cea5f4a7	f6d2d95e-06af-4e7d-8b30-e12b8af28542
80e175e5-bad8-4106-b7e1-f8771bfec245	A1567	e078e15a-1f34-4c78-95f7-bc6d2365c53f	8b436b8d-088a-430c-a72e-bd216804f246
548cb104-1d09-440d-9aa5-382d8efdf0fe	SM-J600F	424089c4-3e11-4cf8-ad82-37f1aae8f431	f6d2d95e-06af-4e7d-8b30-e12b8af28542
146d0d52-708e-4818-9e95-04aedc2db17a	SM-T725	424089c4-3e11-4cf8-ad82-37f1aae8f431	8b436b8d-088a-430c-a72e-bd216804f246
3e299184-bd17-4739-a426-b386ccb18178	NXT-L29	906a65af-a1e3-47e4-a7a2-6f12cea5f4a7	f6d2d95e-06af-4e7d-8b30-e12b8af28542
73ea906d-c776-4ce5-9492-4a3edc9f1cb6	15_BC299NIA	3bd08f5c-49b4-4f7a-8914-92d93a22f333	5e6a9b2d-d0fc-49bc-82ee-cf90764c0f80
bdf48967-827b-43f1-987d-590fe90e81a7	PCG-61A11W	f6985faf-c878-4ca4-8283-f93f44fc3343	5e6a9b2d-d0fc-49bc-82ee-cf90764c0f80
987d3af7-b62f-470e-99bc-0ea2d490980b	G512L	35b5be13-59a3-4b30-9c12-198df7f21a14	5e6a9b2d-d0fc-49bc-82ee-cf90764c0f80
a65f69ec-4fa5-4a22-8e37-966303ef53df	GT-P7300	424089c4-3e11-4cf8-ad82-37f1aae8f431	f6d2d95e-06af-4e7d-8b30-e12b8af28542
6dc81f7e-c4a0-4823-ac33-3a022b0cf730	TB-M8 8505X	40c633db-a833-4baf-bfda-f7ac7cdfbb4a	8b436b8d-088a-430c-a72e-bd216804f246
4648bb32-1ee8-4b4b-abe0-bf61abbd5ce2	13M-BD0023DX	3bd08f5c-49b4-4f7a-8914-92d93a22f333	5e6a9b2d-d0fc-49bc-82ee-cf90764c0f80
f017a81a-f083-4b28-aa1e-82b8de55b84f	SERISE 5	e078e15a-1f34-4c78-95f7-bc6d2365c53f	5b1ed3c3-b2ac-4d42-8c59-3e0d5c2b1828
2f6d9b67-c928-4419-a114-375f739c216f	SERISE5	e078e15a-1f34-4c78-95f7-bc6d2365c53f	5b1ed3c3-b2ac-4d42-8c59-3e0d5c2b1828
8e8d8933-3f6c-4cdb-8a62-f4ffb223f13b	MI 5S	5880d28f-9587-4266-881e-821aa78603e7	f6d2d95e-06af-4e7d-8b30-e12b8af28542
5371a3ee-15c8-4cac-b346-f84b416667db	Z2151	40c633db-a833-4baf-bfda-f7ac7cdfbb4a	f6d2d95e-06af-4e7d-8b30-e12b8af28542
4a361943-cafd-430e-8bbf-ffce854ca5ed	SERIES 3	e078e15a-1f34-4c78-95f7-bc6d2365c53f	5b1ed3c3-b2ac-4d42-8c59-3e0d5c2b1828
a21f6b61-504e-4d3e-a52d-b4b69baf7c3b	A 1524	e078e15a-1f34-4c78-95f7-bc6d2365c53f	f6d2d95e-06af-4e7d-8b30-e12b8af28542
f8fbc76d-f611-4508-91c9-205ec50a0074	X018D	35b5be13-59a3-4b30-9c12-198df7f21a14	f6d2d95e-06af-4e7d-8b30-e12b8af28542
b02f7412-f825-46e1-9ea2-c8c4eba8a233	ASPIRE V5-591	0c4c7b1c-203c-4804-b272-66bd039c6288	5e6a9b2d-d0fc-49bc-82ee-cf90764c0f80
d1f594f0-9c8d-4b03-92c1-eeea0083b538	REDMI 12C	5880d28f-9587-4266-881e-821aa78603e7	f6d2d95e-06af-4e7d-8b30-e12b8af28542
0d4e460b-d08c-4636-b0dd-258709adec21	AUM-L29	0a2fef89-7576-44b6-b77b-a0f5cb9e14da	f6d2d95e-06af-4e7d-8b30-e12b8af28542
7c388f1d-4bd9-43a9-9d0c-615879ada657	REDMI NOTE 12 4G	5880d28f-9587-4266-881e-821aa78603e7	f6d2d95e-06af-4e7d-8b30-e12b8af28542
898dfde7-e810-4bfa-bf7c-9e977fdd0c44	LATITUDE10-ST2	2cb75c5e-1b46-4220-a5bf-c523c81d9baa	8b436b8d-088a-430c-a72e-bd216804f246
f526c5cf-f8f2-43c1-b7ec-b110747beb58	A2221	e078e15a-1f34-4c78-95f7-bc6d2365c53f	f6d2d95e-06af-4e7d-8b30-e12b8af28542
6451aa58-66db-4a9d-819f-8bad22ffcb15	FLEX 2-15	40c633db-a833-4baf-bfda-f7ac7cdfbb4a	5e6a9b2d-d0fc-49bc-82ee-cf90764c0f80
bd16765e-4537-477a-8b63-748700c911af	SM-T510	424089c4-3e11-4cf8-ad82-37f1aae8f431	8b436b8d-088a-430c-a72e-bd216804f246
a7482d4c-38a9-430d-b188-3986bdb04f08	V3_DUG	3f7e036e-e307-4967-97ea-9b6b3f1f4a7f	f6d2d95e-06af-4e7d-8b30-e12b8af28542
0f828ba0-136d-46ad-953d-4bb536e051bf	E550	40c633db-a833-4baf-bfda-f7ac7cdfbb4a	5e6a9b2d-d0fc-49bc-82ee-cf90764c0f80
9b769aad-7ab1-4c14-b2fb-26b50b37fd85	A55ML-DTUL	3f7e036e-e307-4967-97ea-9b6b3f1f4a7f	f6d2d95e-06af-4e7d-8b30-e12b8af28542
3cc3030f-3fa5-49a7-be63-45255891ca6b	SM-T700X	424089c4-3e11-4cf8-ad82-37f1aae8f431	f6d2d95e-06af-4e7d-8b30-e12b8af28542
bd94fa9e-46e9-4a71-b082-17b367aec01b	BLACK SHARK 2 PRO	5880d28f-9587-4266-881e-821aa78603e7	f6d2d95e-06af-4e7d-8b30-e12b8af28542
b164bb9a-2d8a-4f27-98e3-16fd86dd6069	HMA-L29	906a65af-a1e3-47e4-a7a2-6f12cea5f4a7	f6d2d95e-06af-4e7d-8b30-e12b8af28542
0e522b23-d0fa-4328-8205-85e28d6e5ab1	13M-BD1033DX	3bd08f5c-49b4-4f7a-8914-92d93a22f333	5e6a9b2d-d0fc-49bc-82ee-cf90764c0f80
6a71fe9b-580d-4742-a8fa-2bc1a4b04bb0	G470	40c633db-a833-4baf-bfda-f7ac7cdfbb4a	5e6a9b2d-d0fc-49bc-82ee-cf90764c0f80
46d7858b-2ea2-4409-9a8c-c95444aae89e	ASPIRE 5552G	35b5be13-59a3-4b30-9c12-198df7f21a14	5e6a9b2d-d0fc-49bc-82ee-cf90764c0f80
b1b8846f-2e25-44a2-bbbb-1fcc4262aadb	K45VD	35b5be13-59a3-4b30-9c12-198df7f21a14	5e6a9b2d-d0fc-49bc-82ee-cf90764c0f80
24387a23-7ea1-403d-888a-80857b8567c3	SM-A510FD	424089c4-3e11-4cf8-ad82-37f1aae8f431	f6d2d95e-06af-4e7d-8b30-e12b8af28542
c2d7d2fb-4b05-46ed-8ed0-b6ed293f1439	REDMI NOTE 7 PRO	5880d28f-9587-4266-881e-821aa78603e7	f6d2d95e-06af-4e7d-8b30-e12b8af28542
9eabf83a-c4e4-4423-8070-f509e294a663	AX200NGW	3bd08f5c-49b4-4f7a-8914-92d93a22f333	5e6a9b2d-d0fc-49bc-82ee-cf90764c0f80
328e68ab-09c8-4d6e-a424-001f0bb1a87f	SERIES SE	e078e15a-1f34-4c78-95f7-bc6d2365c53f	5b1ed3c3-b2ac-4d42-8c59-3e0d5c2b1828
a5af3a8c-f4f2-41bc-8d1a-6d111641c6a8	NMO-L31	906a65af-a1e3-47e4-a7a2-6f12cea5f4a7	f6d2d95e-06af-4e7d-8b30-e12b8af28542
8c167cd1-9659-467a-82a8-5291da721181	KOB_L09	906a65af-a1e3-47e4-a7a2-6f12cea5f4a7	8b436b8d-088a-430c-a72e-bd216804f246
a47c213a-eec8-42c9-befa-2a5e70e5ff4a	RLO-LO1	906a65af-a1e3-47e4-a7a2-6f12cea5f4a7	f6d2d95e-06af-4e7d-8b30-e12b8af28542
abd9947e-818e-4c28-b67d-ad780c0b7df6	ASPIRE  A515-51	0c4c7b1c-203c-4804-b272-66bd039c6288	5e6a9b2d-d0fc-49bc-82ee-cf90764c0f80
07311d3e-2571-43dc-b0bd-dcfe6d034a55	SERIES 6	e078e15a-1f34-4c78-95f7-bc6d2365c53f	5b1ed3c3-b2ac-4d42-8c59-3e0d5c2b1828
626dced3-fd23-4c7c-950f-8e5d7f1f9960	VKY-L29	906a65af-a1e3-47e4-a7a2-6f12cea5f4a7	f6d2d95e-06af-4e7d-8b30-e12b8af28542
2106c4ff-57fd-433c-ad37-f57783078ab9	DAV-701L	906a65af-a1e3-47e4-a7a2-6f12cea5f4a7	8b436b8d-088a-430c-a72e-bd216804f246
cd9b1362-768a-4eb0-8498-b2e1260cdb1d	ANE-TL00	906a65af-a1e3-47e4-a7a2-6f12cea5f4a7	f6d2d95e-06af-4e7d-8b30-e12b8af28542
81eda67f-13ed-40d5-9150-683a608bc242	SM-M127F	424089c4-3e11-4cf8-ad82-37f1aae8f431	f6d2d95e-06af-4e7d-8b30-e12b8af28542
487c7643-4d97-4ae6-be52-141ff55e1275	MS-1688	2e8da2f9-2e3b-4c2a-95c3-72fcdd5cc9b0	5e6a9b2d-d0fc-49bc-82ee-cf90764c0f80
ce27dd0d-f561-41b9-93d0-0f1f227db259	SVD112A1WL	f6985faf-c878-4ca4-8283-f93f44fc3343	5e6a9b2d-d0fc-49bc-82ee-cf90764c0f80
830b6c42-35c1-49c6-a071-bb45fdb40595	MS-1688	2e8da2f9-2e3b-4c2a-95c3-72fcdd5cc9b0	f6d2d95e-06af-4e7d-8b30-e12b8af28542
984c58d2-3f2c-4e5b-89f5-a7857689b211	UX303U	35b5be13-59a3-4b30-9c12-198df7f21a14	5e6a9b2d-d0fc-49bc-82ee-cf90764c0f80
3a577e1d-bc97-4afa-9584-d44806ff5066	P 008	35b5be13-59a3-4b30-9c12-198df7f21a14	8b436b8d-088a-430c-a72e-bd216804f246
e8528886-509f-4ded-b70c-05b524e86107	MI-A 1	5880d28f-9587-4266-881e-821aa78603e7	f6d2d95e-06af-4e7d-8b30-e12b8af28542
14d644ee-05e9-4983-b29b-639f11ae0d37	GT-N7100	424089c4-3e11-4cf8-ad82-37f1aae8f431	f6d2d95e-06af-4e7d-8b30-e12b8af28542
64d7a786-7bd3-4d64-ad0c-7a62b7b2312a	INE-LX1R	906a65af-a1e3-47e4-a7a2-6f12cea5f4a7	f6d2d95e-06af-4e7d-8b30-e12b8af28542
bc837f9d-ea61-4840-b906-1c99e2185605	KOB2-L09	906a65af-a1e3-47e4-a7a2-6f12cea5f4a7	8b436b8d-088a-430c-a72e-bd216804f246
2f999118-b61e-42fd-83a0-08340cce5ea3	KSA-LX9	0a2fef89-7576-44b6-b77b-a0f5cb9e14da	f6d2d95e-06af-4e7d-8b30-e12b8af28542
25c7386f-f2bd-4c39-8eea-7c13a04cdd49	SM-S918B	424089c4-3e11-4cf8-ad82-37f1aae8f431	f6d2d95e-06af-4e7d-8b30-e12b8af28542
b74c2de6-6589-4df4-a4aa-014fc1395e95	OPJA100	3f7e036e-e307-4967-97ea-9b6b3f1f4a7f	f6d2d95e-06af-4e7d-8b30-e12b8af28542
48cdc456-54f1-45d2-a42c-97efead89c26	GT-19060I	424089c4-3e11-4cf8-ad82-37f1aae8f431	f6d2d95e-06af-4e7d-8b30-e12b8af28542
527aa338-3982-4a13-a79d-9c8e04ff6a5b	TB-8504X	40c633db-a833-4baf-bfda-f7ac7cdfbb4a	8b436b8d-088a-430c-a72e-bd216804f246
f6825a55-3e24-4065-955b-6b9707fdc54b	ACTIVE  2	424089c4-3e11-4cf8-ad82-37f1aae8f431	5b1ed3c3-b2ac-4d42-8c59-3e0d5c2b1828
8e346a2e-33e3-432b-8b6b-0b5fc6c4a40c	A1457	e078e15a-1f34-4c78-95f7-bc6d2365c53f	f6d2d95e-06af-4e7d-8b30-e12b8af28542
c391d5b8-beb9-4995-8e08-8ded145a72c3	SM-A507FN	424089c4-3e11-4cf8-ad82-37f1aae8f431	f6d2d95e-06af-4e7d-8b30-e12b8af28542
866e36a5-ec45-4072-a269-e5d0e7cdbc04	K555L	35b5be13-59a3-4b30-9c12-198df7f21a14	5e6a9b2d-d0fc-49bc-82ee-cf90764c0f80
46fa5596-3bc0-4452-9346-068d80c3a568	GT 3	906a65af-a1e3-47e4-a7a2-6f12cea5f4a7	5b1ed3c3-b2ac-4d42-8c59-3e0d5c2b1828
48dec67c-15a0-4de6-9dfa-b656d4aa4186	X550D	35b5be13-59a3-4b30-9c12-198df7f21a14	5e6a9b2d-d0fc-49bc-82ee-cf90764c0f80
ec57e290-a23b-4a25-9a65-8ca314ebae56	REDMI 7A	5880d28f-9587-4266-881e-821aa78603e7	f6d2d95e-06af-4e7d-8b30-e12b8af28542
a85e5733-4d69-46d2-9b72-74d7c2718555	12PRO	5880d28f-9587-4266-881e-821aa78603e7	f6d2d95e-06af-4e7d-8b30-e12b8af28542
523f913a-62dd-466a-b457-30516ab34b99	AIR	5880d28f-9587-4266-881e-821aa78603e7	5e6a9b2d-d0fc-49bc-82ee-cf90764c0f80
aef89dc9-f282-4fe8-81f3-90b572066994	SM-N975F	424089c4-3e11-4cf8-ad82-37f1aae8f431	f6d2d95e-06af-4e7d-8b30-e12b8af28542
02ca1072-2df1-42ef-9b07-2ccb5df4f62f	SENSATION XLX315G	3f7e036e-e307-4967-97ea-9b6b3f1f4a7f	f6d2d95e-06af-4e7d-8b30-e12b8af28542
ac3b389a-46af-4400-8cb3-1f7056d1c573	SM-A606F	424089c4-3e11-4cf8-ad82-37f1aae8f431	f6d2d95e-06af-4e7d-8b30-e12b8af28542
39423cad-71bd-45ac-9dde-01a0bb54ca4f	REDMI 5 PLUS	5880d28f-9587-4266-881e-821aa78603e7	f6d2d95e-06af-4e7d-8b30-e12b8af28542
4f0a2cb0-c653-42d2-b0d8-e843cf479bb6	SM-P601	424089c4-3e11-4cf8-ad82-37f1aae8f431	f6d2d95e-06af-4e7d-8b30-e12b8af28542
86a19535-e54f-467e-8957-b19e0ca5395e	PROBOOK 450	3bd08f5c-49b4-4f7a-8914-92d93a22f333	5e6a9b2d-d0fc-49bc-82ee-cf90764c0f80
dab9a7fd-fa68-44f5-9154-fedbf3353fe2	UX434F	35b5be13-59a3-4b30-9c12-198df7f21a14	5e6a9b2d-d0fc-49bc-82ee-cf90764c0f80
5353e1e1-eaad-4b4c-b5d3-fb8adbe3b04c	SM-G781B	424089c4-3e11-4cf8-ad82-37f1aae8f431	f6d2d95e-06af-4e7d-8b30-e12b8af28542
22ceb82d-996c-46eb-a2a1-981f1fd61f2a	S20 FE5G	424089c4-3e11-4cf8-ad82-37f1aae8f431	f6d2d95e-06af-4e7d-8b30-e12b8af28542
24f46df9-2327-4370-ab51-b2635f0b63a2	G3	906a65af-a1e3-47e4-a7a2-6f12cea5f4a7	5b1ed3c3-b2ac-4d42-8c59-3e0d5c2b1828
f41a7b29-d357-4e83-beb2-2a0d605676dd	SM-G991B	424089c4-3e11-4cf8-ad82-37f1aae8f431	f6d2d95e-06af-4e7d-8b30-e12b8af28542
fadd67d7-ed18-45f7-891a-7ceceb84a568	PAVILION DV5	3bd08f5c-49b4-4f7a-8914-92d93a22f333	5e6a9b2d-d0fc-49bc-82ee-cf90764c0f80
9ab06b14-c8bf-4882-b27f-0f75b7418f4f	MI NOTE	5880d28f-9587-4266-881e-821aa78603e7	f6d2d95e-06af-4e7d-8b30-e12b8af28542
5761ffd7-fb7d-43cb-9ca0-2757dbe211f2	A 6421	35b5be13-59a3-4b30-9c12-198df7f21a14	8226724d-9267-462d-9f1d-081c83e4f939
d3ad55f2-e61d-45a5-97c4-d8d43ae2d865	K451L	35b5be13-59a3-4b30-9c12-198df7f21a14	5e6a9b2d-d0fc-49bc-82ee-cf90764c0f80
0f5906be-a920-418e-ae84-f8f726310905	ELITE BOOK 2540P	3bd08f5c-49b4-4f7a-8914-92d93a22f333	5e6a9b2d-d0fc-49bc-82ee-cf90764c0f80
268b47d2-f571-4ab3-93b6-1312969710e2	REDMI 6A	5880d28f-9587-4266-881e-821aa78603e7	f6d2d95e-06af-4e7d-8b30-e12b8af28542
120336ca-0a38-4f0a-ab8c-4593d2ffaecb	WKG-LX9	906a65af-a1e3-47e4-a7a2-6f12cea5f4a7	f6d2d95e-06af-4e7d-8b30-e12b8af28542
2378e838-6773-40b2-aa2e-bb64ce9ed7ee	ASPIRE R  14	0c4c7b1c-203c-4804-b272-66bd039c6288	5e6a9b2d-d0fc-49bc-82ee-cf90764c0f80
68bcf7bf-6959-485f-a5f4-c15938449f99	TAB 2 A10-70L	40c633db-a833-4baf-bfda-f7ac7cdfbb4a	8b436b8d-088a-430c-a72e-bd216804f246
edf539fb-e5c0-43fc-928e-d24d4594d2b6	TAB 2 A10-70L	40c633db-a833-4baf-bfda-f7ac7cdfbb4a	f6d2d95e-06af-4e7d-8b30-e12b8af28542
4e4cba5f-ada7-4888-8c37-6dd20f6fb975	GL502V	35b5be13-59a3-4b30-9c12-198df7f21a14	5e6a9b2d-d0fc-49bc-82ee-cf90764c0f80
347a5ca8-17e9-4764-b19e-0ed3214aa5b8	SM-N910H	424089c4-3e11-4cf8-ad82-37f1aae8f431	f6d2d95e-06af-4e7d-8b30-e12b8af28542
c97ee411-352e-46f6-b167-dc37233cd536	THINKPAD 10	35b5be13-59a3-4b30-9c12-198df7f21a14	8b436b8d-088a-430c-a72e-bd216804f246
2b96c1f7-840b-4d57-91ea-034e55d264a2	CLT-L29	906a65af-a1e3-47e4-a7a2-6f12cea5f4a7	f6d2d95e-06af-4e7d-8b30-e12b8af28542
f2c1d086-a72a-45d1-b771-f4406a453ade	AMN-LX9	906a65af-a1e3-47e4-a7a2-6f12cea5f4a7	f6d2d95e-06af-4e7d-8b30-e12b8af28542
c09faab8-97b4-4d83-be36-84cf41974a95	P210NE	3bd08f5c-49b4-4f7a-8914-92d93a22f333	f6d2d95e-06af-4e7d-8b30-e12b8af28542
f64e2d53-ae3d-4b5d-862f-695ffe75a83b	SM-G973F	424089c4-3e11-4cf8-ad82-37f1aae8f431	f6d2d95e-06af-4e7d-8b30-e12b8af28542
555a164d-37e8-4c7e-84ba-a49f76886339	N580G	35b5be13-59a3-4b30-9c12-198df7f21a14	5e6a9b2d-d0fc-49bc-82ee-cf90764c0f80
3c102989-2573-45c8-9480-1b2a1d3fecb6	MI 9 SE	5880d28f-9587-4266-881e-821aa78603e7	f6d2d95e-06af-4e7d-8b30-e12b8af28542
de662fed-e01b-41b4-bc54-512d8f6254b6	ASPIRE A715-74G	0c4c7b1c-203c-4804-b272-66bd039c6288	5e6a9b2d-d0fc-49bc-82ee-cf90764c0f80
da34fd39-b8e0-40a3-b02f-e55e8b821a30	P024	35b5be13-59a3-4b30-9c12-198df7f21a14	8b436b8d-088a-430c-a72e-bd216804f246
cc0332d6-9e0c-41c0-9cdb-386a3cf2063f	S6000	40c633db-a833-4baf-bfda-f7ac7cdfbb4a	8b436b8d-088a-430c-a72e-bd216804f246
3bca67a2-d2aa-4826-9bab-843484edb04b	JAT-L29	0a2fef89-7576-44b6-b77b-a0f5cb9e14da	f6d2d95e-06af-4e7d-8b30-e12b8af28542
7f5874b5-ce6e-4e22-822f-a97c96d2db27	SM-A022F	424089c4-3e11-4cf8-ad82-37f1aae8f431	f6d2d95e-06af-4e7d-8b30-e12b8af28542
44008dc5-3156-467b-a087-9f171960c40d	TP203N	35b5be13-59a3-4b30-9c12-198df7f21a14	5e6a9b2d-d0fc-49bc-82ee-cf90764c0f80
a9efed88-967d-45b7-8267-d444339e8c52	BND-L21	0a2fef89-7576-44b6-b77b-a0f5cb9e14da	f6d2d95e-06af-4e7d-8b30-e12b8af28542
a17ae13e-ec1e-4188-b978-02aa9db61aa8	M2004J19G	5880d28f-9587-4266-881e-821aa78603e7	f6d2d95e-06af-4e7d-8b30-e12b8af28542
fcfba0d8-f13f-4b2e-a8c8-dd063e5f5d52	AGS3-L09	906a65af-a1e3-47e4-a7a2-6f12cea5f4a7	8b436b8d-088a-430c-a72e-bd216804f246
8ec4db89-28d3-4610-946b-79770083ebc8	ASPIRE 5552	0c4c7b1c-203c-4804-b272-66bd039c6288	5e6a9b2d-d0fc-49bc-82ee-cf90764c0f80
7d369195-1d0d-4710-8578-64c57d3753c1	SM-F711B	424089c4-3e11-4cf8-ad82-37f1aae8f431	f6d2d95e-06af-4e7d-8b30-e12b8af28542
bc620b04-5d0b-45d6-9417-6dc693b8d9ae	REDMI NOTE 11 PRO 4G	5880d28f-9587-4266-881e-821aa78603e7	f6d2d95e-06af-4e7d-8b30-e12b8af28542
45df4e16-49c8-4d9c-9817-cfb2686b0963	INE-LX2	906a65af-a1e3-47e4-a7a2-6f12cea5f4a7	f6d2d95e-06af-4e7d-8b30-e12b8af28542
bf700de8-e74b-4c1a-8bf2-664804908fc7	UX535L	35b5be13-59a3-4b30-9c12-198df7f21a14	5e6a9b2d-d0fc-49bc-82ee-cf90764c0f80
b004714c-f56c-4597-84c1-fad82f21961e	GEM-701L	906a65af-a1e3-47e4-a7a2-6f12cea5f4a7	8b436b8d-088a-430c-a72e-bd216804f246
987c1a67-1ce3-4422-9039-b8e27d88e34d	ACTIVE 2	424089c4-3e11-4cf8-ad82-37f1aae8f431	5b1ed3c3-b2ac-4d42-8c59-3e0d5c2b1828
26db919b-9e39-430c-9ccb-4d4c95a28855	VOSTRO 3300	0c4c7b1c-203c-4804-b272-66bd039c6288	5e6a9b2d-d0fc-49bc-82ee-cf90764c0f80
5c254d44-723d-4cb9-9737-76943c9383bc	X54H	35b5be13-59a3-4b30-9c12-198df7f21a14	5e6a9b2d-d0fc-49bc-82ee-cf90764c0f80
18658083-b0e0-4814-b22f-9411069d3c9e	black shark 4 pro	5880d28f-9587-4266-881e-821aa78603e7	f6d2d95e-06af-4e7d-8b30-e12b8af28542
8bf10473-bc4c-4837-b429-9472a1d2eb84	ART-L29	906a65af-a1e3-47e4-a7a2-6f12cea5f4a7	f6d2d95e-06af-4e7d-8b30-e12b8af28542
8f590e7d-c566-487b-90dc-8dce6d7028e6	SM-N920CD	424089c4-3e11-4cf8-ad82-37f1aae8f431	f6d2d95e-06af-4e7d-8b30-e12b8af28542
eedc52cd-0cd7-4c1e-b1df-e066d451f9f5	BLACK SHARK2	5880d28f-9587-4266-881e-821aa78603e7	f6d2d95e-06af-4e7d-8b30-e12b8af28542
39f7b7ed-20de-449a-a81b-87c350479e0b	BLACK SHARP 2	5880d28f-9587-4266-881e-821aa78603e7	f6d2d95e-06af-4e7d-8b30-e12b8af28542
38ab49f8-bd9a-42e8-adeb-75a1809cfc35	HOL-U19	906a65af-a1e3-47e4-a7a2-6f12cea5f4a7	f6d2d95e-06af-4e7d-8b30-e12b8af28542
9c06a7e4-58ab-425a-ab93-97dfec373900	MI NOTE 10 PRO	5880d28f-9587-4266-881e-821aa78603e7	f6d2d95e-06af-4e7d-8b30-e12b8af28542
cf17251c-4c22-4d44-b430-d7e17e78b5c3	GL553V	35b5be13-59a3-4b30-9c12-198df7f21a14	5e6a9b2d-d0fc-49bc-82ee-cf90764c0f80
c418d9f3-9c48-4e83-aee7-7885b21003dc	P87F	f2b5140c-5d3d-4df7-b687-8f5d4ccdeca5	5e6a9b2d-d0fc-49bc-82ee-cf90764c0f80
6c8ad8ba-a642-43de-978b-a2b38e11b6c9	INSPIRON N5040	2cb75c5e-1b46-4220-a5bf-c523c81d9baa	5e6a9b2d-d0fc-49bc-82ee-cf90764c0f80
89707b80-44d2-4f2e-989c-af49b74ab808	OP6B900	3f7e036e-e307-4967-97ea-9b6b3f1f4a7f	f6d2d95e-06af-4e7d-8b30-e12b8af28542
73841d04-9c12-42c4-b6ee-dcf79ab1e26e	SM-N986B	424089c4-3e11-4cf8-ad82-37f1aae8f431	f6d2d95e-06af-4e7d-8b30-e12b8af28542
d322953a-cbd8-4dd7-9e18-b0f8e55c32c1	JDN-L09	906a65af-a1e3-47e4-a7a2-6f12cea5f4a7	8b436b8d-088a-430c-a72e-bd216804f246
23a1c499-c74a-4843-9873-721577996bea	MI 11	5880d28f-9587-4266-881e-821aa78603e7	f6d2d95e-06af-4e7d-8b30-e12b8af28542
9a05deb2-4114-4629-a112-71d6764df3ec	ASPIRE 5749	0c4c7b1c-203c-4804-b272-66bd039c6288	5e6a9b2d-d0fc-49bc-82ee-cf90764c0f80
f0873398-f258-4f28-b90e-ff04e506d78a	FIGTL10	906a65af-a1e3-47e4-a7a2-6f12cea5f4a7	f6d2d95e-06af-4e7d-8b30-e12b8af28542
40f04e15-c07c-4c46-b57b-96b68c04e006	JSN-L22	0a2fef89-7576-44b6-b77b-a0f5cb9e14da	f6d2d95e-06af-4e7d-8b30-e12b8af28542
a8651974-5f36-4275-9ca2-7f949882fa74	REDMI NOTE 4	5880d28f-9587-4266-881e-821aa78603e7	f6d2d95e-06af-4e7d-8b30-e12b8af28542
f8031e0e-bcdb-4a7f-9986-7231881af06a	PCG-81111W	f6985faf-c878-4ca4-8283-f93f44fc3343	5e6a9b2d-d0fc-49bc-82ee-cf90764c0f80
7d3c5001-fd57-48cc-aa07-b964a81243b7	T100H	35b5be13-59a3-4b30-9c12-198df7f21a14	5e6a9b2d-d0fc-49bc-82ee-cf90764c0f80
bfddcd81-afe9-481e-90fb-974b29d31b1e	POCO X4 GT 5G	5880d28f-9587-4266-881e-821aa78603e7	f6d2d95e-06af-4e7d-8b30-e12b8af28542
f4ec72e5-2833-4410-8f23-579e02be6504	X555L	35b5be13-59a3-4b30-9c12-198df7f21a14	f6d2d95e-06af-4e7d-8b30-e12b8af28542
cb1758a2-560a-4aba-a4b5-e5b03620cc32	P10	906a65af-a1e3-47e4-a7a2-6f12cea5f4a7	f6d2d95e-06af-4e7d-8b30-e12b8af28542
85b6b10c-72f8-4498-9676-fd124f263a61	FDR-A01L	906a65af-a1e3-47e4-a7a2-6f12cea5f4a7	8b436b8d-088a-430c-a72e-bd216804f246
67259987-3fc4-4b9c-a58e-ff767440be99	2PZF100	3f7e036e-e307-4967-97ea-9b6b3f1f4a7f	f6d2d95e-06af-4e7d-8b30-e12b8af28542
e9312257-7683-4714-87a4-19445fd560a4	X551M	35b5be13-59a3-4b30-9c12-198df7f21a14	5e6a9b2d-d0fc-49bc-82ee-cf90764c0f80
64134620-b6e3-4db6-8b86-f38ee1267d3f	SVF15AA1QL	f6985faf-c878-4ca4-8283-f93f44fc3343	5e6a9b2d-d0fc-49bc-82ee-cf90764c0f80
c8257ebb-bb4d-4306-a698-877d05630982	FX506L	35b5be13-59a3-4b30-9c12-198df7f21a14	5e6a9b2d-d0fc-49bc-82ee-cf90764c0f80
9bfff476-a002-4636-9e1b-27d13c1c2edf	SM-N915F	424089c4-3e11-4cf8-ad82-37f1aae8f431	f6d2d95e-06af-4e7d-8b30-e12b8af28542
e805da67-b95d-4ef4-8485-b17c1dcce26c	R1502Z	35b5be13-59a3-4b30-9c12-198df7f21a14	5e6a9b2d-d0fc-49bc-82ee-cf90764c0f80
66780a57-7d3c-4c55-83e9-6f0466b55408	PPA-LX2	906a65af-a1e3-47e4-a7a2-6f12cea5f4a7	f6d2d95e-06af-4e7d-8b30-e12b8af28542
66231031-07a7-41cc-9314-80fbbfea89da	F102B	35b5be13-59a3-4b30-9c12-198df7f21a14	5e6a9b2d-d0fc-49bc-82ee-cf90764c0f80
c18d9f3e-cb90-49af-86f5-cb578f8246fa	A1865	e078e15a-1f34-4c78-95f7-bc6d2365c53f	f6d2d95e-06af-4e7d-8b30-e12b8af28542
e13bfbf3-9594-4aea-8132-97274bf0155a	MI 11I	5880d28f-9587-4266-881e-821aa78603e7	f6d2d95e-06af-4e7d-8b30-e12b8af28542
d65ab517-c03a-4a88-a900-5e09ebc7a889	hg8245c	906a65af-a1e3-47e4-a7a2-6f12cea5f4a7	35282352-c830-402d-b440-d9961a67535c
d9a05639-c402-430d-b4c3-94c8802b2be5	PCG-6X1L	f6985faf-c878-4ca4-8283-f93f44fc3343	5e6a9b2d-d0fc-49bc-82ee-cf90764c0f80
c7da357b-a507-4a56-8b9e-a520cf964153	PCG-81214N	f6985faf-c878-4ca4-8283-f93f44fc3343	5e6a9b2d-d0fc-49bc-82ee-cf90764c0f80
42e91935-4226-4e96-9435-224ea318f3fe	AGS2-AL00	906a65af-a1e3-47e4-a7a2-6f12cea5f4a7	8b436b8d-088a-430c-a72e-bd216804f246
5070920b-1310-4d30-80a8-be2676081388	PAVILION DV6	3bd08f5c-49b4-4f7a-8914-92d93a22f333	5e6a9b2d-d0fc-49bc-82ee-cf90764c0f80
0d4af5cf-f1f9-4606-9bbf-94cf136d6cdc	T300	35b5be13-59a3-4b30-9c12-198df7f21a14	5e6a9b2d-d0fc-49bc-82ee-cf90764c0f80
984d47ba-c03d-4dbd-aa9f-0d90a9496d80	PCG-3J1L	f6985faf-c878-4ca4-8283-f93f44fc3343	5e6a9b2d-d0fc-49bc-82ee-cf90764c0f80
e2c46cf9-b9a9-4dc6-b679-688051b3fffc	BLA-AL00	906a65af-a1e3-47e4-a7a2-6f12cea5f4a7	f6d2d95e-06af-4e7d-8b30-e12b8af28542
d35c0def-da49-4a7e-b0ab-e303533ca749	X452C	35b5be13-59a3-4b30-9c12-198df7f21a14	5e6a9b2d-d0fc-49bc-82ee-cf90764c0f80
50480747-313e-4a89-a6eb-cbf34b827ae1	SCL-U31	906a65af-a1e3-47e4-a7a2-6f12cea5f4a7	f6d2d95e-06af-4e7d-8b30-e12b8af28542
77aa1569-897d-4167-87cf-d324306ed7cf	SM-N985F	424089c4-3e11-4cf8-ad82-37f1aae8f431	f6d2d95e-06af-4e7d-8b30-e12b8af28542
307e2812-5a92-4229-9b3c-ccda2d4817ae	TA-1095	b7429b3e-e021-45ea-93f7-bb4f0461cf79	f6d2d95e-06af-4e7d-8b30-e12b8af28542
99534e48-c5e7-49df-a13c-f570dbe3550c	ELITE BOOK	3bd08f5c-49b4-4f7a-8914-92d93a22f333	5e6a9b2d-d0fc-49bc-82ee-cf90764c0f80
4dcdbe7f-d587-45ce-90c9-d4f48e68c6c0	SM-G920F	424089c4-3e11-4cf8-ad82-37f1aae8f431	f6d2d95e-06af-4e7d-8b30-e12b8af28542
68c1ac70-f6ba-445d-bb08-1384d77d759e	A1660	e078e15a-1f34-4c78-95f7-bc6d2365c53f	f6d2d95e-06af-4e7d-8b30-e12b8af28542
c3fe9306-8ac9-4c75-8098-5b984a576a5d	P01T	35b5be13-59a3-4b30-9c12-198df7f21a14	8b436b8d-088a-430c-a72e-bd216804f246
85fa3d2d-a4bf-44d6-bbd8-edd68a1527fc	SM-A305F	424089c4-3e11-4cf8-ad82-37f1aae8f431	f6d2d95e-06af-4e7d-8b30-e12b8af28542
1f34e90d-cb0a-425a-9d0b-5710bb5bab55	SM-A145F	424089c4-3e11-4cf8-ad82-37f1aae8f431	f6d2d95e-06af-4e7d-8b30-e12b8af28542
8f25dc61-d7f6-4d9b-bcc3-ef076930c09c	NAM-LX9	906a65af-a1e3-47e4-a7a2-6f12cea5f4a7	f6d2d95e-06af-4e7d-8b30-e12b8af28542
330f8eb1-4aed-4da2-9853-22cd5466061b	MI MIX 2	5880d28f-9587-4266-881e-821aa78603e7	f6d2d95e-06af-4e7d-8b30-e12b8af28542
64cb6851-f2d1-4d5c-a965-8dab08feb4ff	JLN-LX1	906a65af-a1e3-47e4-a7a2-6f12cea5f4a7	f6d2d95e-06af-4e7d-8b30-e12b8af28542
3a9fd2fe-c7a4-40a5-adee-175a6386a3e0	ASPIRE E5-575	0c4c7b1c-203c-4804-b272-66bd039c6288	5e6a9b2d-d0fc-49bc-82ee-cf90764c0f80
73cdafaf-361b-4776-9832-2c43d11db02f	KIW-L21	906a65af-a1e3-47e4-a7a2-6f12cea5f4a7	f6d2d95e-06af-4e7d-8b30-e12b8af28542
c83ccf2b-7c2e-4951-8813-8d799137d281	A3500	40c633db-a833-4baf-bfda-f7ac7cdfbb4a	8b436b8d-088a-430c-a72e-bd216804f246
88d13575-0331-47ae-810a-13cea289ce5e	S10-231L	906a65af-a1e3-47e4-a7a2-6f12cea5f4a7	8b436b8d-088a-430c-a72e-bd216804f246
976fe34a-5122-4992-8ca8-4a28ff8bc66d	SVF154B1EL	f6985faf-c878-4ca4-8283-f93f44fc3343	5e6a9b2d-d0fc-49bc-82ee-cf90764c0f80
853acfec-8885-4e72-aefa-5df89a5e3346	cl664129	3f7e036e-e307-4967-97ea-9b6b3f1f4a7f	f6d2d95e-06af-4e7d-8b30-e12b8af28542
344f2b72-c27d-4eb6-9df7-d84fd804b2eb	A3500	40c633db-a833-4baf-bfda-f7ac7cdfbb4a	f6d2d95e-06af-4e7d-8b30-e12b8af28542
3e679e67-1646-48ee-88cd-499150199533	KIW-L21	5880d28f-9587-4266-881e-821aa78603e7	f6d2d95e-06af-4e7d-8b30-e12b8af28542
2fc518b8-6e54-4e33-b905-855778cdc2cd	S10-231L	906a65af-a1e3-47e4-a7a2-6f12cea5f4a7	f6d2d95e-06af-4e7d-8b30-e12b8af28542
bcf4d184-55bd-477c-a2d3-531e06121129	SVD11216PGB	f6985faf-c878-4ca4-8283-f93f44fc3343	5e6a9b2d-d0fc-49bc-82ee-cf90764c0f80
c19964c2-4f6c-4a55-8e66-9badc0cd4c0b	BOB-WAI9AQ	906a65af-a1e3-47e4-a7a2-6f12cea5f4a7	5e6a9b2d-d0fc-49bc-82ee-cf90764c0f80
3d6edbc2-5583-484e-a257-2677e33c90ed	PCG-3C2L	f6985faf-c878-4ca4-8283-f93f44fc3343	5e6a9b2d-d0fc-49bc-82ee-cf90764c0f80
edd0c7e2-e2e8-4605-a93a-45b621fb014b	LIO-L29	906a65af-a1e3-47e4-a7a2-6f12cea5f4a7	f6d2d95e-06af-4e7d-8b30-e12b8af28542
9446b615-c653-4ebe-bd3c-87884d052d58	P7-L10	906a65af-a1e3-47e4-a7a2-6f12cea5f4a7	f6d2d95e-06af-4e7d-8b30-e12b8af28542
6fd03ea7-e69c-4c5e-9ea2-0dc5c1168635	SM-G965F	424089c4-3e11-4cf8-ad82-37f1aae8f431	f6d2d95e-06af-4e7d-8b30-e12b8af28542
42ed134b-3e09-4b51-804b-0b2f5ad7a36c	PAR-LX1M	906a65af-a1e3-47e4-a7a2-6f12cea5f4a7	f6d2d95e-06af-4e7d-8b30-e12b8af28542
52fc22cc-929a-415f-bee7-9448a1c0149c	JSN-L22	906a65af-a1e3-47e4-a7a2-6f12cea5f4a7	f6d2d95e-06af-4e7d-8b30-e12b8af28542
eda0e38e-abc5-469b-8f1b-2da2152fa6ed	SM-A125F	424089c4-3e11-4cf8-ad82-37f1aae8f431	f6d2d95e-06af-4e7d-8b30-e12b8af28542
d46c9328-5e39-40ae-bda6-5722ba39f289	2PYB2	3f7e036e-e307-4967-97ea-9b6b3f1f4a7f	f6d2d95e-06af-4e7d-8b30-e12b8af28542
f19bc7e8-a496-4b20-9339-0b7078ad4b54	MI 10T LITE 5G	5880d28f-9587-4266-881e-821aa78603e7	f6d2d95e-06af-4e7d-8b30-e12b8af28542
c4a104d5-7ef3-4501-9784-960542d72969	HRY-LX1T	0a2fef89-7576-44b6-b77b-a0f5cb9e14da	f6d2d95e-06af-4e7d-8b30-e12b8af28542
7625ae4f-e086-4f7b-96df-a6b9a79ed888	PCG-3G5L	f6985faf-c878-4ca4-8283-f93f44fc3343	5e6a9b2d-d0fc-49bc-82ee-cf90764c0f80
3aedd634-aeed-4303-804c-4d45fbd63a7f	FLA-LX1	906a65af-a1e3-47e4-a7a2-6f12cea5f4a7	f6d2d95e-06af-4e7d-8b30-e12b8af28542
9d3f484d-6e31-4f6f-9d31-32f5375f5922	X00DD	35b5be13-59a3-4b30-9c12-198df7f21a14	f6d2d95e-06af-4e7d-8b30-e12b8af28542
2c396bc0-eeab-4774-bab0-d7491adbcb94	STREAM 8	3bd08f5c-49b4-4f7a-8914-92d93a22f333	8b436b8d-088a-430c-a72e-bd216804f246
bde9e794-da9b-4939-b87c-308ee98bf1b7	GRA-UL00	906a65af-a1e3-47e4-a7a2-6f12cea5f4a7	f6d2d95e-06af-4e7d-8b30-e12b8af28542
21e65f90-cdf4-4e7f-a57c-d3aaa977d010	SM-A528B	424089c4-3e11-4cf8-ad82-37f1aae8f431	f6d2d95e-06af-4e7d-8b30-e12b8af28542
53bf6332-9014-4272-ae07-a42a1f54de0d	12	5880d28f-9587-4266-881e-821aa78603e7	f6d2d95e-06af-4e7d-8b30-e12b8af28542
f8bfe1a5-13b2-4b23-8d6c-8de107d76a24	THINK BOOK 15 G2	40c633db-a833-4baf-bfda-f7ac7cdfbb4a	5e6a9b2d-d0fc-49bc-82ee-cf90764c0f80
5af70fd1-dd46-4244-aa39-e97242608990	EVA-L19	906a65af-a1e3-47e4-a7a2-6f12cea5f4a7	f6d2d95e-06af-4e7d-8b30-e12b8af28542
9c6c79ec-45ba-4a20-b17a-87258c4497be	OPJX100	3f7e036e-e307-4967-97ea-9b6b3f1f4a7f	f6d2d95e-06af-4e7d-8b30-e12b8af28542
5ec05e2b-978c-4844-8ac6-e988401a9679	VIE-L29	906a65af-a1e3-47e4-a7a2-6f12cea5f4a7	f6d2d95e-06af-4e7d-8b30-e12b8af28542
c588fb45-8113-4e4e-bee6-4ee6d813ca28	GL552V	35b5be13-59a3-4b30-9c12-198df7f21a14	5e6a9b2d-d0fc-49bc-82ee-cf90764c0f80
594b2e8d-8311-4c7a-808a-4c9d02205963	MHA-L29	906a65af-a1e3-47e4-a7a2-6f12cea5f4a7	f6d2d95e-06af-4e7d-8b30-e12b8af28542
cf6b5b87-aa9e-4b3f-b13b-ff9f5ff1eb5d	A7600	40c633db-a833-4baf-bfda-f7ac7cdfbb4a	8b436b8d-088a-430c-a72e-bd216804f246
51f544cf-58ee-4c13-a1d0-e94a89175038	K55V	35b5be13-59a3-4b30-9c12-198df7f21a14	5e6a9b2d-d0fc-49bc-82ee-cf90764c0f80
8d39e271-7a0c-48c8-a637-9b83ca87263e	K00G	35b5be13-59a3-4b30-9c12-198df7f21a14	8b436b8d-088a-430c-a72e-bd216804f246
b291a360-a92b-426f-8a0c-228f7a35f9a1	A1863	e078e15a-1f34-4c78-95f7-bc6d2365c53f	f6d2d95e-06af-4e7d-8b30-e12b8af28542
474f9c90-4e42-439a-95de-57cece976a11	G6-2297SE	3bd08f5c-49b4-4f7a-8914-92d93a22f333	5e6a9b2d-d0fc-49bc-82ee-cf90764c0f80
ccf97396-45d1-4c12-84b9-dc91da0a9553	POCO C40	5880d28f-9587-4266-881e-821aa78603e7	f6d2d95e-06af-4e7d-8b30-e12b8af28542
476c9fab-1f56-4151-a938-0e91963b6153	F510U	35b5be13-59a3-4b30-9c12-198df7f21a14	5e6a9b2d-d0fc-49bc-82ee-cf90764c0f80
535a5471-1249-46a9-aff2-1d8012025b43	SM-G950FD	424089c4-3e11-4cf8-ad82-37f1aae8f431	f6d2d95e-06af-4e7d-8b30-e12b8af28542
2e0c7597-8128-415d-82cf-05b8fd1599ab	2pzf200	3f7e036e-e307-4967-97ea-9b6b3f1f4a7f	f6d2d95e-06af-4e7d-8b30-e12b8af28542
e843789a-3aca-4ea9-906d-71b04fee2291	FRD-L09	0a2fef89-7576-44b6-b77b-a0f5cb9e14da	f6d2d95e-06af-4e7d-8b30-e12b8af28542
27285662-a763-47e3-9946-7faa3d66abe0	SM-G975F	424089c4-3e11-4cf8-ad82-37f1aae8f431	f6d2d95e-06af-4e7d-8b30-e12b8af28542
99100bc4-5b1e-40b7-921e-7fe77ab57ac5	K550L	35b5be13-59a3-4b30-9c12-198df7f21a14	5e6a9b2d-d0fc-49bc-82ee-cf90764c0f80
598b8acb-1558-4be0-90b7-6258e2d9e633	LYA-L29	906a65af-a1e3-47e4-a7a2-6f12cea5f4a7	f6d2d95e-06af-4e7d-8b30-e12b8af28542
fa1262ca-7337-4505-b4a4-9a15d8ba9eb2	Y560-U02	906a65af-a1e3-47e4-a7a2-6f12cea5f4a7	f6d2d95e-06af-4e7d-8b30-e12b8af28542
738e0aa9-e261-49a8-aca6-b7bf252de1fc	MOTO ONE	f2337673-7381-4cb3-87a3-eda8d08fb6fb	f6d2d95e-06af-4e7d-8b30-e12b8af28542
3c28cc6b-8620-49fe-b5a2-8f270bb4b5b2	K513E	35b5be13-59a3-4b30-9c12-198df7f21a14	5e6a9b2d-d0fc-49bc-82ee-cf90764c0f80
138fc45d-2f9c-4f7d-9b36-4b8ffb196a1d	MI 10	5880d28f-9587-4266-881e-821aa78603e7	f6d2d95e-06af-4e7d-8b30-e12b8af28542
05e114b9-3ce8-4678-81da-c3a14cb5caab	SM-G930F	424089c4-3e11-4cf8-ad82-37f1aae8f431	f6d2d95e-06af-4e7d-8b30-e12b8af28542
d6a19144-a465-45d7-90ea-3edd43a33d95	K53E	35b5be13-59a3-4b30-9c12-198df7f21a14	5e6a9b2d-d0fc-49bc-82ee-cf90764c0f80
4a8e4479-5121-4e6e-98d8-377b59dc6b42	A700H	424089c4-3e11-4cf8-ad82-37f1aae8f431	f6d2d95e-06af-4e7d-8b30-e12b8af28542
04d0dd30-a461-4394-9e49-bd3877ee8c9d	S10-201U	906a65af-a1e3-47e4-a7a2-6f12cea5f4a7	8b436b8d-088a-430c-a72e-bd216804f246
97a713b3-7d32-41c1-b8e3-eda78ac6c4b9	MI 9 LITE	5880d28f-9587-4266-881e-821aa78603e7	f6d2d95e-06af-4e7d-8b30-e12b8af28542
b542232d-976d-4c7b-832c-4cf63a9c768f	K017	35b5be13-59a3-4b30-9c12-198df7f21a14	f6d2d95e-06af-4e7d-8b30-e12b8af28542
f3bca49d-d322-4f41-b0e4-92fe6007c0a4	UX410U	35b5be13-59a3-4b30-9c12-198df7f21a14	5e6a9b2d-d0fc-49bc-82ee-cf90764c0f80
4b260b1f-cb6a-4c53-b37b-25a8a28249e3	PROBOOK 450 G2	3bd08f5c-49b4-4f7a-8914-92d93a22f333	5e6a9b2d-d0fc-49bc-82ee-cf90764c0f80
d10e7b00-fcee-4e54-8f0a-966ceb09e4bd	BAH2-L09	906a65af-a1e3-47e4-a7a2-6f12cea5f4a7	8b436b8d-088a-430c-a72e-bd216804f246
0ff80431-a5c8-49aa-b949-e55a244a0636	XIAOMI 11 LITE 5G	5880d28f-9587-4266-881e-821aa78603e7	f6d2d95e-06af-4e7d-8b30-e12b8af28542
d7ecab3c-3b14-4bb6-9d71-9ca20a3488d3	K45V	35b5be13-59a3-4b30-9c12-198df7f21a14	5e6a9b2d-d0fc-49bc-82ee-cf90764c0f80
557144e0-141c-463c-889d-a948b2cbfb0a	PCG-41213W	f6985faf-c878-4ca4-8283-f93f44fc3343	5e6a9b2d-d0fc-49bc-82ee-cf90764c0f80
805fb1f7-291e-4be5-a0c6-c56a30b6457f	P01MA	35b5be13-59a3-4b30-9c12-198df7f21a14	f6d2d95e-06af-4e7d-8b30-e12b8af28542
077d754d-eb56-4251-ad0a-f679d99cc748	SM-A260F	424089c4-3e11-4cf8-ad82-37f1aae8f431	f6d2d95e-06af-4e7d-8b30-e12b8af28542
7ce878fe-e47c-4923-89d0-5736d03f110f	GRA-UL10	906a65af-a1e3-47e4-a7a2-6f12cea5f4a7	f6d2d95e-06af-4e7d-8b30-e12b8af28542
0c61b141-6be6-41b8-97d9-0cb78625a138	MI NOTE 10 LITE	5880d28f-9587-4266-881e-821aa78603e7	f6d2d95e-06af-4e7d-8b30-e12b8af28542
9a1959b3-8412-4aab-b2b7-48c9d238ce66	TB-7703X	40c633db-a833-4baf-bfda-f7ac7cdfbb4a	8b436b8d-088a-430c-a72e-bd216804f246
64e4f93d-2b47-4e84-af8e-d85e86be0514	MI 11T PRO	5880d28f-9587-4266-881e-821aa78603e7	f6d2d95e-06af-4e7d-8b30-e12b8af28542
b05a574f-17c3-4995-8228-d6946a00c371	G620-UL01	906a65af-a1e3-47e4-a7a2-6f12cea5f4a7	f6d2d95e-06af-4e7d-8b30-e12b8af28542
0d8dd0b0-933b-453a-9242-db9502be49a1	MI 4I	5880d28f-9587-4266-881e-821aa78603e7	f6d2d95e-06af-4e7d-8b30-e12b8af28542
00898f10-d44f-4ee1-b10a-882851544726	MI 6	5880d28f-9587-4266-881e-821aa78603e7	f6d2d95e-06af-4e7d-8b30-e12b8af28542
8c5e79b2-4ac5-4a73-a7db-060ec6d8ce33	DV6-6190SE	3bd08f5c-49b4-4f7a-8914-92d93a22f333	5e6a9b2d-d0fc-49bc-82ee-cf90764c0f80
bc9b8043-49dd-4e73-879b-b0ccbd6feeb1	A1342	e078e15a-1f34-4c78-95f7-bc6d2365c53f	5e6a9b2d-d0fc-49bc-82ee-cf90764c0f80
dff3a7cd-48b3-465c-98a0-98e8a08caaa7	ASPIRE 5251	0c4c7b1c-203c-4804-b272-66bd039c6288	5e6a9b2d-d0fc-49bc-82ee-cf90764c0f80
51fff324-0026-44f3-99fd-c1f3beeaada5	GA503R	35b5be13-59a3-4b30-9c12-198df7f21a14	5e6a9b2d-d0fc-49bc-82ee-cf90764c0f80
4059ae0e-b6ec-4aa4-befa-8b280e705d9c	0PM1100	3f7e036e-e307-4967-97ea-9b6b3f1f4a7f	f6d2d95e-06af-4e7d-8b30-e12b8af28542
173cb4ff-bf82-4764-8cb8-619fa66b5c51	MI A2	5880d28f-9587-4266-881e-821aa78603e7	f6d2d95e-06af-4e7d-8b30-e12b8af28542
582746d1-d400-46d9-9c4c-f9c8cbd5b9b2	SM-G970F	424089c4-3e11-4cf8-ad82-37f1aae8f431	f6d2d95e-06af-4e7d-8b30-e12b8af28542
3e8de09b-078c-48ed-ae8b-8f134b573a6e	TPN-W108	3bd08f5c-49b4-4f7a-8914-92d93a22f333	5e6a9b2d-d0fc-49bc-82ee-cf90764c0f80
dea4aef6-d641-473c-9fba-3f2f38a632da	RT3090BC4	3bd08f5c-49b4-4f7a-8914-92d93a22f333	5e6a9b2d-d0fc-49bc-82ee-cf90764c0f80
157ee610-2e09-4048-a96c-4ebe1ba7a99b	12X	5880d28f-9587-4266-881e-821aa78603e7	f6d2d95e-06af-4e7d-8b30-e12b8af28542
04144398-4df2-4382-991e-3b4fbabff5e1	SVS131E21W	f6985faf-c878-4ca4-8283-f93f44fc3343	5e6a9b2d-d0fc-49bc-82ee-cf90764c0f80
a7a46b1c-87c1-4145-a1a1-881e4b7a62af	K42J	35b5be13-59a3-4b30-9c12-198df7f21a14	5e6a9b2d-d0fc-49bc-82ee-cf90764c0f80
3cf8cc4a-06f4-4aa3-bd47-c53d426b9303	PN071100	3f7e036e-e307-4967-97ea-9b6b3f1f4a7f	f6d2d95e-06af-4e7d-8b30-e12b8af28542
d1a2939b-c785-4c9b-bd7e-3970ad9712c8	TX300CA	35b5be13-59a3-4b30-9c12-198df7f21a14	5e6a9b2d-d0fc-49bc-82ee-cf90764c0f80
0a9d0e79-c563-47f8-8c5a-c64a48ccefe2	P008	35b5be13-59a3-4b30-9c12-198df7f21a14	8b436b8d-088a-430c-a72e-bd216804f246
b91fe39f-5060-4264-9b59-ec38e73b286d	X008D	35b5be13-59a3-4b30-9c12-198df7f21a14	f6d2d95e-06af-4e7d-8b30-e12b8af28542
bb7df019-5a9f-4b61-ad38-dc773b0445da	MSAA8A	2e8da2f9-2e3b-4c2a-95c3-72fcdd5cc9b0	8226724d-9267-462d-9f1d-081c83e4f939
45a65ece-dc5a-4059-9b82-85bbbd4dc5be	MLA-L11	906a65af-a1e3-47e4-a7a2-6f12cea5f4a7	f6d2d95e-06af-4e7d-8b30-e12b8af28542
906f16d2-2c19-4b8b-b726-20fcad62d075	SM-A135F	424089c4-3e11-4cf8-ad82-37f1aae8f431	f6d2d95e-06af-4e7d-8b30-e12b8af28542
44f1e54f-05ea-44d3-b214-c92eb98c9265	A55V	35b5be13-59a3-4b30-9c12-198df7f21a14	5e6a9b2d-d0fc-49bc-82ee-cf90764c0f80
44e3e02c-4bec-42f7-8487-d2ab7c8a4c5e	A500CG	35b5be13-59a3-4b30-9c12-198df7f21a14	f6d2d95e-06af-4e7d-8b30-e12b8af28542
c9f34080-cb98-46a8-9415-3aa9c046e5ed	TB-8703X	40c633db-a833-4baf-bfda-f7ac7cdfbb4a	8b436b8d-088a-430c-a72e-bd216804f246
8a59dcf3-76f4-4cf3-bc06-8849fe802540	REDMI NOTE 10S	5880d28f-9587-4266-881e-821aa78603e7	f6d2d95e-06af-4e7d-8b30-e12b8af28542
030b4c53-efa4-49d6-90ab-489ebd6d4ed5	TIT-AL00	906a65af-a1e3-47e4-a7a2-6f12cea5f4a7	f6d2d95e-06af-4e7d-8b30-e12b8af28542
f719e163-69dc-4434-bbdd-b9ec61b1903f	MI 5	5880d28f-9587-4266-881e-821aa78603e7	f6d2d95e-06af-4e7d-8b30-e12b8af28542
5362cf5b-964a-48b2-a0e0-8c48b0d25a81	2PZC300	3f7e036e-e307-4967-97ea-9b6b3f1f4a7f	f6d2d95e-06af-4e7d-8b30-e12b8af28542
ed8a14a0-dc87-4d66-82be-5a013c9b6b90	REDMI A1 PLUS	5880d28f-9587-4266-881e-821aa78603e7	f6d2d95e-06af-4e7d-8b30-e12b8af28542
69726795-b3d6-4219-b8c8-e595e4cc7cda	COL-L29	0a2fef89-7576-44b6-b77b-a0f5cb9e14da	f6d2d95e-06af-4e7d-8b30-e12b8af28542
7e641f19-23d6-4fab-ba25-19a8f10ff6bd	X510U	35b5be13-59a3-4b30-9c12-198df7f21a14	5e6a9b2d-d0fc-49bc-82ee-cf90764c0f80
73876257-1b4a-470f-84e0-55fd8a250e09	SM-A505F	424089c4-3e11-4cf8-ad82-37f1aae8f431	f6d2d95e-06af-4e7d-8b30-e12b8af28542
9e272803-ced5-4ee1-81dd-2fb128464de6	SM-T530NU	424089c4-3e11-4cf8-ad82-37f1aae8f431	8b436b8d-088a-430c-a72e-bd216804f246
b174927c-ad03-46d2-90bd-889b2dc303d1	SM-A307F	424089c4-3e11-4cf8-ad82-37f1aae8f431	f6d2d95e-06af-4e7d-8b30-e12b8af28542
2549720b-34ed-47b6-ba70-df406c98d52b	Z851KL	35b5be13-59a3-4b30-9c12-198df7f21a14	f6d2d95e-06af-4e7d-8b30-e12b8af28542
22d98f37-5c1d-4fa2-b3ac-3677c7af15ca	MI 8 LITE	5880d28f-9587-4266-881e-821aa78603e7	f6d2d95e-06af-4e7d-8b30-e12b8af28542
e4fcf013-767a-46ac-bd86-f91356ba46be	SM-A225F	424089c4-3e11-4cf8-ad82-37f1aae8f431	f6d2d95e-06af-4e7d-8b30-e12b8af28542
cee45dc5-705e-421d-95d8-d5791a7131ce	A225F	424089c4-3e11-4cf8-ad82-37f1aae8f431	f6d2d95e-06af-4e7d-8b30-e12b8af28542
83969ec9-2cef-410b-852c-a946ba490511	MI 11 ULTRA	5880d28f-9587-4266-881e-821aa78603e7	f6d2d95e-06af-4e7d-8b30-e12b8af28542
2bc13be5-11b0-4dc3-87ad-e06f5392225a	POCO C31	5880d28f-9587-4266-881e-821aa78603e7	f6d2d95e-06af-4e7d-8b30-e12b8af28542
ddf4469f-107c-4d94-9d9b-af5e69b478f3	MI MIX 3	5880d28f-9587-4266-881e-821aa78603e7	f6d2d95e-06af-4e7d-8b30-e12b8af28542
2b28f983-0c6c-42b6-adb2-08b6e903ebad	BAC-L21	906a65af-a1e3-47e4-a7a2-6f12cea5f4a7	f6d2d95e-06af-4e7d-8b30-e12b8af28542
25b9aee7-8e80-45cc-bc20-c6d8477147e4	JNL-LX1	906a65af-a1e3-47e4-a7a2-6f12cea5f4a7	f6d2d95e-06af-4e7d-8b30-e12b8af28542
7acb5ea0-ae97-42a6-b363-16e1a520da80	ONE_M8	3f7e036e-e307-4967-97ea-9b6b3f1f4a7f	f6d2d95e-06af-4e7d-8b30-e12b8af28542
d952e060-cc27-459f-87be-b12e2850ac70	POCO M3 PRO	5880d28f-9587-4266-881e-821aa78603e7	f6d2d95e-06af-4e7d-8b30-e12b8af28542
f61ea506-648f-4754-b61e-65b09c33f0f7	MI 5S PLUS	5880d28f-9587-4266-881e-821aa78603e7	f6d2d95e-06af-4e7d-8b30-e12b8af28542
52fac1f7-b5f5-414f-8c9c-6449ed1de3a8	SM-A520F	424089c4-3e11-4cf8-ad82-37f1aae8f431	f6d2d95e-06af-4e7d-8b30-e12b8af28542
1f348c4a-0da8-41e7-951b-0fde5234424a	MI PAD 2	5880d28f-9587-4266-881e-821aa78603e7	8b436b8d-088a-430c-a72e-bd216804f246
d7a7cb16-757c-4ce0-bbb2-e2c0c50b9378	CHM-U01	0a2fef89-7576-44b6-b77b-a0f5cb9e14da	f6d2d95e-06af-4e7d-8b30-e12b8af28542
01c2907d-c6b4-4eba-99ba-a0b16996f4f8	IDEAPAD MIIX 310	40c633db-a833-4baf-bfda-f7ac7cdfbb4a	5e6a9b2d-d0fc-49bc-82ee-cf90764c0f80
e4481c4f-8d4c-47b8-a8ca-7cc3a12467ab	SM-A750F	424089c4-3e11-4cf8-ad82-37f1aae8f431	f6d2d95e-06af-4e7d-8b30-e12b8af28542
9c529505-e4b5-4710-b436-8d56037a0d8d	SM-A750	5880d28f-9587-4266-881e-821aa78603e7	f6d2d95e-06af-4e7d-8b30-e12b8af28542
52212733-5c11-49b1-9316-6387d6f5811e	REDMI 10	5880d28f-9587-4266-881e-821aa78603e7	f6d2d95e-06af-4e7d-8b30-e12b8af28542
64d3eef2-12df-492e-b068-50aaad4e98d6	A1778	e078e15a-1f34-4c78-95f7-bc6d2365c53f	f6d2d95e-06af-4e7d-8b30-e12b8af28542
cc0acfdb-0687-42b9-8dbf-12e257190f55	TRAVELMATE 5730	0c4c7b1c-203c-4804-b272-66bd039c6288	5e6a9b2d-d0fc-49bc-82ee-cf90764c0f80
5e3fec75-30a1-4a41-b301-43e5f9d5cd8d	MI 10T PRO 5G	5880d28f-9587-4266-881e-821aa78603e7	f6d2d95e-06af-4e7d-8b30-e12b8af28542
b62fb7b4-23d6-43af-8d9c-3699d2412a16	CTR-LX2	906a65af-a1e3-47e4-a7a2-6f12cea5f4a7	f6d2d95e-06af-4e7d-8b30-e12b8af28542
6b53a750-7b77-4047-ae05-e33c2f13ddd1	MI 5 PRO	5880d28f-9587-4266-881e-821aa78603e7	f6d2d95e-06af-4e7d-8b30-e12b8af28542
82785886-5083-4f94-9169-4209c9db8c9c	ARE-L22HN	0a2fef89-7576-44b6-b77b-a0f5cb9e14da	f6d2d95e-06af-4e7d-8b30-e12b8af28542
d6a17562-aade-43f4-aa7e-cc2ccbedf3d2	RIO-L01	906a65af-a1e3-47e4-a7a2-6f12cea5f4a7	f6d2d95e-06af-4e7d-8b30-e12b8af28542
80942950-dad7-4e14-9fe0-7be9be3097a0	MI 9T PRO	5880d28f-9587-4266-881e-821aa78603e7	f6d2d95e-06af-4e7d-8b30-e12b8af28542
9eff7879-f4ef-4665-935c-baecb2561c64	SM-G900H	424089c4-3e11-4cf8-ad82-37f1aae8f431	f6d2d95e-06af-4e7d-8b30-e12b8af28542
db263269-01aa-4ae5-b323-e78da000db0e	2PYA200	3f7e036e-e307-4967-97ea-9b6b3f1f4a7f	f6d2d95e-06af-4e7d-8b30-e12b8af28542
a5b734dc-1d69-4389-a681-d4bb48eecf26	12T	5880d28f-9587-4266-881e-821aa78603e7	f6d2d95e-06af-4e7d-8b30-e12b8af28542
b6c02b19-896f-418c-8b3c-c80cf88de28b	XPAW004	5880d28f-9587-4266-881e-821aa78603e7	f6d2d95e-06af-4e7d-8b30-e12b8af28542
7a478203-1c3c-44a1-b99a-ff84a901bdfd	DUB-LX1	906a65af-a1e3-47e4-a7a2-6f12cea5f4a7	f6d2d95e-06af-4e7d-8b30-e12b8af28542
e21bbed9-5aec-40b3-bc0a-a6e8a0351486	11T PRO	5880d28f-9587-4266-881e-821aa78603e7	f6d2d95e-06af-4e7d-8b30-e12b8af28542
e1f18bee-8fc6-420d-baf7-a1817f05e627	REDMI 4X	5880d28f-9587-4266-881e-821aa78603e7	f6d2d95e-06af-4e7d-8b30-e12b8af28542
912e01f8-f12f-45ff-bcd1-9da12f093e2f	NEN-L22	906a65af-a1e3-47e4-a7a2-6f12cea5f4a7	f6d2d95e-06af-4e7d-8b30-e12b8af28542
459efba6-c5d9-4bce-a78b-6b580b263e29	MI 11 PRO	5880d28f-9587-4266-881e-821aa78603e7	f6d2d95e-06af-4e7d-8b30-e12b8af28542
10cbd6db-46f4-4b0f-8caa-01c6eee3334a	REDMI NOTE 6 PRO	5880d28f-9587-4266-881e-821aa78603e7	f6d2d95e-06af-4e7d-8b30-e12b8af28542
4ebd58fc-89b7-4b88-8c86-b72a19cca1c5	REDMI NOTE 7	5880d28f-9587-4266-881e-821aa78603e7	f6d2d95e-06af-4e7d-8b30-e12b8af28542
d4e3afec-32e2-466e-aa8a-f3158284ec84	POCO M4 PRO 5G	5880d28f-9587-4266-881e-821aa78603e7	f6d2d95e-06af-4e7d-8b30-e12b8af28542
4bd2a277-3c55-46f1-bca1-ddadbba10fa0	BLN-L21	0a2fef89-7576-44b6-b77b-a0f5cb9e14da	f6d2d95e-06af-4e7d-8b30-e12b8af28542
5de33d52-644f-4270-a2d6-cc922a368ff2	VOG-L29	906a65af-a1e3-47e4-a7a2-6f12cea5f4a7	f6d2d95e-06af-4e7d-8b30-e12b8af28542
4be349bc-3d35-4281-b45c-d73ace6a25e1	SM-A105F	424089c4-3e11-4cf8-ad82-37f1aae8f431	f6d2d95e-06af-4e7d-8b30-e12b8af28542
5b6c16ce-9cbf-4ed0-9ca9-abb69ce43ef7	POCO X3 NFC	5880d28f-9587-4266-881e-821aa78603e7	f6d2d95e-06af-4e7d-8b30-e12b8af28542
61eb15c3-25bf-4e0b-908d-dea2f8f409f9	PROBOOK 4520S	3bd08f5c-49b4-4f7a-8914-92d93a22f333	5e6a9b2d-d0fc-49bc-82ee-cf90764c0f80
9fba9cc6-c7ed-480e-962b-a91f71a49062	MI 8	5880d28f-9587-4266-881e-821aa78603e7	f6d2d95e-06af-4e7d-8b30-e12b8af28542
6b72b044-33f6-4e63-b583-522b9fa81165	FRL-L22	906a65af-a1e3-47e4-a7a2-6f12cea5f4a7	f6d2d95e-06af-4e7d-8b30-e12b8af28542
27a317eb-e765-403a-97e7-6a5b8d467480	REDMI NOTE 11 PRO	5880d28f-9587-4266-881e-821aa78603e7	f6d2d95e-06af-4e7d-8b30-e12b8af28542
960ca47d-2d24-4ba9-9cc6-2adda5871089	SM-G955F	424089c4-3e11-4cf8-ad82-37f1aae8f431	f6d2d95e-06af-4e7d-8b30-e12b8af28542
f140c8bd-b9ad-44b8-b366-62689120d599	SM-A720F	424089c4-3e11-4cf8-ad82-37f1aae8f431	f6d2d95e-06af-4e7d-8b30-e12b8af28542
ce68667f-39d5-4cd6-87da-7a2c5d25e400	SM-M515F	424089c4-3e11-4cf8-ad82-37f1aae8f431	f6d2d95e-06af-4e7d-8b30-e12b8af28542
35f34c5e-755d-40a5-8445-2b91a1ce1da9	PCG-8111L	f6985faf-c878-4ca4-8283-f93f44fc3343	5e6a9b2d-d0fc-49bc-82ee-cf90764c0f80
d106407b-62a4-455e-83f1-1fb15ad84c84	REDMI 8A	5880d28f-9587-4266-881e-821aa78603e7	f6d2d95e-06af-4e7d-8b30-e12b8af28542
01f38c07-a8ae-48bd-ade3-108fc9bfd1e5	2PZM100 U-2U	3f7e036e-e307-4967-97ea-9b6b3f1f4a7f	f6d2d95e-06af-4e7d-8b30-e12b8af28542
ddfafd5e-80f2-4640-a5be-3cc689ec4a1d	POCO X4 PRO 5G	5880d28f-9587-4266-881e-821aa78603e7	f6d2d95e-06af-4e7d-8b30-e12b8af28542
a3b6dd94-831c-42df-b1cb-c43d30b4043b	BLA-L29	906a65af-a1e3-47e4-a7a2-6f12cea5f4a7	f6d2d95e-06af-4e7d-8b30-e12b8af28542
c633812e-d050-423f-9ff2-c8f640e4b9a4	MI 11T	5880d28f-9587-4266-881e-821aa78603e7	f6d2d95e-06af-4e7d-8b30-e12b8af28542
1a2f01a3-1430-4845-993f-f51d1f8fe0bc	POT-LX1AF	906a65af-a1e3-47e4-a7a2-6f12cea5f4a7	f6d2d95e-06af-4e7d-8b30-e12b8af28542
6b6a70f2-30e5-41e8-9266-072a95060935	REDMI 6	5880d28f-9587-4266-881e-821aa78603e7	f6d2d95e-06af-4e7d-8b30-e12b8af28542
f3fb52c3-48d8-4653-a48a-54e2c31d2462	A1502	e078e15a-1f34-4c78-95f7-bc6d2365c53f	f6d2d95e-06af-4e7d-8b30-e12b8af28542
0de1d51f-fb6d-4ad3-9a06-717e88686824	POCO X3	5880d28f-9587-4266-881e-821aa78603e7	f6d2d95e-06af-4e7d-8b30-e12b8af28542
92ef308f-c1dc-4694-ad30-af4966913a49	MI 10 PRO	5880d28f-9587-4266-881e-821aa78603e7	f6d2d95e-06af-4e7d-8b30-e12b8af28542
e1557a2a-f711-4c24-96b3-ac7012fa3b62	SM-A325F	424089c4-3e11-4cf8-ad82-37f1aae8f431	f6d2d95e-06af-4e7d-8b30-e12b8af28542
e9a7ddab-6244-4d3d-a275-e4dcf710e267	SM-A226B	424089c4-3e11-4cf8-ad82-37f1aae8f431	f6d2d95e-06af-4e7d-8b30-e12b8af28542
75dafa89-4995-439c-84a4-1f0b968ceaa5	REDMI 2	5880d28f-9587-4266-881e-821aa78603e7	f6d2d95e-06af-4e7d-8b30-e12b8af28542
39db31d8-e83c-47fd-b403-d40bed2b937f	LIO-N29	906a65af-a1e3-47e4-a7a2-6f12cea5f4a7	f6d2d95e-06af-4e7d-8b30-e12b8af28542
a3784288-fff3-4b16-9db4-df4e9bfb2ef4	AQM-LX1	906a65af-a1e3-47e4-a7a2-6f12cea5f4a7	f6d2d95e-06af-4e7d-8b30-e12b8af28542
42e25281-6e59-419f-8760-a5c050e6c734	SM-A515F	424089c4-3e11-4cf8-ad82-37f1aae8f431	f6d2d95e-06af-4e7d-8b30-e12b8af28542
712a0272-57e6-40c9-80bf-3a60389b5366	MRD-LX1F	906a65af-a1e3-47e4-a7a2-6f12cea5f4a7	f6d2d95e-06af-4e7d-8b30-e12b8af28542
6d7f523c-6c39-4171-8d15-606dead5d43c	REDMI NOTE 10 5G	5880d28f-9587-4266-881e-821aa78603e7	f6d2d95e-06af-4e7d-8b30-e12b8af28542
f1b67d1f-4f1a-46cd-bedd-523b96e31897	SVP132A1CL	f6985faf-c878-4ca4-8283-f93f44fc3343	5e6a9b2d-d0fc-49bc-82ee-cf90764c0f80
7aebd44f-490b-4a22-85fc-89200e8903a1	X017DA	35b5be13-59a3-4b30-9c12-198df7f21a14	f6d2d95e-06af-4e7d-8b30-e12b8af28542
234c0268-6626-49c8-8682-f86e364dcf15	XMA2006	5880d28f-9587-4266-881e-821aa78603e7	5e6a9b2d-d0fc-49bc-82ee-cf90764c0f80
12798a90-70a2-4db4-97c1-ddcb3bde5634	X756U	35b5be13-59a3-4b30-9c12-198df7f21a14	5e6a9b2d-d0fc-49bc-82ee-cf90764c0f80
2aeff6e9-c277-4853-9f63-080d26efa7a9	SM-J320	424089c4-3e11-4cf8-ad82-37f1aae8f431	f6d2d95e-06af-4e7d-8b30-e12b8af28542
b7ee9bd4-2295-4e29-b1f3-016a715b53fc	X01AD	35b5be13-59a3-4b30-9c12-198df7f21a14	f6d2d95e-06af-4e7d-8b30-e12b8af28542
14e20612-a09f-4531-afea-a2664deff3f1	LND-L29	0a2fef89-7576-44b6-b77b-a0f5cb9e14da	f6d2d95e-06af-4e7d-8b30-e12b8af28542
78187e5d-610e-48fc-b71a-36b3a86a912e	MI 4	5880d28f-9587-4266-881e-821aa78603e7	f6d2d95e-06af-4e7d-8b30-e12b8af28542
913bdc49-7644-4733-9c54-ed883070c828	PAVILION DV4	3bd08f5c-49b4-4f7a-8914-92d93a22f333	5e6a9b2d-d0fc-49bc-82ee-cf90764c0f80
416c4958-eca7-4d62-9ad0-e224707e4b32	G565	40c633db-a833-4baf-bfda-f7ac7cdfbb4a	5e6a9b2d-d0fc-49bc-82ee-cf90764c0f80
4180e8cd-fc64-4b4e-940a-ab8728269430	PAVILION DV9000	3bd08f5c-49b4-4f7a-8914-92d93a22f333	5e6a9b2d-d0fc-49bc-82ee-cf90764c0f80
731bd9a0-2616-49c6-bd9f-bf9f88ba391b	TRT-L21A	906a65af-a1e3-47e4-a7a2-6f12cea5f4a7	f6d2d95e-06af-4e7d-8b30-e12b8af28542
42a7b350-5bba-4cfa-9bec-b2f7f04b54c3	N551J	35b5be13-59a3-4b30-9c12-198df7f21a14	5e6a9b2d-d0fc-49bc-82ee-cf90764c0f80
386f3240-a52a-45e9-aa79-f049eb93eae0	K53S	35b5be13-59a3-4b30-9c12-198df7f21a14	5e6a9b2d-d0fc-49bc-82ee-cf90764c0f80
905a768c-fc59-4c7f-8238-3bc698de8f6e	SM-T355Y	424089c4-3e11-4cf8-ad82-37f1aae8f431	8b436b8d-088a-430c-a72e-bd216804f246
904e8e67-66a2-4db7-b601-3b8eeec5a472	K017	35b5be13-59a3-4b30-9c12-198df7f21a14	8b436b8d-088a-430c-a72e-bd216804f246
85033601-2dde-412a-8e8d-4bc1070dcd32	POCO PHONE F1	5880d28f-9587-4266-881e-821aa78603e7	f6d2d95e-06af-4e7d-8b30-e12b8af28542
88cbb5e8-2b84-4800-9cef-adf19c17e0ad	S10-231W	906a65af-a1e3-47e4-a7a2-6f12cea5f4a7	8b436b8d-088a-430c-a72e-bd216804f246
c70845e7-cfc0-4829-a2c6-698d87916030	SM-A705FN	424089c4-3e11-4cf8-ad82-37f1aae8f431	f6d2d95e-06af-4e7d-8b30-e12b8af28542
0baf4f71-b9da-45e8-a162-eec808be1e65	REDMI NOTE 10 PRO MAX	5880d28f-9587-4266-881e-821aa78603e7	f6d2d95e-06af-4e7d-8b30-e12b8af28542
532e08e7-4f4d-4ad4-9a35-9253011e8f88	REDMI 8	5880d28f-9587-4266-881e-821aa78603e7	f6d2d95e-06af-4e7d-8b30-e12b8af28542
b9180073-e5b5-481d-9321-f0b5b4e3899a	MI 9T	5880d28f-9587-4266-881e-821aa78603e7	f6d2d95e-06af-4e7d-8b30-e12b8af28542
70930ca6-9c58-4d8f-9e61-9e1bcaa12715	S7-721U	906a65af-a1e3-47e4-a7a2-6f12cea5f4a7	8b436b8d-088a-430c-a72e-bd216804f246
1871f8a6-a887-4917-ae9d-9c1dfd29c62d	REDMI NOTE 11	5880d28f-9587-4266-881e-821aa78603e7	f6d2d95e-06af-4e7d-8b30-e12b8af28542
12c544e8-d9b9-4e43-a853-a1740d424ffe	SM-A207F	424089c4-3e11-4cf8-ad82-37f1aae8f431	f6d2d95e-06af-4e7d-8b30-e12b8af28542
5b4c6829-7037-4968-8a18-39094a7857b5	SM-A315F	424089c4-3e11-4cf8-ad82-37f1aae8f431	f6d2d95e-06af-4e7d-8b30-e12b8af28542
3271caed-6434-4c33-9607-c50c64c1394b	ASPIRE 6920	0c4c7b1c-203c-4804-b272-66bd039c6288	5e6a9b2d-d0fc-49bc-82ee-cf90764c0f80
277cd606-c176-47ae-96b3-bcc2e8aa35b6	POCO M5	5880d28f-9587-4266-881e-821aa78603e7	f6d2d95e-06af-4e7d-8b30-e12b8af28542
ec2c334b-4032-4f04-93fc-e8168b2b8455	POCO F3	5880d28f-9587-4266-881e-821aa78603e7	f6d2d95e-06af-4e7d-8b30-e12b8af28542
4d5a1aba-52d0-40e3-adec-e9145268e96c	ELS-AN00	906a65af-a1e3-47e4-a7a2-6f12cea5f4a7	f6d2d95e-06af-4e7d-8b30-e12b8af28542
688678a8-3674-4dd5-92d2-0fdd71889e9f	G510	40c633db-a833-4baf-bfda-f7ac7cdfbb4a	5e6a9b2d-d0fc-49bc-82ee-cf90764c0f80
8bd59807-c814-43dd-85d7-f434e05a772d	L58041	40c633db-a833-4baf-bfda-f7ac7cdfbb4a	f6d2d95e-06af-4e7d-8b30-e12b8af28542
5f16a804-d6b4-4eb0-b69c-82c7234efd8a	DESIRE 816G	3f7e036e-e307-4967-97ea-9b6b3f1f4a7f	f6d2d95e-06af-4e7d-8b30-e12b8af28542
60aeb964-b596-4b6c-9f81-514cf4c39deb	REDMI NOTE 9T	5880d28f-9587-4266-881e-821aa78603e7	f6d2d95e-06af-4e7d-8b30-e12b8af28542
c2a99085-7cf2-40c4-ab9e-f1ab8e8b01fb	REDMI NOTE 11 PRO PLUS 5G	5880d28f-9587-4266-881e-821aa78603e7	f6d2d95e-06af-4e7d-8b30-e12b8af28542
9d481974-e6db-4184-81f9-6c37583fbf8a	SM-A115F	424089c4-3e11-4cf8-ad82-37f1aae8f431	f6d2d95e-06af-4e7d-8b30-e12b8af28542
8ea77a5d-98ff-4edc-80ac-5b1a7804b0d1	MI NOTE 3	5880d28f-9587-4266-881e-821aa78603e7	f6d2d95e-06af-4e7d-8b30-e12b8af28542
eee1eaa0-9ed5-49a1-bc73-4fe60d265556	KIW-L21	0a2fef89-7576-44b6-b77b-a0f5cb9e14da	f6d2d95e-06af-4e7d-8b30-e12b8af28542
848d5984-a540-455b-a17b-535fe9541edd	ALE-L21	906a65af-a1e3-47e4-a7a2-6f12cea5f4a7	f6d2d95e-06af-4e7d-8b30-e12b8af28542
c5bb99af-b45c-4a13-b9d4-00685edeab6b	POCO M3	5880d28f-9587-4266-881e-821aa78603e7	f6d2d95e-06af-4e7d-8b30-e12b8af28542
44dbc9ec-c336-4a90-b1fa-5f44a7b2227b	REDMI NOTE 8 PRO	5880d28f-9587-4266-881e-821aa78603e7	f6d2d95e-06af-4e7d-8b30-e12b8af28542
023f23d7-4e96-4914-989a-778b01dd73a7	LATITUDE 10-ST2	2cb75c5e-1b46-4220-a5bf-c523c81d9baa	5e6a9b2d-d0fc-49bc-82ee-cf90764c0f80
84244c29-18a7-431c-924d-cb046a80a7ea	NOTE 4X	5880d28f-9587-4266-881e-821aa78603e7	f6d2d95e-06af-4e7d-8b30-e12b8af28542
b051d3bb-5af6-4e77-9d3f-c74842772924	X555L	35b5be13-59a3-4b30-9c12-198df7f21a14	5e6a9b2d-d0fc-49bc-82ee-cf90764c0f80
6a5e6126-d59a-4d8e-b0c1-15e13db5bf11	MYA-L22	906a65af-a1e3-47e4-a7a2-6f12cea5f4a7	f6d2d95e-06af-4e7d-8b30-e12b8af28542
a4faa583-5f9a-46ca-b77e-74b163cfc150	N552V	35b5be13-59a3-4b30-9c12-198df7f21a14	5e6a9b2d-d0fc-49bc-82ee-cf90764c0f80
0bba90d8-67ea-486e-badb-f9c6e4e1fd20	3168NGW	3bd08f5c-49b4-4f7a-8914-92d93a22f333	5e6a9b2d-d0fc-49bc-82ee-cf90764c0f80
ce81e0ed-818d-4d5f-aab9-64b1cabadd9e	REDMI 9C	5880d28f-9587-4266-881e-821aa78603e7	f6d2d95e-06af-4e7d-8b30-e12b8af28542
c91cb324-3c51-4ba7-89c0-7986683b6cf9	REDMI NOTE 5A	5880d28f-9587-4266-881e-821aa78603e7	f6d2d95e-06af-4e7d-8b30-e12b8af28542
d8966094-ada3-4f6f-bfe5-78dd6d3e6fe2	ALP-L29	906a65af-a1e3-47e4-a7a2-6f12cea5f4a7	f6d2d95e-06af-4e7d-8b30-e12b8af28542
dc242c03-3a29-410d-ab33-a316775ecbaf	LDN-L21	906a65af-a1e3-47e4-a7a2-6f12cea5f4a7	f6d2d95e-06af-4e7d-8b30-e12b8af28542
25e8a0bb-d454-4c23-bb79-004fc5ab101a	POCO F2 PRO	5880d28f-9587-4266-881e-821aa78603e7	f6d2d95e-06af-4e7d-8b30-e12b8af28542
39bc58ef-631d-4731-9dad-6c207490d33a	K571G	35b5be13-59a3-4b30-9c12-198df7f21a14	5e6a9b2d-d0fc-49bc-82ee-cf90764c0f80
4e7cd5df-ee7a-40e3-9b07-e8260cdc9570	CAN-L11	906a65af-a1e3-47e4-a7a2-6f12cea5f4a7	f6d2d95e-06af-4e7d-8b30-e12b8af28542
12b7b295-c2a6-4559-84bf-28bbbe6a95f5	TP510U	35b5be13-59a3-4b30-9c12-198df7f21a14	f6d2d95e-06af-4e7d-8b30-e12b8af28542
80bd4b77-d948-42dc-8521-68f2dd9efb37	MI 8 SE	5880d28f-9587-4266-881e-821aa78603e7	f6d2d95e-06af-4e7d-8b30-e12b8af28542
07d60045-559a-4f72-b134-9c1298d405fb	0P6B100	3f7e036e-e307-4967-97ea-9b6b3f1f4a7f	f6d2d95e-06af-4e7d-8b30-e12b8af28542
99e08442-709a-426c-991f-9aa05a2f4f1f	K542U	35b5be13-59a3-4b30-9c12-198df7f21a14	5e6a9b2d-d0fc-49bc-82ee-cf90764c0f80
ffcf36d8-e31f-4e47-919c-b00a37e77066	2PST610	3f7e036e-e307-4967-97ea-9b6b3f1f4a7f	f6d2d95e-06af-4e7d-8b30-e12b8af28542
02e1bee7-803d-476e-a12c-3486761f5f27	REDMI 9	5880d28f-9587-4266-881e-821aa78603e7	f6d2d95e-06af-4e7d-8b30-e12b8af28542
2184406a-47f5-47c6-8778-6b34078b2247	DV7-4160EG	3bd08f5c-49b4-4f7a-8914-92d93a22f333	5e6a9b2d-d0fc-49bc-82ee-cf90764c0f80
b0770f15-d3aa-48e5-95bd-78b9a224269f	MI 10T 5G	5880d28f-9587-4266-881e-821aa78603e7	f6d2d95e-06af-4e7d-8b30-e12b8af28542
8524fd98-911e-4dab-9c93-f00dd04ebbf7	ASPIRE F5-573	0c4c7b1c-203c-4804-b272-66bd039c6288	5e6a9b2d-d0fc-49bc-82ee-cf90764c0f80
7c10e04c-216e-476f-ae00-771fc7294dbe	MI NOTE 6 PRO	5880d28f-9587-4266-881e-821aa78603e7	f6d2d95e-06af-4e7d-8b30-e12b8af28542
145b8157-662a-4f0f-8386-af8d0d08b5e8	REDMI NOTE 10	5880d28f-9587-4266-881e-821aa78603e7	f6d2d95e-06af-4e7d-8b30-e12b8af28542
08e52cb0-1878-4ab0-b349-66ba7a9224ee	K012	35b5be13-59a3-4b30-9c12-198df7f21a14	8b436b8d-088a-430c-a72e-bd216804f246
c34bf67a-699b-4b08-ae9e-e6a18b7bdd47	REDMI K50	5880d28f-9587-4266-881e-821aa78603e7	f6d2d95e-06af-4e7d-8b30-e12b8af28542
dd360c4e-ae27-43fb-b02b-c96616cdb195	R542U	35b5be13-59a3-4b30-9c12-198df7f21a14	5e6a9b2d-d0fc-49bc-82ee-cf90764c0f80
69159dff-3cf6-4da7-bfeb-343bf969683e	G531G	35b5be13-59a3-4b30-9c12-198df7f21a14	5e6a9b2d-d0fc-49bc-82ee-cf90764c0f80
67c78849-7427-442b-a696-a63b60f6cc99	2Q4D100	3f7e036e-e307-4967-97ea-9b6b3f1f4a7f	f6d2d95e-06af-4e7d-8b30-e12b8af28542
715c1472-3341-4bf2-bef4-9551485a0053	REDMI NOTE 9S	5880d28f-9587-4266-881e-821aa78603e7	f6d2d95e-06af-4e7d-8b30-e12b8af28542
6aef8db1-1285-4598-8dcf-903fb3ed1548	REDMI NOTE 10 PRO	5880d28f-9587-4266-881e-821aa78603e7	f6d2d95e-06af-4e7d-8b30-e12b8af28542
455e029f-7b91-431d-8c9f-200ce89da649	X541U	35b5be13-59a3-4b30-9c12-198df7f21a14	5e6a9b2d-d0fc-49bc-82ee-cf90764c0f80
b011dc60-c359-4993-8306-e7f317fa3036	POCO X3 GT 5G	5880d28f-9587-4266-881e-821aa78603e7	f6d2d95e-06af-4e7d-8b30-e12b8af28542
33bc464c-f8d3-400b-b82c-a02223e17208	MI NOTE 5	5880d28f-9587-4266-881e-821aa78603e7	f6d2d95e-06af-4e7d-8b30-e12b8af28542
129c37a4-e1a5-46af-a72f-e98873931ab7	PRA-LA1	0a2fef89-7576-44b6-b77b-a0f5cb9e14da	f6d2d95e-06af-4e7d-8b30-e12b8af28542
5e69bd0e-cea6-4104-b67e-d0192d288e07	MI NOTE 10	5880d28f-9587-4266-881e-821aa78603e7	f6d2d95e-06af-4e7d-8b30-e12b8af28542
3fe64d17-33ba-43fe-9f1d-5d240c6b0fe1	JAD-LX9	906a65af-a1e3-47e4-a7a2-6f12cea5f4a7	f6d2d95e-06af-4e7d-8b30-e12b8af28542
b542d569-2167-4321-a84f-e25ae390a160	X550L	35b5be13-59a3-4b30-9c12-198df7f21a14	5e6a9b2d-d0fc-49bc-82ee-cf90764c0f80
6e90a186-bec7-4968-8cc3-079754410c64	ELITE X2	3bd08f5c-49b4-4f7a-8914-92d93a22f333	8b436b8d-088a-430c-a72e-bd216804f246
6efd1d0c-07f8-46e5-a316-038a1e114272	RT3290	3bd08f5c-49b4-4f7a-8914-92d93a22f333	5e6a9b2d-d0fc-49bc-82ee-cf90764c0f80
8b62524b-b702-4ca5-893c-3b8fe78f6611	MI MAX3	5880d28f-9587-4266-881e-821aa78603e7	f6d2d95e-06af-4e7d-8b30-e12b8af28542
ce4d2e60-a379-4113-85e9-0b01606b7eec	N550J	35b5be13-59a3-4b30-9c12-198df7f21a14	5e6a9b2d-d0fc-49bc-82ee-cf90764c0f80
7c619851-4567-423d-b4c2-176eb15cc457	A1661	e078e15a-1f34-4c78-95f7-bc6d2365c53f	f6d2d95e-06af-4e7d-8b30-e12b8af28542
46da3c34-d0d9-45f5-9c8f-43d5230dc8df	REDMI NOTE 9 PRO	5880d28f-9587-4266-881e-821aa78603e7	f6d2d95e-06af-4e7d-8b30-e12b8af28542
4f010a2a-786d-4465-9cd7-0f16886083da	REDMI NOTE 11S	5880d28f-9587-4266-881e-821aa78603e7	f6d2d95e-06af-4e7d-8b30-e12b8af28542
0a14981a-d0d0-4ad1-b424-50bb92dcaf83	REDMI NOTE 8T	5880d28f-9587-4266-881e-821aa78603e7	f6d2d95e-06af-4e7d-8b30-e12b8af28542
a6d6fe96-6ba0-4654-81da-5357f0a04324	REDMI 9A	5880d28f-9587-4266-881e-821aa78603e7	f6d2d95e-06af-4e7d-8b30-e12b8af28542
1f31eb21-b75f-4e4c-a41c-810f449ae65d	SM-G935F	424089c4-3e11-4cf8-ad82-37f1aae8f431	f6d2d95e-06af-4e7d-8b30-e12b8af28542
71c4254b-2d96-4477-9f32-0a006a74e67f	POCO M4 PRO	5880d28f-9587-4266-881e-821aa78603e7	f6d2d95e-06af-4e7d-8b30-e12b8af28542
fbea436d-8e6b-4888-891f-945890138fc6	GEM-L01	906a65af-a1e3-47e4-a7a2-6f12cea5f4a7	8b436b8d-088a-430c-a72e-bd216804f246
764099be-c414-4f32-80eb-bdaf4ec86938	BLACK SHARK 4	5880d28f-9587-4266-881e-821aa78603e7	f6d2d95e-06af-4e7d-8b30-e12b8af28542
130fbe61-bb96-45f0-8836-932b2665616a	FIG-LA1	906a65af-a1e3-47e4-a7a2-6f12cea5f4a7	f6d2d95e-06af-4e7d-8b30-e12b8af28542
134914f6-2563-4567-9e51-45a65370033f	REDMI 9T	5880d28f-9587-4266-881e-821aa78603e7	f6d2d95e-06af-4e7d-8b30-e12b8af28542
f2b96779-2255-4372-abff-baedc4b110d0	SM-J730	424089c4-3e11-4cf8-ad82-37f1aae8f431	f6d2d95e-06af-4e7d-8b30-e12b8af28542
cc22ff8a-b3b6-44ef-8843-5fecae9ea9bc	10G2	3bd08f5c-49b4-4f7a-8914-92d93a22f333	8b436b8d-088a-430c-a72e-bd216804f246
7bd1a3c4-d839-4df3-afb5-7b623c8158fd	MI 9	5880d28f-9587-4266-881e-821aa78603e7	f6d2d95e-06af-4e7d-8b30-e12b8af28542
86c1859c-d3ac-4f11-9cd9-e5d66ba126c1	WAS-LX1A	906a65af-a1e3-47e4-a7a2-6f12cea5f4a7	f6d2d95e-06af-4e7d-8b30-e12b8af28542
45cb81ca-6c40-4cf3-adba-9597a70e389e	ANE-LX1	906a65af-a1e3-47e4-a7a2-6f12cea5f4a7	f6d2d95e-06af-4e7d-8b30-e12b8af28542
95eae086-d7e0-4335-8dc8-eb2220fddae5	POCO M3 PRO 5G	5880d28f-9587-4266-881e-821aa78603e7	f6d2d95e-06af-4e7d-8b30-e12b8af28542
b2abc414-e579-4d4b-afb6-042a6704d7b0	REDMI NOTE 9	5880d28f-9587-4266-881e-821aa78603e7	f6d2d95e-06af-4e7d-8b30-e12b8af28542
08a296a1-5bf3-437a-84f9-a17e83bfba22	JKM-LX1	906a65af-a1e3-47e4-a7a2-6f12cea5f4a7	f6d2d95e-06af-4e7d-8b30-e12b8af28542
d13a2b38-5751-48b5-a240-bbf1c6cc3221	MI A2 LITE	5880d28f-9587-4266-881e-821aa78603e7	f6d2d95e-06af-4e7d-8b30-e12b8af28542
f3304f90-2e06-4bb2-94d1-f288a6c517f0	11T	5880d28f-9587-4266-881e-821aa78603e7	f6d2d95e-06af-4e7d-8b30-e12b8af28542
228fdd0e-8bc0-4855-bf36-21c0b51a0871	STK-L21	906a65af-a1e3-47e4-a7a2-6f12cea5f4a7	f6d2d95e-06af-4e7d-8b30-e12b8af28542
2b624ac2-2b5d-4a9d-9208-ecc54fb9fb37	MI 10 LITE 5G	5880d28f-9587-4266-881e-821aa78603e7	f6d2d95e-06af-4e7d-8b30-e12b8af28542
1851f263-9c7d-4b63-b7c8-204f50eddd85	K541U	35b5be13-59a3-4b30-9c12-198df7f21a14	5e6a9b2d-d0fc-49bc-82ee-cf90764c0f80
6e54114e-a429-4fed-a61c-d96427e6c036	MI 11 LITE	5880d28f-9587-4266-881e-821aa78603e7	f6d2d95e-06af-4e7d-8b30-e12b8af28542
80a964f6-f2a3-486f-8163-5ffe371b59e7	REDMI NOTE 11 PRO 5G	5880d28f-9587-4266-881e-821aa78603e7	f6d2d95e-06af-4e7d-8b30-e12b8af28542
00332160-22e0-43fb-8681-6f8659eeaf5c	YT3-850M	40c633db-a833-4baf-bfda-f7ac7cdfbb4a	f6d2d95e-06af-4e7d-8b30-e12b8af28542
3049d7a5-a107-47eb-a4df-045118d1e305	VTR-L29	906a65af-a1e3-47e4-a7a2-6f12cea5f4a7	f6d2d95e-06af-4e7d-8b30-e12b8af28542
b17f3fd6-4d71-4ce3-a46f-242ab151bdb0	P7-L01	906a65af-a1e3-47e4-a7a2-6f12cea5f4a7	f6d2d95e-06af-4e7d-8b30-e12b8af28542
324a34a7-5cbe-41d5-ad5e-46d1b38a3989	MI A3	5880d28f-9587-4266-881e-821aa78603e7	f6d2d95e-06af-4e7d-8b30-e12b8af28542
64313c1b-2fa2-4ede-a092-e9ce3e343543	X554L	35b5be13-59a3-4b30-9c12-198df7f21a14	5e6a9b2d-d0fc-49bc-82ee-cf90764c0f80
32b620ee-f469-433b-8d91-015147ff7963	0PMG200	3f7e036e-e307-4967-97ea-9b6b3f1f4a7f	f6d2d95e-06af-4e7d-8b30-e12b8af28542
f40e2ffc-6666-40fe-859d-9fe72f0b9348	REDMI NOTE 8	5880d28f-9587-4266-881e-821aa78603e7	f6d2d95e-06af-4e7d-8b30-e12b8af28542
f427047e-9e3a-4ec1-8f31-8f62e878a659	YAL-L21	906a65af-a1e3-47e4-a7a2-6f12cea5f4a7	f6d2d95e-06af-4e7d-8b30-e12b8af28542
d3383a00-fcf2-4288-b70e-38c6a00f1f25	RNE-L21	906a65af-a1e3-47e4-a7a2-6f12cea5f4a7	f6d2d95e-06af-4e7d-8b30-e12b8af28542
5b2ab737-1666-4782-9864-29e870c284e0	G510-0200	906a65af-a1e3-47e4-a7a2-6f12cea5f4a7	f6d2d95e-06af-4e7d-8b30-e12b8af28542
43cf8b82-3931-4dd9-a8cd-258611de44d6	F3311	f6985faf-c878-4ca4-8283-f93f44fc3343	f6d2d95e-06af-4e7d-8b30-e12b8af28542
4b6ff702-52ef-4cb1-9415-aff1920a4718	BKK-LX2	0a2fef89-7576-44b6-b77b-a0f5cb9e14da	f6d2d95e-06af-4e7d-8b30-e12b8af28542
3d6485c5-37c9-4e40-811b-141a79066302	MT7-TL10	906a65af-a1e3-47e4-a7a2-6f12cea5f4a7	f6d2d95e-06af-4e7d-8b30-e12b8af28542
0e50fdca-b828-45f3-9aed-db1df0fea04a	VNS-L21	906a65af-a1e3-47e4-a7a2-6f12cea5f4a7	f6d2d95e-06af-4e7d-8b30-e12b8af28542
44e16a39-5a15-41bb-b877-248888ce1d01	T1-701U	906a65af-a1e3-47e4-a7a2-6f12cea5f4a7	f6d2d95e-06af-4e7d-8b30-e12b8af28542
75e535ab-0f70-4e1d-b142-1501bed09e90	JNY-LX1	906a65af-a1e3-47e4-a7a2-6f12cea5f4a7	f6d2d95e-06af-4e7d-8b30-e12b8af28542
8aa734ec-616e-4b9c-a9c9-f465adead6ea	MAR-LX1M	906a65af-a1e3-47e4-a7a2-6f12cea5f4a7	f6d2d95e-06af-4e7d-8b30-e12b8af28542
8240507e-c05d-48fe-8d50-8b0c4f173c4d	Y635-L21	906a65af-a1e3-47e4-a7a2-6f12cea5f4a7	f6d2d95e-06af-4e7d-8b30-e12b8af28542
08802e88-f088-465c-8775-0a5a30ce8b75	POCO X3 PRO	5880d28f-9587-4266-881e-821aa78603e7	f6d2d95e-06af-4e7d-8b30-e12b8af28542
dc5d738d-4ecb-4ec2-ab62-635ca66270a5	0PK7110	3f7e036e-e307-4967-97ea-9b6b3f1f4a7f	f6d2d95e-06af-4e7d-8b30-e12b8af28542
58ebecca-0647-4aa5-9913-dc32bc49473d	E5-571G	0c4c7b1c-203c-4804-b272-66bd039c6288	5e6a9b2d-d0fc-49bc-82ee-cf90764c0f80
7f8cb494-0368-4954-84f6-c60370278798	SM-A107F	424089c4-3e11-4cf8-ad82-37f1aae8f431	5e6a9b2d-d0fc-49bc-82ee-cf90764c0f80
e7c27e38-b9af-4762-8dfc-b08a3c51c78c	SM-A107F	424089c4-3e11-4cf8-ad82-37f1aae8f431	f6d2d95e-06af-4e7d-8b30-e12b8af28542
cmqnnw55t0001mnpmy33ttfs6	dg200	f5e98d9d-4c07-47ec-960c-e31590ae563e	dc768865-4091-447a-b080-914782467863
cmqnnxopo0002mnpmrh71m8vs	edge 30	f2337673-7381-4cb3-87a3-eda8d08fb6fb	f6d2d95e-06af-4e7d-8b30-e12b8af28542
cmqno2lwg0005mnpm73sk63ew	edge 20 pro	f2337673-7381-4cb3-87a3-eda8d08fb6fb	f6d2d95e-06af-4e7d-8b30-e12b8af28542
cmqno6khi0008mnpmhzrw5s55	iphone 11	e078e15a-1f34-4c78-95f7-bc6d2365c53f	f6d2d95e-06af-4e7d-8b30-e12b8af28542
cmqnomq9w000cmnpm5cikk7f1	13 promax	e078e15a-1f34-4c78-95f7-bc6d2365c53f	f6d2d95e-06af-4e7d-8b30-e12b8af28542
cmqnooxfc000dmnpmz57szaeu	iphone 13 promax	e078e15a-1f34-4c78-95f7-bc6d2365c53f	f6d2d95e-06af-4e7d-8b30-e12b8af28542
cmqowcmpr000fmnpmk38jle5h	moto g54	f2337673-7381-4cb3-87a3-eda8d08fb6fb	f6d2d95e-06af-4e7d-8b30-e12b8af28542
cmr0mn35v001d3opmbr4lbtjq	iphone 6s	e078e15a-1f34-4c78-95f7-bc6d2365c53f	f6d2d95e-06af-4e7d-8b30-e12b8af28542
cmr0ntt8q00213opmcgzhqki9	iphone 7	e078e15a-1f34-4c78-95f7-bc6d2365c53f	f6d2d95e-06af-4e7d-8b30-e12b8af28542
cmr0nu9w000223opm38rp4i30	iphone 8	e078e15a-1f34-4c78-95f7-bc6d2365c53f	f6d2d95e-06af-4e7d-8b30-e12b8af28542
cmr0nuh4r00233opmk92dpc6b	iphone x	e078e15a-1f34-4c78-95f7-bc6d2365c53f	f6d2d95e-06af-4e7d-8b30-e12b8af28542
cmr0nuqow00243opmnv0v4zvu	iphone xs	e078e15a-1f34-4c78-95f7-bc6d2365c53f	f6d2d95e-06af-4e7d-8b30-e12b8af28542
cmr0nv09200253opmb2trq4jb	iphone xs max	e078e15a-1f34-4c78-95f7-bc6d2365c53f	f6d2d95e-06af-4e7d-8b30-e12b8af28542
cmr0nv95y00263opmrsqc85lm	iphone se 2016	e078e15a-1f34-4c78-95f7-bc6d2365c53f	f6d2d95e-06af-4e7d-8b30-e12b8af28542
cmr0nvu3n00273opmvm718qlc	iphone se 2020/2022	e078e15a-1f34-4c78-95f7-bc6d2365c53f	f6d2d95e-06af-4e7d-8b30-e12b8af28542
cmr0nw8g400283opm8utv2x9u	iphone 11 pro	e078e15a-1f34-4c78-95f7-bc6d2365c53f	f6d2d95e-06af-4e7d-8b30-e12b8af28542
cmr0nx28g00293opmyjw68cqr	iphone 11 pro max	e078e15a-1f34-4c78-95f7-bc6d2365c53f	f6d2d95e-06af-4e7d-8b30-e12b8af28542
cmr0nxbfl002a3opmdoc459ss	iphone 12	e078e15a-1f34-4c78-95f7-bc6d2365c53f	f6d2d95e-06af-4e7d-8b30-e12b8af28542
cmr0nxjn2002b3opmwhvmdnvl	iphone 12 mini	e078e15a-1f34-4c78-95f7-bc6d2365c53f	f6d2d95e-06af-4e7d-8b30-e12b8af28542
cmr0nxvfi002c3opmougrsc5g	iphone 12 pro	e078e15a-1f34-4c78-95f7-bc6d2365c53f	f6d2d95e-06af-4e7d-8b30-e12b8af28542
cmr0ny6cg002d3opmq3rktxlp	iphone 13 pro	e078e15a-1f34-4c78-95f7-bc6d2365c53f	f6d2d95e-06af-4e7d-8b30-e12b8af28542
cmr0nyjmb002e3opmvxdee9qo	iphone 15 pro max	e078e15a-1f34-4c78-95f7-bc6d2365c53f	f6d2d95e-06af-4e7d-8b30-e12b8af28542
cmr0nzxtx002f3opmzzgr30dl	samsung s10	424089c4-3e11-4cf8-ad82-37f1aae8f431	f6d2d95e-06af-4e7d-8b30-e12b8af28542
cmr0o0a1b002g3opmh13sf0d8	samsung s21 ultra	424089c4-3e11-4cf8-ad82-37f1aae8f431	f6d2d95e-06af-4e7d-8b30-e12b8af28542
cmr0o1zzk002h3opmk7496p84	samsung s23 fe	424089c4-3e11-4cf8-ad82-37f1aae8f431	f6d2d95e-06af-4e7d-8b30-e12b8af28542
cmr0o2obp002i3opmzqfdbhkm	samsung s24 5g	424089c4-3e11-4cf8-ad82-37f1aae8f431	f6d2d95e-06af-4e7d-8b30-e12b8af28542
cmr0o2xvy002j3opm0hegedy0	samsung s24 fe	424089c4-3e11-4cf8-ad82-37f1aae8f431	f6d2d95e-06af-4e7d-8b30-e12b8af28542
cmr0o3mzf002k3opmxo8kxw7y	samsung a26	424089c4-3e11-4cf8-ad82-37f1aae8f431	f6d2d95e-06af-4e7d-8b30-e12b8af28542
cmr0omfwa002l3opmc088a6cj	samsung m01	424089c4-3e11-4cf8-ad82-37f1aae8f431	f6d2d95e-06af-4e7d-8b30-e12b8af28542
cmr0omq22002m3opmel9t1rww	samsung m31	424089c4-3e11-4cf8-ad82-37f1aae8f431	f6d2d95e-06af-4e7d-8b30-e12b8af28542
cmr0on06w002n3opmhptqyguc	samsung m32	424089c4-3e11-4cf8-ad82-37f1aae8f431	f6d2d95e-06af-4e7d-8b30-e12b8af28542
cmr0onxqj002o3opm45jgu6h3	samsung note 5 5g	424089c4-3e11-4cf8-ad82-37f1aae8f431	f6d2d95e-06af-4e7d-8b30-e12b8af28542
cmr0oonf7002p3opmwtnk8z4r	samsung note 8	424089c4-3e11-4cf8-ad82-37f1aae8f431	f6d2d95e-06af-4e7d-8b30-e12b8af28542
cmr0oox63002q3opmn6rs1wx4	samsung note 8 pro	424089c4-3e11-4cf8-ad82-37f1aae8f431	f6d2d95e-06af-4e7d-8b30-e12b8af28542
cmr0opaej002r3opm5o81tbct	samsung note 8t	424089c4-3e11-4cf8-ad82-37f1aae8f431	f6d2d95e-06af-4e7d-8b30-e12b8af28542
cmr0opoh8002s3opmop1t0zwj	samsung note 10 plus	424089c4-3e11-4cf8-ad82-37f1aae8f431	f6d2d95e-06af-4e7d-8b30-e12b8af28542
cmr0oq0h0002t3opmarmco5nl	samsung note10 pro max	424089c4-3e11-4cf8-ad82-37f1aae8f431	f6d2d95e-06af-4e7d-8b30-e12b8af28542
cmr0oq9w4002u3opm30t407da	samsung note 11 4g	424089c4-3e11-4cf8-ad82-37f1aae8f431	f6d2d95e-06af-4e7d-8b30-e12b8af28542
cmr0oqnfk002v3opmi4wyve6v	samsung note 11s	424089c4-3e11-4cf8-ad82-37f1aae8f431	f6d2d95e-06af-4e7d-8b30-e12b8af28542
cmr0oqzdd002w3opmm2behvfh	samsung note 11 pro plus	424089c4-3e11-4cf8-ad82-37f1aae8f431	f6d2d95e-06af-4e7d-8b30-e12b8af28542
cmr0or86f002x3opmanbeuy3e	samsung note 12 4g	424089c4-3e11-4cf8-ad82-37f1aae8f431	f6d2d95e-06af-4e7d-8b30-e12b8af28542
cmr0orj7i002y3opmpleqr0pz	samsung note 12 pro 4g	424089c4-3e11-4cf8-ad82-37f1aae8f431	f6d2d95e-06af-4e7d-8b30-e12b8af28542
cmr0ory2s002z3opmdofphigl	samsung note 12 pro 5g	424089c4-3e11-4cf8-ad82-37f1aae8f431	f6d2d95e-06af-4e7d-8b30-e12b8af28542
cmr0osdgq00303opmabwbh04t	samsung note 12 pro plus	424089c4-3e11-4cf8-ad82-37f1aae8f431	f6d2d95e-06af-4e7d-8b30-e12b8af28542
cmr0osn8600313opmfrk0lza2	samsung note 12 s	424089c4-3e11-4cf8-ad82-37f1aae8f431	f6d2d95e-06af-4e7d-8b30-e12b8af28542
cmr0osz2e00323opmwoiqq5tm	samsung note 12 5g	424089c4-3e11-4cf8-ad82-37f1aae8f431	f6d2d95e-06af-4e7d-8b30-e12b8af28542
cmr0ot6y900333opm142bhp5x	samsung note 13 pro	424089c4-3e11-4cf8-ad82-37f1aae8f431	f6d2d95e-06af-4e7d-8b30-e12b8af28542
cmr0otgpg00343opmg9daf0sc	samsung note 13 pro plus	424089c4-3e11-4cf8-ad82-37f1aae8f431	f6d2d95e-06af-4e7d-8b30-e12b8af28542
cmr0oty7d00353opmhyjumwe5	samsung note 14	424089c4-3e11-4cf8-ad82-37f1aae8f431	f6d2d95e-06af-4e7d-8b30-e12b8af28542
cmr0ouaig00363opm89nx91ui	samsung note 14 4g	424089c4-3e11-4cf8-ad82-37f1aae8f431	f6d2d95e-06af-4e7d-8b30-e12b8af28542
cmr0ova5x00373opm5oobbeak	samsung note 14 pro 5g	424089c4-3e11-4cf8-ad82-37f1aae8f431	f6d2d95e-06af-4e7d-8b30-e12b8af28542
cmr0ovrbd00383opm40bsgc3w	samsung note 14 pro plus 5g	424089c4-3e11-4cf8-ad82-37f1aae8f431	f6d2d95e-06af-4e7d-8b30-e12b8af28542
cmr0owecx00393opm20y6bkjx	samsung galaxy tab t515	424089c4-3e11-4cf8-ad82-37f1aae8f431	f6d2d95e-06af-4e7d-8b30-e12b8af28542
cmr0owngt003a3opmwbvh51s4	samsung galaxy tab t865	424089c4-3e11-4cf8-ad82-37f1aae8f431	f6d2d95e-06af-4e7d-8b30-e12b8af28542
cmr0ox8e7003b3opmfp8cvtx6	samsung galaxy tab a t295	424089c4-3e11-4cf8-ad82-37f1aae8f431	f6d2d95e-06af-4e7d-8b30-e12b8af28542
cmr0q2id600403opm0f0gvxyj	samsung note 10 pro max	424089c4-3e11-4cf8-ad82-37f1aae8f431	f6d2d95e-06af-4e7d-8b30-e12b8af28542
cmr0vbhk3004r3opmxwdv7113	mi 12x	5880d28f-9587-4266-881e-821aa78603e7	f6d2d95e-06af-4e7d-8b30-e12b8af28542
cmr0vdfzj004t3opm94it4yjo	mi 14pro	5880d28f-9587-4266-881e-821aa78603e7	f6d2d95e-06af-4e7d-8b30-e12b8af28542
cmr0wc83b00543opmuujpaxp9	mi 14t pro	5880d28f-9587-4266-881e-821aa78603e7	f6d2d95e-06af-4e7d-8b30-e12b8af28542
cmr0x21hu005g3opmwwjuyyuh	redmi note15 5g	5880d28f-9587-4266-881e-821aa78603e7	f6d2d95e-06af-4e7d-8b30-e12b8af28542
cmr0xr767005q3opmrnms5nyh	POCO F6	5880d28f-9587-4266-881e-821aa78603e7	f6d2d95e-06af-4e7d-8b30-e12b8af28542
cmr1z76zw006e3opmpbho609o	iphone 12 pro max	e078e15a-1f34-4c78-95f7-bc6d2365c53f	f6d2d95e-06af-4e7d-8b30-e12b8af28542
cmr1z9lbu006h3opmwsgjc2uu	iphone 13	e078e15a-1f34-4c78-95f7-bc6d2365c53f	f6d2d95e-06af-4e7d-8b30-e12b8af28542
cmr1zbqif006i3opml0ih3b85	iphone 16 pro max	e078e15a-1f34-4c78-95f7-bc6d2365c53f	f6d2d95e-06af-4e7d-8b30-e12b8af28542
cmr1znv2o006m3opmeskgf5sx	samsung s7 edge	424089c4-3e11-4cf8-ad82-37f1aae8f431	f6d2d95e-06af-4e7d-8b30-e12b8af28542
cmr1zo8bu006n3opmwiixvmb2	samsung  s8	424089c4-3e11-4cf8-ad82-37f1aae8f431	f6d2d95e-06af-4e7d-8b30-e12b8af28542
cmr1zolfj006o3opmjy8nvrq9	samsung  s8 plus	424089c4-3e11-4cf8-ad82-37f1aae8f431	f6d2d95e-06af-4e7d-8b30-e12b8af28542
cmr1zp8x7006p3opmeks0xgyo	samsung a54 5g	424089c4-3e11-4cf8-ad82-37f1aae8f431	f6d2d95e-06af-4e7d-8b30-e12b8af28542
cmr1zpwdn006q3opm5ema5wg0	samsung galaxy j7 2016	424089c4-3e11-4cf8-ad82-37f1aae8f431	f6d2d95e-06af-4e7d-8b30-e12b8af28542
cmr2015b8006x3opm9ribiq23	xiaomi mi 12 5g	5880d28f-9587-4266-881e-821aa78603e7	f6d2d95e-06af-4e7d-8b30-e12b8af28542
cmr201nrm006y3opm42qe7jr1	xiaomi mi 13t 5g	5880d28f-9587-4266-881e-821aa78603e7	f6d2d95e-06af-4e7d-8b30-e12b8af28542
cmr202hdt006z3opm54fxjxzy	redmi note 11 4g	5880d28f-9587-4266-881e-821aa78603e7	f6d2d95e-06af-4e7d-8b30-e12b8af28542
cmr206mnr00733opm5paxtatx	motorola g60	f2337673-7381-4cb3-87a3-eda8d08fb6fb	f6d2d95e-06af-4e7d-8b30-e12b8af28542
cmr207b9p00743opm8jp79tia	motorola one hyper	f2337673-7381-4cb3-87a3-eda8d08fb6fb	f6d2d95e-06af-4e7d-8b30-e12b8af28542
cmrc4p12z007f3opm9wmfhbll	poco m7 pro	5880d28f-9587-4266-881e-821aa78603e7	f6d2d95e-06af-4e7d-8b30-e12b8af28542
cmrji71v20002erpmjh77lrjw	Sam S20 ultra	424089c4-3e11-4cf8-ad82-37f1aae8f431	f6d2d95e-06af-4e7d-8b30-e12b8af28542
cmrjjf4d3000eerpm5b2sk7jm	Moto g51	f2337673-7381-4cb3-87a3-eda8d08fb6fb	f6d2d95e-06af-4e7d-8b30-e12b8af28542
cmrjjgqrd000ferpmnafdh914	Nokia 8	b7429b3e-e021-45ea-93f7-bb4f0461cf79	f6d2d95e-06af-4e7d-8b30-e12b8af28542
cmrjjhabn000gerpmosqnzfnk	Y6 2019	906a65af-a1e3-47e4-a7a2-6f12cea5f4a7	f6d2d95e-06af-4e7d-8b30-e12b8af28542
cmrjji8m3000herpmywq5r8cc	Poco pad7	5880d28f-9587-4266-881e-821aa78603e7	8b436b8d-088a-430c-a72e-bd216804f246
cmrjjob3c000lerpmtmm4ww0n	K40 gaming	5880d28f-9587-4266-881e-821aa78603e7	f6d2d95e-06af-4e7d-8b30-e12b8af28542
cmrjjr0ie000nerpm31voqvro	Moto g84	f2337673-7381-4cb3-87a3-eda8d08fb6fb	f6d2d95e-06af-4e7d-8b30-e12b8af28542
cmrjkgc18000werpmyhq0nm58	Nova 7i	906a65af-a1e3-47e4-a7a2-6f12cea5f4a7	f6d2d95e-06af-4e7d-8b30-e12b8af28542
cmrjkpqf40010erpmvwwt5rj3	Moto g30	f2337673-7381-4cb3-87a3-eda8d08fb6fb	f6d2d95e-06af-4e7d-8b30-e12b8af28542
\.


--
-- Data for Name: PartCategory; Type: TABLE DATA; Schema: public; Owner: price_user
--

COPY public."PartCategory" (id, name) FROM stdin;
pc001	باتری
pc002	ال‌سی‌دی
pc003	شارژر
pc004	درب پشت
pc005	اسپیکر
pc006	میکروفون
pc007	دوربین
pc008	برد
\.


--
-- Data for Name: Price; Type: TABLE DATA; Schema: public; Owner: price_user
--

COPY public."Price" (id, "modelId", "partCategoryId", "copy2Price", "copy1Price", "originalPrice", notes, "updatedAt", "createdAt") FROM stdin;
cmqdwjvb70001svpmpilindht	5a8cfd7a-7e0d-4148-a3b6-fc4c233c6337	pc004	550000	1460000	1980000	\N	2026-06-14 14:52:46.188	2026-06-14 14:51:25.891
cmqdydd730002svpmdvcnp9qn	0de1d51f-fb6d-4ad3-9a06-717e88686824	pc002	1700000	2300000	3280000	\N	2026-06-14 15:45:58.413	2026-06-14 15:42:21.711
cmqnld8hj00080rpmmsqkq5zl	764099be-c414-4f32-80eb-bdaf4ec86938	pc001	\N	\N	12000000	\N	2026-06-30 11:12:09.106	2026-06-21 09:36:02.359
cmqnhvdjt00010rpmblnb1ian	1ef2d8a5-5828-4fde-94cf-0733ab0453cb	pc004	600	1200000	1980000	\N	2026-06-21 07:58:10.265	2026-06-21 07:58:10.265
cmqnhypix00020rpmt8r7ryf7	adb30cd2-4b05-4a00-acf5-cecc928b7b42	pc001	2900000	3750000	4320000	\N	2026-06-21 08:00:45.753	2026-06-21 08:00:45.753
cmqni09td00030rpmcm3wnp4w	dc67a7cb-a208-46d2-9e57-563593598a01	pc002	2900000	11300000	13850000	\N	2026-06-21 08:01:58.705	2026-06-21 08:01:58.705
cmqnin8ju00040rpm2y916yul	9596acea-546c-44ea-8817-24b44137f7c6	pc002	1500000	3350000	5980000	\N	2026-06-21 08:19:50.154	2026-06-21 08:19:50.154
cmqnip1mt00050rpm8jxms4ab	9596acea-546c-44ea-8817-24b44137f7c6	pc003	1470000	850000	500000	\N	2026-06-21 08:21:14.501	2026-06-21 08:21:14.501
cmqnjnn4i00070rpmp4jfkr8n	39482651-44cb-4ec5-b3d5-2c042e4248c3	pc001	1100000	1780000	2440000	\N	2026-06-21 08:48:08.658	2026-06-21 08:48:08.658
cmqnlefg100090rpmv9jw6otr	63d63e10-ba14-4189-9a73-c3abf7a5151d	pc002	2900000	7500000	9880000	\N	2026-06-21 09:36:58.033	2026-06-21 09:36:58.033
cmqnlf68s000a0rpm9fbss16y	cb093b09-738e-44af-860a-d9a70de68767	pc001	2500000	2980000	3820000	\N	2026-06-21 09:37:32.764	2026-06-21 09:37:32.764
cmqnn611z000b0rpmkrpp0f1s	10fb913c-0a48-4d89-ab82-dd3867ef423b	pc002	1400000	2560000	3980000	\N	2026-06-21 10:26:43.695	2026-06-21 10:26:25.367
cmqnn8e92000c0rpm71qr3hvn	ddfafd5e-80f2-4640-a5be-3cc689ec4a1d	pc001	2500000	2880000	3950000	\N	2026-06-21 10:28:15.782	2026-06-21 10:28:15.782
cmqnnoxwx000f0rpm22nxe0my	bc620b04-5d0b-45d6-9417-6dc693b8d9ae	pc002	2800000	12400000	15380000	\N	2026-06-21 10:41:07.761	2026-06-21 10:41:07.761
cmqnnq8r2000g0rpm62d59sec	d5347f7e-591d-4d86-9f70-d2cb4ef8da10	pc002	1800000	2450000	4480000	\N	2026-06-21 10:42:08.462	2026-06-21 10:42:08.462
cmqnnsbcw000h0rpmkdnc65sz	4f5dc218-9b62-4f3f-9b4a-da6d9c07067e	pc004	900000	1540000	1950000	\N	2026-06-21 10:43:45.152	2026-06-21 10:43:45.152
cmqnnvlrd0000mnpmussdym0a	b9180073-e5b5-481d-9321-f0b5b4e3899a	pc004	500000	1350000	\N	\N	2026-06-21 10:46:18.601	2026-06-21 10:46:18.601
cmqnnz8hj0004mnpm8lx6jqao	49ee135c-8e57-470b-9e4d-63d8623db894	pc001	1600000	2200000	2980000	\N	2026-06-21 10:49:08.023	2026-06-21 10:49:08.023
cmqno5dle0007mnpmbl1ydzya	08cfb72f-af8f-4a97-8cc0-d88fbf09dd6d	pc004	500	1250000	1900000	\N	2026-06-21 10:53:54.578	2026-06-21 10:53:54.578
cmqno7y4v0009mnpmrrk4gl8o	cmqno6khi0008mnpmhzrw5s55	pc001	2500000	3550000	4790000	\N	2026-06-21 10:55:54.511	2026-06-21 10:55:54.511
cmqnokshj000amnpmxc8e8xfv	32c40edc-6f8c-4928-ab47-32744f846ebc	pc002	1800000	3250000	4580000	\N	2026-06-21 11:05:53.719	2026-06-21 11:05:53.719
cmqowdbx1000gmnpmb782mmyy	cmqowcmpr000fmnpmk38jle5h	pc001	2800000	3220000	4850000	\N	2026-06-22 07:31:48.757	2026-06-22 07:31:48.757
cmqp0qdxr000jmnpmtxp41x1j	44dbc9ec-c336-4a90-b1fa-5f44a7b2227b	pc004	500000	890000	1210000	\N	2026-06-22 09:33:56.367	2026-06-22 09:33:56.367
cmqp0r4k1000kmnpmkvy2x5mg	44dbc9ec-c336-4a90-b1fa-5f44a7b2227b	pc002	1900000	3250000	4480000	\N	2026-06-22 09:34:30.865	2026-06-22 09:34:30.865
cmqnjmqqd00060rpmu2lv8eaf	39482651-44cb-4ec5-b3d5-2c042e4248c3	pc002	1800000	2580000	3920000	\N	2026-06-22 09:35:23.265	2026-06-21 08:47:26.678
cmqno3z710006mnpmem0om6gh	dfe0e8ea-6562-4e67-824f-6e708e596ff5	pc002	1950000	2950000	4200000	\N	2026-06-30 17:02:09.873	2026-06-21 10:52:49.261
cmr0kwl7v000d3opmy9epugx9	81c459fe-dd4b-4766-a289-05b412b2a4ac	pc001	1300000	1800000	2500000	\N	2026-06-30 11:44:05.995	2026-06-30 11:44:05.995
cmqg9zln70004svpmlugxexm2	b9180073-e5b5-481d-9321-f0b5b4e3899a	pc001	1100000	1700000	2700000	\N	2026-06-30 11:06:54.004	2026-06-16 06:43:07.219
cmqgab7580005svpmuhmi5zyg	3c102989-2573-45c8-9480-1b2a1d3fecb6	pc001	900000	1500000	2100000	\N	2026-06-30 11:07:49.115	2026-06-16 06:52:08.3
cmqganjc00006svpmkwlm4nsg	bd54d59d-3764-4ca7-a48e-c88224dfb594	pc001	1000000	1600000	2200000	\N	2026-06-30 11:08:43.689	2026-06-16 07:01:43.968
cmqnhrqjg00000rpms8sxlnon	f2b96779-2255-4372-abff-baedc4b110d0	pc001	500000	900000	1400000	دستگاه از روی ال سی دی باز میشود ریسک شکست و اجرت بیشتر	2026-06-30 11:10:02.184	2026-06-21 07:55:20.476
cmqnny4750003mnpmedsnef5u	97a713b3-7d32-41c1-b8e3-eda78ac6c4b9	pc001	1000000	1600000	2200000	\N	2026-06-30 11:15:47.213	2026-06-21 10:48:15.81
cmr0k4tve00003opm0q0ht526	9596acea-546c-44ea-8817-24b44137f7c6	pc001	900000	1700000	2600000	\N	2026-06-30 11:22:30.843	2026-06-30 11:22:30.843
cmr0kdcfg00013opmhe5vi14z	f51836bc-6dba-4585-8253-000a9c50bfc9	pc001	1800000	2800000	3800000	\N	2026-06-30 11:29:08.14	2026-06-30 11:29:08.14
cmr0ke5ew00023opmeqo066he	2c764300-4980-4dff-b34f-a8cb69cceede	pc001	2500000	3200000	4300000	\N	2026-06-30 11:29:45.704	2026-06-30 11:29:45.704
cmr0kh31700033opmhypx02cb	2cd2d5f7-b9dc-4f17-b36e-ffd31936ad4e	pc001	3500000	4700000	5900000	\N	2026-06-30 11:32:02.587	2026-06-30 11:32:02.587
cmr0kk3o700043opmiap6u8uw	e6d26c1a-f039-4ea4-911f-2a9ee5b959ff	pc001	1300000	1700000	2500000	\N	2026-06-30 11:34:23.383	2026-06-30 11:34:23.383
cmr0klect00053opmf1n6rymu	c5b4f615-30ec-4ba1-b541-b9e1128e379e	pc001	1600000	2600000	3500000	\N	2026-06-30 11:35:23.885	2026-06-30 11:35:23.885
cmr0kmhw200063opmua03i7uy	3d89200f-2669-4c09-9dc2-cc6f434476e6	pc001	2600000	3700000	4500000	\N	2026-06-30 11:36:15.122	2026-06-30 11:36:15.122
cmr0knf6n00073opmh2ceeogb	53001eb0-0a75-489d-9ddf-9dd562635029	pc001	1000000	1400000	1900000	\N	2026-06-30 11:36:58.271	2026-06-30 11:36:58.271
cmr0kpg3f00083opm1jz38ks6	4be349bc-3d35-4281-b45c-d73ace6a25e1	pc001	1000000	1400000	1900000	\N	2026-06-30 11:38:32.763	2026-06-30 11:38:32.763
cmr0kq5tb00093opmw6l2oaxb	74ea05fc-7500-4598-a946-6dd5e2d0678d	pc001	1100000	1600000	2100000	\N	2026-06-30 11:39:06.095	2026-06-30 11:39:06.095
cmr0kqw49000a3opm53wcdutk	5cf8c209-4cf3-4460-936a-1cfd64474f27	pc001	1300000	1800000	2500000	\N	2026-06-30 11:39:40.185	2026-06-30 11:39:40.185
cmr0krmrt000b3opmmhi670bb	14c47e09-83fe-49bf-916d-79ce89ff8530	pc001	1200000	1800000	2500000	\N	2026-06-30 11:40:14.729	2026-06-30 11:40:14.729
cmr0ktjd7000c3opmoqjnrk82	63909f60-e79b-4115-87e7-be9e80527e2b	pc001	1400000	1900000	2700000	\N	2026-06-30 11:41:43.627	2026-06-30 11:41:43.627
cmqouwv88000emnpmcgrqrbb2	6736984b-2838-4d33-af05-e9396594d29a	pc001	1200000	1700000	2300000	\N	2026-06-30 11:42:09.699	2026-06-22 06:51:01.016
cmr0kyjk4000e3opm1ysk5bgm	66d986d4-fe49-4a5b-8d10-6dc972a07b37	pc001	\N	1900000	2750000	\N	2026-06-30 11:45:37.156	2026-06-30 11:45:37.156
cmr0kzw2k000f3opmuyx59z1x	84db1ba1-ff03-41e6-98c2-6806b88155bf	pc001	1300000	2100000	3200000	\N	2026-06-30 11:46:40.028	2026-06-30 11:46:40.028
cmr0l15jp000g3opmkflhy0iu	95bd1420-5ca8-4f7c-81e5-57612168f6c5	pc001	700000	1200000	1800000	\N	2026-06-30 11:47:38.965	2026-06-30 11:47:38.965
cmqp0pqfp000imnpm2u3f4fcd	6736984b-2838-4d33-af05-e9396594d29a	pc002	3950000	13380000	15950000	\N	2026-06-30 12:53:30.947	2026-06-22 09:33:25.909
cmqnncuhb000d0rpm3qiqljxv	08cfb72f-af8f-4a97-8cc0-d88fbf09dd6d	pc002	2700000	15500000	19480000	\N	2026-06-30 12:55:04.426	2026-06-21 10:31:43.439
cmqnnukmq000i0rpmyeie9agn	f1a67b61-459d-46bb-9bb6-81c6d863453a	pc002	3900000	9540000	12240000	\N	2026-06-30 12:58:10.725	2026-06-21 10:45:30.482
cmqp0wiih000lmnpmw7x4jd49	f5e28ed6-536d-47a6-8581-55bb6d75114c	pc002	3300000	6400000	9820000	\N	2026-06-30 13:52:32.124	2026-06-22 09:38:42.233
cmqdw2miu0000svpmse9d91mq	83969ec9-2cef-410b-852c-a946ba490511	pc002	16100000	23400000	25900000	\N	2026-06-30 16:30:40.062	2026-06-14 14:38:01.35
cmqp0lylf000hmnpmz2v7xor8	715c1472-3341-4bf2-bef4-9551485a0053	pc002	1800000	3250000	4550000	\N	2026-06-30 17:11:59.776	2026-06-22 09:30:29.859
cmqnoln4r000bmnpmzfzkp1uh	4f5dc218-9b62-4f3f-9b4a-da6d9c07067e	pc002	3500000	10800000	12950000	\N	2026-06-30 17:20:16.77	2026-06-21 11:06:33.435
cmr0l3k3z000h3opma1vdukm3	52b40704-4ac1-40fd-9b06-7d86ce38512d	pc001	500000	900000	1400000	\N	2026-06-30 11:49:31.152	2026-06-30 11:49:31.152
cmr0l5mpj000i3opm64f5lgez	80942950-dad7-4e14-9fe0-7be9be3097a0	pc001	1200000	1900000	2900000	\N	2026-06-30 11:51:07.831	2026-06-30 11:51:07.831
cmqnniejb000e0rpm50i4k96i	b0770f15-d3aa-48e5-95bd-78b9a224269f	pc001	1100000	1700000	2400000	\N	2026-06-30 11:52:48.444	2026-06-21 10:36:02.711
cmr0l8isb000j3opm2w6nyyc5	f5e28ed6-536d-47a6-8581-55bb6d75114c	pc001	3100000	3800000	4700000	\N	2026-06-30 11:53:22.716	2026-06-30 11:53:22.716
cmr0l932m000k3opmiiuesu5w	6e54114e-a429-4fed-a61c-d96427e6c036	pc001	1200000	1800000	2800000	\N	2026-06-30 11:53:49.006	2026-06-30 11:53:49.006
cmr0l9zo6000l3opm8ukoek3p	538b8cd4-f4af-43ef-952c-6b291c50c9f3	pc001	1200000	1900000	3050000	\N	2026-06-30 11:54:31.254	2026-06-30 11:54:31.254
cmr0lakrz000m3opm22tonsti	83969ec9-2cef-410b-852c-a946ba490511	pc001	2300000	3200000	4300000	\N	2026-06-30 11:54:58.607	2026-06-30 11:54:58.607
cmr0ldpdz000n3opm6hz9muew	33bc464c-f8d3-400b-b82c-a02223e17208	pc001	900000	1400000	1900000	\N	2026-06-30 11:57:24.551	2026-06-30 11:57:24.551
cmr0leg3l000o3opm54qf06rr	99e103d8-1884-4c5f-b8a2-fd3153f0b52d	pc001	1200000	1900000	2700000	\N	2026-06-30 11:57:59.169	2026-06-30 11:57:59.169
cmr0lg00u000p3opmxuanhnxx	e1d3152c-a065-46bb-b2ec-0ee34c2b00c1	pc001	\N	\N	1900000	\N	2026-06-30 11:59:11.646	2026-06-30 11:59:11.646
cmr0lhz2l000q3opmpo5lvgio	324a34a7-5cbe-41d5-ad5e-46d1b38a3989	pc001	1100000	1500000	1900000	\N	2026-06-30 12:00:43.725	2026-06-30 12:00:43.725
cmr0lir4g000r3opm4qfm85nm	4bc5e480-35fa-4302-b595-a6d7c9bcb713	pc001	1400000	3100000	4300000	\N	2026-06-30 12:01:20.08	2026-06-30 12:01:20.08
cmr0ljv4a000s3opm0z4ad6d5	b2abc414-e579-4d4b-afb6-042a6704d7b0	pc001	1200000	1700000	2300000	\N	2026-06-30 12:02:11.914	2026-06-30 12:02:11.914
cmr0lkonx000t3opmw9edxzsi	715c1472-3341-4bf2-bef4-9551485a0053	pc001	1200000	1700000	2300000	\N	2026-06-30 12:02:50.205	2026-06-30 12:02:50.205
cmr0llfat000u3opmx26nbgd7	46da3c34-d0d9-45f5-9c8f-43d5230dc8df	pc001	1200000	1800000	2450000	\N	2026-06-30 12:03:24.725	2026-06-30 12:03:24.725
cmr0lm68n000v3opm24n6tufh	145b8157-662a-4f0f-8386-af8d0d08b5e8	pc001	1200000	1800000	2400000	\N	2026-06-30 12:03:59.639	2026-06-30 12:03:59.639
cmr0lmznt000w3opmccve13gb	8a59dcf3-76f4-4cf3-bc06-8849fe802540	pc001	1200000	1800000	2450000	\N	2026-06-30 12:04:37.769	2026-06-30 12:04:37.769
cmr0lnmrl000x3opmr0y24te7	bc620b04-5d0b-45d6-9417-6dc693b8d9ae	pc001	2200000	2900000	3800000	\N	2026-06-30 12:05:07.713	2026-06-30 12:05:07.713
cmr0loo1o000y3opmghyrrmx2	7c388f1d-4bd9-43a9-9d0c-615879ada657	pc001	1300000	1900000	2800000	\N	2026-06-30 12:05:56.028	2026-06-30 12:05:56.028
cmr0lpbd4000z3opmvn32em40	4f5dc218-9b62-4f3f-9b4a-da6d9c07067e	pc001	2300000	2900000	3850000	\N	2026-06-30 12:06:26.248	2026-06-30 12:06:26.248
cmr0lpvbo00103opmaybbagpb	c5bb99af-b45c-4a13-b9d4-00685edeab6b	pc001	1200000	1850000	2500000	\N	2026-06-30 12:06:52.116	2026-06-30 12:06:52.116
cmr0lqixd00113opmn6d4hngw	d4e3afec-32e2-466e-aa8a-f3158284ec84	pc001	1200000	1900000	2500000	\N	2026-06-30 12:07:22.705	2026-06-30 12:07:22.705
cmr0lr5n200123opmzvp7r1ur	277cd606-c176-47ae-96b3-bcc2e8aa35b6	pc001	1200000	1900000	2500000	\N	2026-06-30 12:07:52.142	2026-06-30 12:07:52.142
cmr0lrr2k00133opmjrj420va	ec2c334b-4032-4f04-93fc-e8168b2b8455	pc001	1200000	1900000	2500000	\N	2026-06-30 12:08:19.916	2026-06-30 12:08:19.916
cmr0lsgkt00143opmn70f1cie	051dab3f-3055-4104-b79e-70a5ab70e770	pc001	1200000	1900000	2500000	\N	2026-06-30 12:08:52.973	2026-06-30 12:08:52.973
cmr0lt94300153opmx89d7gzy	c8cf820f-2aaf-4167-aa6e-067899daad8c	pc001	1700000	2600000	3900000	\N	2026-06-30 12:09:29.956	2026-06-30 12:09:29.956
cmr0lu47q00163opmmdqp0k9b	0de1d51f-fb6d-4ad3-9a06-717e88686824	pc001	1200000	1900000	2800000	\N	2026-06-30 12:10:10.262	2026-06-30 12:10:10.262
cmr0luryz00173opmc0lqcy2f	98b378ff-49b3-4876-89cd-f6790e67366a	pc001	2100000	3100000	3900000	\N	2026-06-30 12:10:41.051	2026-06-30 12:10:41.051
cmr0lvclj00183opmd4c5cglp	9381615f-166f-4dcd-8d8d-3a4cb71354ec	pc001	2200000	2900000	3800000	\N	2026-06-30 12:11:07.783	2026-06-30 12:11:07.783
cmr0lwzuj00193opmw2ivv3cw	7ec0a985-1bf5-4a70-bc7c-3ce492df4b1a	pc001	2300000	3050000	3900000	\N	2026-06-30 12:12:24.571	2026-06-30 12:12:24.571
cmr0mcvh7001a3opmmthcn9px	535bb4ac-40e4-4151-835f-4697aa2c1d70	pc001	3000000	3700000	4500000	\N	2026-06-30 12:24:45.403	2026-06-30 12:24:45.403
cmr0me2n0001b3opmr0a0idvh	cmqno2lwg0005mnpm73sk63ew	pc001	3200000	4050000	4900000	\N	2026-06-30 12:25:41.34	2026-06-30 12:25:41.34
cmr0mewtk001c3opm9ic5j41b	cmqnnxopo0002mnpmrh71m8vs	pc001	3200000	4050000	4900000	\N	2026-06-30 12:26:20.456	2026-06-30 12:26:20.456
cmr0mqrwh001f3opmew4cyr38	cmqno6khi0008mnpmhzrw5s55	pc002	2500000	5250000	7890000	\N	2026-06-30 12:35:33.953	2026-06-30 12:35:33.953
cmr0ms2dl001g3opmi65x6ozk	f51836bc-6dba-4585-8253-000a9c50bfc9	pc002	6900000	12380000	19850000	\N	2026-06-30 12:36:34.185	2026-06-30 12:36:34.185
cmr0mt35q001h3opmqze2yn24	cmqnooxfc000dmnpmz57szaeu	pc002	22120000	36700000	44620000	\N	2026-06-30 12:37:21.854	2026-06-30 12:37:21.854
cmr0mv4v4001i3opmyrwanxx6	22ceb82d-996c-46eb-a2a1-981f1fd61f2a	pc002	3800000	12400000	14960000	\N	2026-06-30 12:38:57.376	2026-06-30 12:38:57.376
cmr0mwhro001j3opmrw3fa4ey	3d89200f-2669-4c09-9dc2-cc6f434476e6	pc002	41000000	52400000	57380000	\N	2026-06-30 12:40:00.756	2026-06-30 12:40:00.756
cmr0mxkcl001k3opmx5zwg9es	c3c47437-cd7b-4fb6-ae51-4ef252fd2bc5	pc002	34600000	41500000	49800000	\N	2026-06-30 12:40:50.757	2026-06-30 12:40:50.757
cmr0mz4p4001l3opmdgelvulj	4be349bc-3d35-4281-b45c-d73ace6a25e1	pc002	1100000	1690000	2950000	\N	2026-06-30 12:42:03.784	2026-06-30 12:42:03.784
cmr0mzspk001m3opm06btfk6c	74ea05fc-7500-4598-a946-6dd5e2d0678d	pc002	1700000	2730000	3680000	\N	2026-06-30 12:42:34.904	2026-06-30 12:42:34.904
cmr0n0j0g001n3opmaybed7s9	5cf8c209-4cf3-4460-936a-1cfd64474f27	pc002	1700000	2890000	3620000	\N	2026-06-30 12:43:08.992	2026-06-30 12:43:08.992
cmr0n2lwn001o3opmsjm1id9n	e4fcf013-767a-46ac-bd86-f91356ba46be	pc002	1900000	5780000	7880000	\N	2026-06-30 12:44:46.055	2026-06-30 12:44:46.055
cmr0n3s9a001p3opmewqq59hj	e9a7ddab-6244-4d3d-a275-e4dcf710e267	pc002	1600000	2900000	3750000	\N	2026-06-30 12:45:40.942	2026-06-30 12:45:40.942
cmr0n7p98001q3opmhtwkkx11	b174927c-ad03-46d2-90bd-889b2dc303d1	pc002	2200000	8590000	13320000	\N	2026-06-30 12:48:43.676	2026-06-30 12:48:43.676
cmr0n8co4001r3opm7p31ugdg	14c47e09-83fe-49bf-916d-79ce89ff8530	pc002	2300000	9450000	11980000	\N	2026-06-30 12:49:14.02	2026-06-30 12:49:14.02
cmr0nb6ul001t3opmiwrmsuu4	525bfa1d-48c5-47c4-8123-744311ca2272	pc002	3300000	12400000	15980000	\N	2026-06-30 12:51:26.445	2026-06-30 12:51:26.445
cmr0nhl3l001v3opmx2aqu146	66d986d4-fe49-4a5b-8d10-6dc972a07b37	pc002	6100000	13750000	16900000	\N	2026-06-30 12:56:24.849	2026-06-30 12:56:24.849
cmr0niis5001w3opmperlr91x	84db1ba1-ff03-41e6-98c2-6806b88155bf	pc002	3200000	12300000	15450000	\N	2026-06-30 12:57:08.501	2026-06-30 12:57:08.501
cmr0nl7mz001x3opmci3gsjoq	70e4f4e0-7a60-419d-9934-395d70f8f510	pc002	3200000	10400000	13500000	\N	2026-06-30 12:59:14.027	2026-06-30 12:59:14.027
cmr0nnnt1001y3opmqyia6mtu	906f16d2-2c19-4b8b-b726-20fcad62d075	pc002	1500000	2480000	3150000	\N	2026-06-30 13:01:08.293	2026-06-30 13:01:08.293
cmr0nofxh001z3opmyceo1v0k	253cab14-6efe-4f68-bf3d-ef28d2e49f9e	pc002	1700000	2650000	3470000	\N	2026-06-30 13:01:44.741	2026-06-30 13:01:44.741
cmr0nqy5z00203opmha35pyse	a812f7d7-a63e-4461-b06e-2f88595e6066	pc002	31200000	35600000	39000000	\N	2026-06-30 13:03:41.687	2026-06-30 13:03:41.687
cmr0mo68t001e3opm6cuy1ok1	cmr0mn35v001d3opmbr4lbtjq	pc002	1300000	2320000	3470000	\N	2026-06-30 13:39:55.035	2026-06-30 12:33:32.573
cmr0p2ov7003c3opm6q8muppi	cmr0nu9w000223opm38rp4i30	pc002	1700000	4520000	5670000	\N	2026-06-30 13:40:49.123	2026-06-30 13:40:49.123
cmr0p3ht2003d3opmwjo8uvw3	cmr0nuqow00243opmnv0v4zvu	pc002	3900000	8500000	10970000	\N	2026-06-30 13:41:26.63	2026-06-30 13:41:26.63
cmr0p43ht003e3opm01tebozo	cmr0nv09200253opmb2trq4jb	pc002	6300000	12800000	15820000	\N	2026-06-30 13:41:54.737	2026-06-30 13:41:54.737
cmr0nd33k001u3opm2w43u32z	73876257-1b4a-470f-84e0-55fd8a250e09	pc002	3500000	10200000	12800000	\N	2026-07-08 11:43:25.25	2026-06-30 12:52:54.896
cmr0p4yq3003f3opm761p3xta	cmr0nv95y00263opmrsqc85lm	pc002	1300000	2720000	3870000	\N	2026-06-30 13:42:35.211	2026-06-30 13:42:35.211
cmr0p5lo1003g3opmxq28n6p7	cmr0nvu3n00273opmvm718qlc	pc002	1800000	4500000	5670000	\N	2026-06-30 13:43:04.945	2026-06-30 13:43:04.945
cmr0p6asc003h3opmpn5in6hf	cmr0nw8g400283opm8utv2x9u	pc002	3700000	12700000	13950000	\N	2026-06-30 13:43:37.5	2026-06-30 13:43:37.5
cmr0p6yf0003i3opmccwm2wcf	cmr0nx28g00293opmyjw68cqr	pc002	3300000	10890000	13820000	\N	2026-06-30 13:44:08.124	2026-06-30 13:44:08.124
cmr0p7sb7003j3opmjgdmcvzj	cmr0nxbfl002a3opmdoc459ss	pc002	5600000	9750000	13890000	\N	2026-06-30 13:44:46.867	2026-06-30 13:44:46.867
cmr0p8dib003k3opmi7eeqewy	cmr0nxjn2002b3opmwhvmdnvl	pc002	7700000	12800000	16280000	\N	2026-06-30 13:45:14.339	2026-06-30 13:45:14.339
cmr0p90xr003l3opmw068fxm6	cmr0nxvfi002c3opmougrsc5g	pc002	7400000	13650000	17300000	\N	2026-06-30 13:45:44.703	2026-06-30 13:45:44.703
cmr0p9u05003m3opmtnr32eln	cmr0ny6cg002d3opmq3rktxlp	pc002	17400000	25200000	29650000	\N	2026-06-30 13:46:22.373	2026-06-30 13:46:22.373
cmr0pajec003n3opm5mb59y0e	cmr0nyjmb002e3opmvxdee9qo	pc002	17500000	38450000	44770000	\N	2026-06-30 13:46:55.284	2026-06-30 13:46:55.284
cmr0pd2xn003o3opmx62xjatf	cmr0nzxtx002f3opmzzgr30dl	pc002	\N	\N	25820000	\N	2026-06-30 13:48:53.915	2026-06-30 13:48:53.915
cmr0pkl31003p3opmy1ex4qg9	cmr0o0a1b002g3opmh13sf0d8	pc002	38300000	40280000	42720000	\N	2026-06-30 13:54:44.03	2026-06-30 13:54:44.03
cmr0plfyy003q3opmzumjvv5k	cmr0o1zzk002h3opmk7496p84	pc002	11100000	18150000	19750000	\N	2026-06-30 13:55:24.058	2026-06-30 13:55:24.058
cmr0pm436003r3opm4x3kd415	cmr0o2obp002i3opmzqfdbhkm	pc002	16300000	19380000	21800000	\N	2026-06-30 13:55:55.314	2026-06-30 13:55:55.314
cmr0pnm70003t3opm8h664ciw	cmr0o3mzf002k3opmxo8kxw7y	pc002	2800000	6780000	17850000	\N	2026-06-30 13:57:05.436	2026-06-30 13:57:05.436
cmr0px9er003u3opmg804mi9f	cmr0omfwa002l3opmc088a6cj	pc002	1500000	2700000	3980000	\N	2026-06-30 14:04:35.427	2026-06-30 14:04:35.427
cmr0py698003v3opm8nfxerzk	cmr0onxqj002o3opm45jgu6h3	pc002	\N	4300000	6250000	\N	2026-06-30 14:05:17.996	2026-06-30 14:05:17.996
cmr0pyrv4003w3opmu3s4w148	cmr0oonf7002p3opmwtnk8z4r	pc002	1800000	2500000	3750000	\N	2026-06-30 14:05:46	2026-06-30 14:05:46
cmr0pzerc003x3opmw8l1sgdz	cmr0oox63002q3opmn6rs1wx4	pc002	2000000	2950000	4220000	\N	2026-06-30 14:06:15.672	2026-06-30 14:06:15.672
cmr0q066y003y3opm3jplzz5w	cmr0opaej002r3opm5o81tbct	pc002	2400000	3780000	4620000	\N	2026-06-30 14:06:51.226	2026-06-30 14:06:51.226
cmr0q0wyc003z3opmrgxhpywi	cmr0opoh8002s3opmop1t0zwj	pc002	14500000	33640000	37620000	\N	2026-06-30 14:07:25.908	2026-06-30 14:07:25.908
cmr0q353300413opm1kl58yi6	cmr0q2id600403opm0f0gvxyj	pc002	2900000	12340000	15280000	\N	2026-06-30 14:09:09.759	2026-06-30 14:09:09.759
cmr0q444200423opmxlsxlwvs	cmr0oq9w4002u3opm30t407da	pc002	2800000	12300000	14950000	\N	2026-06-30 14:09:55.154	2026-06-30 14:09:55.154
cmr0q4phc00433opmj9p4emkh	cmr0oqnfk002v3opmi4wyve6v	pc002	2800000	12400000	15380000	\N	2026-06-30 14:10:22.848	2026-06-30 14:10:22.848
cmr0q5wi300443opmyl7fsb8w	cmr0oqzdd002w3opmm2behvfh	pc002	5200000	12550000	15200000	\N	2026-06-30 14:11:18.603	2026-06-30 14:11:18.603
cmr0q6m3300453opmqeehjper	cmr0or86f002x3opmanbeuy3e	pc002	3600000	13600000	15400000	\N	2026-06-30 14:11:51.759	2026-06-30 14:11:51.759
cmr0q7d2m00463opmjssqg395	cmr0orj7i002y3opmpleqr0pz	pc002	2800000	12400000	15380000	\N	2026-06-30 14:12:26.734	2026-06-30 14:12:26.734
cmr0q80hf00473opmwm0l023g	cmr0ory2s002z3opmdofphigl	pc002	2800000	12200000	15380000	\N	2026-06-30 14:12:57.075	2026-06-30 14:12:57.075
cmr0q9kve00493opmrog5rf6i	cmr0osn8600313opmfrk0lza2	pc002	2800000	12300000	15720000	\N	2026-06-30 14:14:10.154	2026-06-30 14:14:10.154
cmr0qabqe004a3opm0n1xvtu5	cmr0osz2e00323opmwoiqq5tm	pc002	2900000	12700000	15750000	\N	2026-06-30 14:14:44.966	2026-06-30 14:14:44.966
cmr0qb9oy004b3opmb0hqe64r	cmr0ot6y900333opm142bhp5x	pc002	\N	8500000	11380000	\N	2026-06-30 14:15:28.978	2026-06-30 14:15:28.978
cmr0qbvxh004c3opm4hif3qml	cmr0otgpg00343opmg9daf0sc	pc002	\N	8900000	11550000	\N	2026-06-30 14:15:57.797	2026-06-30 14:15:57.797
cmr0qh657004h3opmk6z5gio8	cmr0owecx00393opm20y6bkjx	pc002	4800000	6500000	8680000	\N	2026-06-30 14:20:04.315	2026-06-30 14:20:04.315
cmr0qhk23004i3opmsakmzldf	cmr0owngt003a3opmwbvh51s4	pc002	\N	\N	52000000	\N	2026-06-30 14:20:22.347	2026-06-30 14:20:22.347
cmr0qi5tj004j3opmen79fhc8	cmr0ox8e7003b3opmfp8cvtx6	pc002	1500000	3900000	5750000	\N	2026-06-30 14:20:50.551	2026-06-30 14:20:50.551
cmr0up5ry004k3opm36hj7xj9	22d98f37-5c1d-4fa2-b3ac-3677c7af15ca	pc002	1750000	3860000	4900000	\N	2026-06-30 16:18:15.55	2026-06-30 16:18:15.55
cmr0uziq1004l3opmqcavtlym	80942950-dad7-4e14-9fe0-7be9be3097a0	pc002	2700000	6300000	10500000	\N	2026-06-30 16:26:18.889	2026-06-30 16:26:18.889
cmr0v1tvq004m3opmyps6qdie	e4b7915a-4829-43ae-a160-481abd3f247a	pc002	2700000	4750000	5650000	\N	2026-06-30 16:28:06.662	2026-06-30 16:28:06.662
cmr0v393a004n3opmuvhumveb	538b8cd4-f4af-43ef-952c-6b291c50c9f3	pc005	4300000	7400000	11870000	\N	2026-06-30 16:29:13.03	2026-06-30 16:29:13.03
cmr0v8ule004p3opma0g9fral	37af1852-2be3-47f0-bea5-6329ec8782f8	pc002	\N	8500000	11400000	\N	2026-06-30 16:33:34.178	2026-06-30 16:33:34.178
cmr0va6pt004q3opm59kxfg9z	900b0869-da90-4f78-8ae2-0159dd78e5e2	pc002	\N	7200000	9850000	\N	2026-06-30 16:34:36.545	2026-06-30 16:34:36.545
cmr0vd1ht004s3opmtul9cvmg	cmr0vbhk3004r3opmxwdv7113	pc002	6600000	9580000	12350000	\N	2026-06-30 16:36:49.745	2026-06-30 16:36:49.745
cmr0verdw004u3opm4qkfypsk	cmr0vdfzj004t3opm94it4yjo	pc002	18000000	23450000	26500000	\N	2026-06-30 16:40:08.436	2026-06-30 16:38:09.956
cmr0vjoo4004v3opm1a9i7wx6	324a34a7-5cbe-41d5-ad5e-46d1b38a3989	pc002	2600000	4850000	7300000	\N	2026-06-30 16:41:59.716	2026-06-30 16:41:59.716
cmr0vkon4004w3opmg2xuclhf	33bc464c-f8d3-400b-b82c-a02223e17208	pc002	1700000	2650000	3200000	\N	2026-06-30 16:42:46.336	2026-06-30 16:42:46.336
cmr0vltc1004x3opmjdhl1osz	6aef8db1-1285-4598-8dcf-903fb3ed1548	pc002	6500000	9600000	14850000	\N	2026-06-30 16:43:39.073	2026-06-30 16:43:39.073
cmr0w20qf004y3opmeynldft3	64e4f93d-2b47-4e84-af8e-d85e86be0514	pc002	2700000	6800000	9850000	\N	2026-06-30 16:56:15.16	2026-06-30 16:56:15.16
cmr0w30dx004z3opmhktedh00	5d5be85f-e489-4f0f-86cb-ef2828de8e6f	pc002	3300000	10800000	12350000	\N	2026-06-30 16:57:01.365	2026-06-30 16:57:01.365
cmr0w43r400503opmt3fdpb45	134914f6-2563-4567-9e51-45a65370033f	pc002	1750000	2900000	3850000	\N	2026-06-30 16:57:52.384	2026-06-30 16:57:52.384
cmr0w58rj00513opmkvl217ea	d1f594f0-9c8d-4b03-92c1-eeea0083b538	pc002	1900000	2950000	3900000	\N	2026-06-30 16:58:45.535	2026-06-30 16:58:45.535
cmr0w6ua500523opmhvg7lff9	eb029f0d-616c-4e79-a354-cc91ff46c5a8	pc002	1900000	2600000	3500000	\N	2026-06-30 17:00:00.078	2026-06-30 17:00:00.078
cmr0w7wf300533opmrf8uup2u	d0ef9838-c238-4254-b168-0f7f69da7184	pc002	1900000	2650000	3950000	\N	2026-06-30 17:00:49.503	2026-06-30 17:00:49.503
cmr0wj3d800553opmb94fq4tw	cmr0wc83b00543opmuujpaxp9	pc002	7800000	9200000	12200000	\N	2026-06-30 17:09:31.724	2026-06-30 17:09:31.724
cmr0wjx4m00563opm3pftq7b6	358a2a75-a7f3-402a-ada9-35480f856be9	pc002	2700000	3950000	5380000	\N	2026-06-30 17:10:10.295	2026-06-30 17:10:10.295
cmr0wl88w00573opm1jklb18k	46da3c34-d0d9-45f5-9c8f-43d5230dc8df	pc002	1900000	2720000	3950000	\N	2026-06-30 17:11:11.36	2026-06-30 17:11:11.36
cmr0wnozy00583opm80v1hsik	145b8157-662a-4f0f-8386-af8d0d08b5e8	pc002	2700000	12450000	14800000	\N	2026-06-30 17:13:06.382	2026-06-30 17:13:06.382
cmr0woorf00593opmfben9a6n	8a59dcf3-76f4-4cf3-bc06-8849fe802540	pc002	2800000	12650000	14850000	\N	2026-06-30 17:13:52.731	2026-06-30 17:13:52.731
cmr0pmlwe003s3opme3omnq0m	cmr0o2xvy002j3opm0hegedy0	pc002	10200000	13800000	17700000	\N	2026-07-13 18:36:11.023	2026-06-30 13:56:18.398
cmr0v7noo004o3opmvrym3bwr	adb30cd2-4b05-4a00-acf5-cecc928b7b42	pc002	12000000	14500000	18800000	\N	2026-07-14 12:36:57.566	2026-06-30 16:32:38.568
cmr0wpz2q005a3opmdr5uouri	99e103d8-1884-4c5f-b8a2-fd3153f0b52d	pc002	2800000	12400000	14650000	\N	2026-06-30 17:14:52.754	2026-06-30 17:14:52.754
cmr0wr7yq005b3opm9va8z563	c0a9980c-a9eb-4eaf-a3ab-89b178a4902b	pc002	2700000	12400000	14800000	\N	2026-06-30 17:15:50.93	2026-06-30 17:15:50.93
cmr0wsdl2005c3opmm5zitfko	7c388f1d-4bd9-43a9-9d0c-615879ada657	pc002	3500000	12600000	14900000	\N	2026-06-30 17:16:44.87	2026-06-30 17:16:44.87
cmr0wtdlf005d3opmqslb2ssi	b9451498-c0cd-401d-987b-c05484c8abd9	pc002	2700000	12300000	14900000	\N	2026-06-30 17:17:31.539	2026-06-30 17:17:31.539
cmr0wuq8l005e3opmhj2u1771	1165ac53-339e-48ef-ae58-9dca9ebd32e7	pc002	3000000	8500000	10950000	\N	2026-06-30 17:18:34.581	2026-06-30 17:18:34.581
cmr0x0xxt005f3opmtiy9d1pf	6bf9b48b-3e32-4be5-8bdb-a548ad6e3fed	pc002	2800000	12750000	15200000	\N	2026-06-30 17:23:24.497	2026-06-30 17:23:24.497
cmr0x49be005h3opmieox86pf	cmr0x21hu005g3opmwwjuyyuh	pc002	3200000	13400000	15980000	\N	2026-06-30 17:25:59.21	2026-06-30 17:25:59.21
cmr0x5t4w005i3opmqy2dug8x	b6fccc75-56b4-4256-a22c-c7bfb6c19509	pc002	7600000	9850000	11350000	\N	2026-06-30 17:27:11.552	2026-06-30 17:27:11.552
cmr0x6n7v005j3opm3hcmujoj	ccf97396-45d1-4c12-84b9-dc91da0a9553	pc002	1800000	2950000	4300000	\N	2026-06-30 17:27:50.539	2026-06-30 17:27:50.539
cmr0x7t6r005k3opmgd4davxh	f1099ed9-9c32-4a7b-99d0-79f66de0e91e	pc002	1700000	2550000	3500000	\N	2026-06-30 17:28:44.931	2026-06-30 17:28:44.931
cmr0x8vff005l3opmvv6jhw0b	4674a52d-c8c4-438f-af1c-5b8c1c52c167	pc002	1700000	2800000	3950000	\N	2026-06-30 17:29:34.491	2026-06-30 17:29:34.491
cmr0xani7005m3opme9darhr3	ec2c334b-4032-4f04-93fc-e8168b2b8455	pc002	3400000	11350000	13400000	\N	2026-06-30 17:30:57.535	2026-06-30 17:30:57.535
cmr0xn2jb005n3opma3gfhvki	8c1b6a8f-0048-4633-9fee-c2ad877ce06c	pc002	3600000	9550000	11900000	\N	2026-06-30 17:40:36.887	2026-06-30 17:40:36.887
cmr0xnun9005o3opmtu5zcboy	c8cf820f-2aaf-4167-aa6e-067899daad8c	pc002	9700000	12300000	14950000	\N	2026-06-30 17:41:13.317	2026-06-30 17:41:13.317
cmr0xp1bs005p3opmldzfsslm	e9f522f0-d866-4190-b17e-9fa76ec20614	pc002	2900000	7800000	11300000	\N	2026-06-30 17:42:08.632	2026-06-30 17:42:08.632
cmr0xsxr4005r3opmj8avxbde	cmr0xr767005q3opmrnms5nyh	pc002	2900000	7400000	9800000	\N	2026-06-30 17:45:10.624	2026-06-30 17:45:10.624
cmr0xval2005s3opm2fc5875l	c5bb99af-b45c-4a13-b9d4-00685edeab6b	pc002	1600000	2200000	3450000	\N	2026-06-30 17:47:00.566	2026-06-30 17:47:00.566
cmr0xxzno005t3opmfqa84sml	71c4254b-2d96-4477-9f32-0a006a74e67f	pc002	2700000	10500000	13800000	\N	2026-06-30 17:49:06.372	2026-06-30 17:49:06.372
cmr0y2fza005u3opmja15cvvl	1ef2d8a5-5828-4fde-94cf-0733ab0453cb	pc002	2800000	10950000	14700000	\N	2026-06-30 17:52:34.15	2026-06-30 17:52:34.15
cmr0y3a38005v3opmwlpe16ji	03a1e148-72dd-4cda-b5fa-8d693a46aaf5	pc002	3300000	12300000	14850000	\N	2026-06-30 17:53:13.172	2026-06-30 17:53:13.172
cmr0y4exx005w3opm77qy4dyj	5b6c16ce-9cbf-4ed0-9ca9-abb69ce43ef7	pc002	1900000	2500000	3550000	\N	2026-06-30 17:54:06.117	2026-06-30 17:54:06.117
cmr0y5bj4005x3opm175n8i1g	08802e88-f088-465c-8775-0a5a30ce8b75	pc002	1900000	2500000	3550000	\N	2026-06-30 17:54:48.352	2026-06-30 17:54:48.352
cmr0y6fq5005y3opm7ma9sazh	98b378ff-49b3-4876-89cd-f6790e67366a	pc002	1800000	2750000	3900000	\N	2026-06-30 17:55:40.445	2026-06-30 17:55:40.445
cmr0y7keo005z3opm61v7co2j	ddfafd5e-80f2-4640-a5be-3cc689ec4a1d	pc002	2800000	12500000	14900000	\N	2026-06-30 17:56:33.168	2026-06-30 17:56:33.168
cmr0y8jx000603opmasg3xogu	9381615f-166f-4dcd-8d8d-3a4cb71354ec	pc002	3100000	8800000	10950000	\N	2026-06-30 17:57:19.188	2026-06-30 17:57:19.188
cmr0y9lw200613opme6bzosbv	05f4ac3c-d071-49af-9ba5-41fec7ebe87a	pc002	3300000	8400000	10950000	\N	2026-06-30 17:58:08.402	2026-06-30 17:58:08.402
cmr1y9npx00623opmcniq8hup	e602b321-defc-441d-ba60-fad7c0b2a914	pc002	19000000	23500000	26000000	\N	2026-07-01 10:45:56.949	2026-07-01 10:45:56.949
cmr0n9wlx001s3opm694efmhm	e1557a2a-f711-4c24-96b3-ac7012fa3b62	pc002	5400000	12500000	14950000	\N	2026-07-01 10:47:39.025	2026-06-30 12:50:26.517
cmr1ykulw00633opmmqng5ok2	cmr0vbhk3004r3opmxwdv7113	pc001	1900000	3100000	4200000	\N	2026-07-01 10:54:39.092	2026-07-01 10:54:39.092
cmr1ymp3500643opmxu4t8mv4	3e55e333-7a95-447a-9e89-09ec008a9516	pc002	12000000	14800000	16600000	با فریم صورتی	2026-07-01 10:56:05.249	2026-07-01 10:56:05.249
cmr1yzgq200653opm5eziri74	cmr0mn35v001d3opmbr4lbtjq	pc001	900000	1600000	2200000	\N	2026-07-01 11:06:00.938	2026-07-01 11:06:00.938
cmr1z0irn00663opmt4xlk29i	cmr0ntt8q00213opmcgzhqki9	pc001	900000	1700000	2300000	\N	2026-07-01 11:06:50.243	2026-07-01 11:06:50.243
cmr1z19jy00673opm0mtkwhcf	cmr0nu9w000223opm38rp4i30	pc001	900000	1700000	2600000	\N	2026-07-01 11:07:24.958	2026-07-01 11:07:24.958
cmr1z1zr900683opmeoe45rbl	cmr0nuh4r00233opmk92dpc6b	pc001	1300000	1900000	2800000	\N	2026-07-01 11:07:58.918	2026-07-01 11:07:58.918
cmr1z2r0x00693opmf7itmo5x	cmr0nv09200253opmb2trq4jb	pc001	1400000	2300000	3400000	\N	2026-07-01 11:08:34.258	2026-07-01 11:08:34.258
cmr1z3isf006a3opmok8v9rms	cmr0nv95y00263opmrsqc85lm	pc001	800000	1500000	2100000	\N	2026-07-01 11:09:10.239	2026-07-01 11:09:10.239
cmr1z44i2006b3opmq7lo22r6	cmr0nvu3n00273opmvm718qlc	pc001	1100000	1700000	2500000	\N	2026-07-01 11:09:38.378	2026-07-01 11:09:38.378
cmr1z52oh006c3opmwuvkaqfh	cmr0nx28g00293opmyjw68cqr	pc001	1900000	2700000	3500000	\N	2026-07-01 11:10:22.673	2026-07-01 11:10:22.673
cmr1z5w2j006d3opmcdqxs9x4	cmr0nxjn2002b3opmwhvmdnvl	pc001	1600000	2700000	3500000	\N	2026-07-01 11:11:00.763	2026-07-01 11:11:00.763
cmr1z7z3k006f3opm6taisbtq	cmr1z76zw006e3opmpbho609o	pc001	2100000	3000000	4100000	\N	2026-07-01 11:12:38	2026-07-01 11:12:38
cmr1z8s9x006g3opm13t1q6w2	cmr0nxvfi002c3opmougrsc5g	pc001	1700000	2400000	3200000	\N	2026-07-01 11:13:15.813	2026-07-01 11:13:15.813
cmr1zcpr4006j3opm4xq98aeq	cmr1z9lbu006h3opmwsgjc2uu	pc001	1800000	2800000	3800000	\N	2026-07-01 11:16:19.168	2026-07-01 11:16:19.168
cmr1zdo2d006k3opmt5vye9ge	cmqnooxfc000dmnpmz57szaeu	pc001	2500000	3200000	4300000	\N	2026-07-01 11:17:03.637	2026-07-01 11:17:03.637
cmr1zeb5g006l3opmv0mfgt59	cmr1zbqif006i3opml0ih3b85	pc001	3500000	4700000	5900000	\N	2026-07-01 11:17:33.556	2026-07-01 11:17:33.556
cmr1zqydp006r3opmv3jxshtr	cmr0oonf7002p3opmwtnk8z4r	pc001	1000000	1600000	2100000	\N	2026-07-01 11:27:23.533	2026-07-01 11:27:23.533
cmr1zrqua006s3opm7nofr67x	cmr1zpwdn006q3opm5ema5wg0	pc001	500000	900000	1400000	\N	2026-07-01 11:28:00.418	2026-07-01 11:28:00.418
cmr1zt44h006t3opmf1b1qu29	cmr1zp8x7006p3opmeks0xgyo	pc001	1300000	2100000	3200000	\N	2026-07-01 11:29:04.289	2026-07-01 11:29:04.289
cmr1zu9xy006u3opmwrgutumy	cmr1zolfj006o3opmjy8nvrq9	pc001	900000	1500000	2400000	\N	2026-07-01 11:29:58.486	2026-07-01 11:29:58.486
cmr1zv1fq006v3opm6pnv2mxf	cmr1zo8bu006n3opmwiixvmb2	pc001	900000	1500000	2400000	\N	2026-07-01 11:30:34.118	2026-07-01 11:30:34.118
cmr1zvko2006w3opm0xps900a	cmr1znv2o006m3opmeskgf5sx	pc001	900000	1500000	2000000	\N	2026-07-01 11:30:59.042	2026-07-01 11:30:59.042
cmr203n8v00703opmrqlxblv9	cmr202hdt006z3opm54fxjxzy	pc001	1100000	1900000	2700000	\N	2026-07-01 11:37:15.632	2026-07-01 11:37:15.632
cmr2059df00723opmb03o0hvz	cmr201nrm006y3opm42qe7jr1	pc001	2200000	3400000	4500000	\N	2026-07-01 11:38:30.963	2026-07-01 11:38:30.963
cmr2085md00753opmjkq2a485	cmr206mnr00733opm5paxtatx	pc001	2800000	3600000	4500000	\N	2026-07-01 11:40:46.069	2026-07-01 11:40:46.069
cmr208zpr00763opm10jk5fk8	cmr207b9p00743opm8jp79tia	pc001	2500000	3300000	4500000	\N	2026-07-01 11:41:25.071	2026-07-01 11:41:25.071
cmr23dze600783opm6ot7vop6	cmr23c8kh00773opmr9w6ppkj	pc002	1700000	2850000	3950000	\N	2026-07-01 13:09:48.843	2026-07-01 13:09:16.782
cmr23uyby00793opm0j9ghwau	0798206e-eac1-4e61-806c-6e70d8445814	pc002	1400000	2350000	3850000	\N	2026-07-01 13:22:28.558	2026-07-01 13:22:28.558
cmrbxe8xq007a3opm8q85ipkt	f40e2ffc-6666-40fe-859d-9fe72f0b9348	pc001	1200000	1700000	2450000	\N	2026-07-08 10:19:13.215	2026-07-08 10:19:13.215
cmrby42oj007b3opm2qn3s4g3	09a3a63f-6fa8-4223-bf40-692dfec1da09	pc002	3000000	3900000	5100000	\N	2026-07-08 10:39:18.163	2026-07-08 10:39:18.163
cmr204l7700713opmgdqsf4up	cmr2015b8006x3opm9ribiq23	pc001	2500000	3450000	4500000	\N	2026-07-08 10:43:27.101	2026-07-01 11:37:59.635
cmrbytwxm007c3opmkp6trt5u	4f010a2a-786d-4465-9cd7-0f16886083da	pc001	1500000	2600000	3500000	\N	2026-07-08 10:59:23.77	2026-07-08 10:59:23.77
cmrc4r4uf007g3opmdgk0eh5l	cmrc4p12z007f3opm9wmfhbll	pc002	5800000	11000000	14000000	\N	2026-07-08 13:45:11.751	2026-07-08 13:45:11.751
cmrj69ynw0001erpm17cquyxc	d13a2b38-5751-48b5-a240-bbf1c6cc3221	pc002	1500000	2700000	3850000	\N	2026-07-13 12:02:13.052	2026-07-13 12:02:13.052
cmrji80o20003erpmyez0psyg	cmrji71v20002erpmjh77lrjw	pc001	2100000	3450000	4450000	\N	2026-07-13 17:36:37.73	2026-07-13 17:36:37.73
cmrji8pyo0004erpm2zgzim2y	f0cf1cd3-772e-44e3-9bd8-89b10024f1dc	pc002	7850000	12500000	15900000	\N	2026-07-13 17:37:10.513	2026-07-13 17:37:10.513
cmrji9j3q0005erpm0xzulab7	511fbac9-e008-4409-8279-c05ca801233b	pc002	33500000	39600000	43950000	\N	2026-07-13 17:37:48.278	2026-07-13 17:37:48.278
cmrjibyr30006erpmkufn9mes	cmqowcmpr000fmnpmk38jle5h	pc002	3500000	4400000	5900000	\N	2026-07-13 17:39:41.871	2026-07-13 17:39:41.871
cmrjidedq0007erpm1uq8r6wc	bc226515-c01b-4e06-8d90-511f5129d645	pc002	2200000	3300000	4600000	\N	2026-07-13 17:40:48.782	2026-07-13 17:40:48.782
cmrjif6nv0008erpmxr9dvmvk	02e1bee7-803d-476e-a12c-3486761f5f27	pc002	1800000	2500000	3800000	\N	2026-07-13 17:42:12.091	2026-07-13 17:42:12.091
cmrjig4920009erpmjwqk6fwv	88091dc7-3ff7-48e3-b446-2b554fab795b	pc002	1900000	2800000	3950000	\N	2026-07-13 17:42:55.622	2026-07-13 17:42:55.622
cmrjj5qr3000aerpm03q61iqb	83969ec9-2cef-410b-852c-a946ba490511	pc004	12000000	13800000	14950000	در پشت با ال سی دی و شیشه لنز کامل 	2026-07-13 18:02:51.183	2026-07-13 18:02:51.183
cmrjj6tu0000berpm8ggr14tb	890a4e53-7b17-4405-a78e-bec96ab0361d	pc002	3400000	9200000	11950000	\N	2026-07-13 18:03:41.832	2026-07-13 18:03:41.832
cmrjj8539000cerpm47zdc63i	57d9cf8e-d175-4f59-a03b-b4299c1f3791	pc002	3000000	4400000	5600000	\N	2026-07-13 18:04:43.077	2026-07-13 18:04:43.077
cmrg1ovpv0000erpmvzz7fd8n	859e1f4f-6a79-4625-9eca-7975ebfc7190	pc002	1400000	2500000	3800000	A21s	2026-07-13 18:06:18.801	2026-07-11 07:30:32.468
cmrjjb8wh000derpmxn2rqbbd	bf0a9dc9-94a2-457f-a5de-6a0b97ca2f5c	pc002	3700000	4550000	5900000	\N	2026-07-13 18:07:07.985	2026-07-13 18:07:07.985
cmrc0bc97007d3opmky1mldos	85fa3d2d-a4bf-44d6-bbd8-edd68a1527fc	pc001	1200000	1800000	2750000	A30	2026-07-13 18:08:15.946	2026-07-08 11:40:56.395
cmrjjjich000ierpmd0yoz5d2	cmrjji8m3000herpmywq5r8cc	pc002	9500000	10900000	12800000	\N	2026-07-13 18:13:33.473	2026-07-13 18:13:33.473
cmrjjl3am000jerpmh8ppho4n	cmrjjgqrd000ferpmnafdh914	pc002	2500000	3600000	4700000	\N	2026-07-13 18:14:47.278	2026-07-13 18:14:47.278
cmrjjmx7l000kerpmj8lzo6h3	cmrjjf4d3000eerpm5b2sk7jm	pc002	4100000	5450000	6900000	\N	2026-07-13 18:16:12.705	2026-07-13 18:16:12.705
cmrjjpxok000merpmyyd39eu1	37696aad-3389-47ea-ba5d-62bb3d6b75da	pc002	5400000	7800000	9500000	\N	2026-07-13 18:18:33.284	2026-07-13 18:18:33.284
cmrjjrtwc000oerpm8hb6fvwt	725ce470-cefb-44b5-9689-76bb4127ce03	pc002	\N	10800000	13300000	\N	2026-07-13 18:20:01.692	2026-07-13 18:20:01.692
cmrjjthds000perpm8c91m12f	859e1f4f-6a79-4625-9eca-7975ebfc7190	pc001	1300000	1900000	2850000	\N	2026-07-13 18:21:18.784	2026-07-13 18:21:18.784
cmrjjxkr1000qerpm1m9gydpz	71ee43a5-5fc0-49fc-9535-30491ba2b2aa	pc001	800000	1500000	2600000	A01 core	2026-07-13 18:24:29.773	2026-07-13 18:24:29.773
cmrjk2ekj000rerpmsrlqvuxv	4aee39a9-b8f3-42a6-bb7b-b81c2a0d1188	pc002	5800000	7200000	10900000	\N	2026-07-13 18:28:15.043	2026-07-13 18:28:15.043
cmrjk5qu9000serpm9y8ael96	cfce0d80-543c-43e5-98bb-6953c533b2b8	pc002	4800000	7450000	10900000	\N	2026-07-13 18:30:50.913	2026-07-13 18:30:50.913
cmrjk7jbm000terpmz8tfg5hr	cc7e502d-0381-4e97-9e51-3abc319f5cd9	pc002	4200000	6900000	10950000	\N	2026-07-13 18:32:14.482	2026-07-13 18:32:14.482
cmrjkaz44000uerpm6v4vtyfk	cmr0o2xvy002j3opm0hegedy0	pc001	2900000	3500000	4900000	\N	2026-07-13 18:34:54.916	2026-07-13 18:34:54.916
cmrjkefzh000verpmliiqxfin	cmr1zp8x7006p3opmeks0xgyo	pc002	3500000	12300000	15600000	\N	2026-07-13 18:37:36.749	2026-07-13 18:37:36.749
cmrjkhl3y000xerpm1254f6le	cmrjkgc18000werpmyhq0nm58	pc002	1900000	2850000	3700000	\N	2026-07-13 18:40:03.358	2026-07-13 18:40:03.358
cmrjkjs5r000yerpmx3uwc2ax	6e54114e-a429-4fed-a61c-d96427e6c036	pc002	4400000	9350000	12200000	\N	2026-07-13 18:41:45.807	2026-07-13 18:41:45.807
cmrjkoato000zerpmrysqcfty	cmr0omq22002m3opmel9t1rww	pc002	3900000	9550000	12300000	\N	2026-07-13 18:45:16.62	2026-07-13 18:45:16.62
cmrjkqlgy0011erpm1ad7uz72	cmrjkpqf40010erpmvwwt5rj3	pc001	3500000	4200000	5500000	\N	2026-07-13 18:47:03.73	2026-07-13 18:47:03.73
cmrkdjfur0012erpmu419fuee	eba3ad08-10b9-4787-8a8a-f7e6d03ad726	pc002	3500000	8400000	10950000	\N	2026-07-14 08:13:18.723	2026-07-14 08:13:18.723
\.


--
-- Data for Name: User; Type: TABLE DATA; Schema: public; Owner: price_user
--

COPY public."User" (id, email, password, name, "isAdmin", "createdAt") FROM stdin;
cluser001	admin@price.local	$2b$10$/sTOR7xU.1M8U9HUMnPOC.XtFPGgNx9trP0QMIGEOIYgGuMknMvru	ادمین	t	2026-06-14 13:34:24.391
\.


--
-- Name: Brand Brand_pkey; Type: CONSTRAINT; Schema: public; Owner: price_user
--

ALTER TABLE ONLY public."Brand"
    ADD CONSTRAINT "Brand_pkey" PRIMARY KEY (id);


--
-- Name: DeviceType DeviceType_pkey; Type: CONSTRAINT; Schema: public; Owner: price_user
--

ALTER TABLE ONLY public."DeviceType"
    ADD CONSTRAINT "DeviceType_pkey" PRIMARY KEY (id);


--
-- Name: Model Model_pkey; Type: CONSTRAINT; Schema: public; Owner: price_user
--

ALTER TABLE ONLY public."Model"
    ADD CONSTRAINT "Model_pkey" PRIMARY KEY (id);


--
-- Name: PartCategory PartCategory_pkey; Type: CONSTRAINT; Schema: public; Owner: price_user
--

ALTER TABLE ONLY public."PartCategory"
    ADD CONSTRAINT "PartCategory_pkey" PRIMARY KEY (id);


--
-- Name: Price Price_pkey; Type: CONSTRAINT; Schema: public; Owner: price_user
--

ALTER TABLE ONLY public."Price"
    ADD CONSTRAINT "Price_pkey" PRIMARY KEY (id);


--
-- Name: User User_pkey; Type: CONSTRAINT; Schema: public; Owner: price_user
--

ALTER TABLE ONLY public."User"
    ADD CONSTRAINT "User_pkey" PRIMARY KEY (id);


--
-- Name: Brand_name_key; Type: INDEX; Schema: public; Owner: price_user
--

CREATE UNIQUE INDEX "Brand_name_key" ON public."Brand" USING btree (name);


--
-- Name: DeviceType_name_key; Type: INDEX; Schema: public; Owner: price_user
--

CREATE UNIQUE INDEX "DeviceType_name_key" ON public."DeviceType" USING btree (name);


--
-- Name: Model_name_brandId_deviceTypeId_key; Type: INDEX; Schema: public; Owner: price_user
--

CREATE UNIQUE INDEX "Model_name_brandId_deviceTypeId_key" ON public."Model" USING btree (name, "brandId", "deviceTypeId");


--
-- Name: PartCategory_name_key; Type: INDEX; Schema: public; Owner: price_user
--

CREATE UNIQUE INDEX "PartCategory_name_key" ON public."PartCategory" USING btree (name);


--
-- Name: Price_modelId_partCategoryId_key; Type: INDEX; Schema: public; Owner: price_user
--

CREATE UNIQUE INDEX "Price_modelId_partCategoryId_key" ON public."Price" USING btree ("modelId", "partCategoryId");


--
-- Name: User_email_key; Type: INDEX; Schema: public; Owner: price_user
--

CREATE UNIQUE INDEX "User_email_key" ON public."User" USING btree (email);


--
-- Name: Model Model_brandId_fkey; Type: FK CONSTRAINT; Schema: public; Owner: price_user
--

ALTER TABLE ONLY public."Model"
    ADD CONSTRAINT "Model_brandId_fkey" FOREIGN KEY ("brandId") REFERENCES public."Brand"(id) ON UPDATE CASCADE ON DELETE RESTRICT;


--
-- Name: Model Model_deviceTypeId_fkey; Type: FK CONSTRAINT; Schema: public; Owner: price_user
--

ALTER TABLE ONLY public."Model"
    ADD CONSTRAINT "Model_deviceTypeId_fkey" FOREIGN KEY ("deviceTypeId") REFERENCES public."DeviceType"(id) ON UPDATE CASCADE ON DELETE RESTRICT;


--
-- Name: Price Price_modelId_fkey; Type: FK CONSTRAINT; Schema: public; Owner: price_user
--

ALTER TABLE ONLY public."Price"
    ADD CONSTRAINT "Price_modelId_fkey" FOREIGN KEY ("modelId") REFERENCES public."Model"(id) ON UPDATE CASCADE ON DELETE RESTRICT;


--
-- Name: Price Price_partCategoryId_fkey; Type: FK CONSTRAINT; Schema: public; Owner: price_user
--

ALTER TABLE ONLY public."Price"
    ADD CONSTRAINT "Price_partCategoryId_fkey" FOREIGN KEY ("partCategoryId") REFERENCES public."PartCategory"(id) ON UPDATE CASCADE ON DELETE RESTRICT;


--
-- Name: SCHEMA public; Type: ACL; Schema: -; Owner: pg_database_owner
--

GRANT ALL ON SCHEMA public TO price_user;


--
-- PostgreSQL database dump complete
--

\unrestrict cmPfic9Gc2pVrzhORQdrHxKZ4f72WlUVR6CoLcxUIsBeijhT9u9z8mc1RigiTeJ

